audit_category,row_index,label,tfidf_probability,tfidf_prediction,sbert_probability,sbert_prediction,albert_probability,albert_prediction,response_id,sentence_id,sentence,start,end,match_count,positive_annotators,total_annotators,response,questionID,questionTitle,questionText,topic,responder,confidence,mean_probability
high_confidence_true_positive,81,1,0.5096306686014486,1,0.813187600743261,1,0.8585789,1,11,2,"Unfortunately, you will probably just have to wait until he is released (or until you can visit him) to find out from him what is going on.",269,408,1,1,5,"I know it can be really tough when a loved one is in the hospital and you aren't being told what is going on.In general, both Federal and State confidentiality laws prohibit health care providers from giving out private information about patients to non-family members.Unfortunately, you will probably just have to wait until he is released (or until you can visit him) to find out from him what is going on.",questionID_886,My boyfriend is in the hospital. They won’t tell me what’s wrong and if or when he’s coming back,,legal-regulatory,human,0.35857890000000003,0.7271323897815698
high_confidence_true_positive,2358,1,0.5048727601025617,1,0.6883216784676428,1,0.84741974,1,312,4,"However, like you know, the marriage is the most important thing.",407,472,1,1,5,"It's hard to let go of the dreams you had regarding your wedding and engagement. This was something that you and most women think about for years, so it's understandable to be disappointed. But please be aware that it is rare that any wedding is perfect. You may envy your friends' weddings but more than likely they had a few mishaps of their own and/or it wasn't as perfect as they had planned it either. However, like you know, the marriage is the most important thing. How many women are envious that you are in a happy, stable relationship? I assure you that there are plenty. Try to live in the present considering that dwelling on the past can still not change how you were proposed to or how your wedding day transpired. Focus on what you can control NOW. Perhaps, you can plan an extravagant renewal of your vows or change the look of your ring?I would also be upfront with your husband and explain why you've been short lately. But after that, close that chapter and move on. It sounds like you have a wonderful companion and you certainly don't want to lose this due to a situation that is impossible to change.",questionID_707,How can I let go of my dream wedding?,"I have been with my husband for almost 7 years. We got engaged a little after 5 years of being together. I had always been clear that I wanted to get married and I sadly would drop hints about how i wanted him to propose. When he did propose it was during a random vacation that I had planned. I was happy but I couldn't help feeling disappointed too. I had told him numerous times before that I wanted him to do it in front of my friends and family. I know it sounds dumb to be upset but I couldn't help how I was feeling. We are now married but the wedding and ring were also far from what I wanted and it wasn't due to lack of funds. I know this is all material and the marriage is the most important thing but I cant help but get jealous and envious every time I see someone get a proposal or wedding that I had wanted. I cant help my anger because I know we only get one proposal and one wedding. What I wanted will never happen. I have been working on my feelings for the past year and half to get over it. I try to focus on our marriage but every time I see someone have the best proposals and weddings I get upset. I know it is selfish and I know its petty but I just can't control it. It's ruining our relationship because I constantly think about it. Plus, I get mad at him for small things because I am trying to hide the fact that I am so disappointed. Why can't I move on?",marriage,human,0.34741974,0.6802047261900682
high_confidence_true_positive,962,1,0.5114378774854998,1,0.5667538996226745,1,0.84505326,1,130,6,We seek to do the best we can with our knowledge cause it is a calling,529,599,2,2,5,"Each client brings their own style they like to a coaching or counseling relationship.  When I counseled and coached military I learned to relate to what style of coaching they seek.  Some were better at the Drill Sergeant style of coaching,  or a liberal style, integrative, humanistic, progressive, or conservative.  Some can be obsessed and try and cross the line.  When you are in the public eye it can be a bit much and you have to know what client is a good fit for your practice.  Some don't see you as human but we are.  We seek to do the best we can with our knowledge cause it is a calling and I am sure others will say on here that we have to have our go to place of healing also so we can be good for our clients.",questionID_939,Are some clients more difficult than others?,What are some difficulties that a counselor can encounter when dealing with a client?,counseling-fundamentals,human,0.34505326000000003,0.6410816790360582
high_confidence_true_positive,2361,1,0.5064095363897245,1,0.6008829675610564,1,0.844174,1,312,7,Try to live in the present considering that dwelling on the past can still not change how you were proposed to or how your wedding day transpired.,582,728,1,1,5,"It's hard to let go of the dreams you had regarding your wedding and engagement. This was something that you and most women think about for years, so it's understandable to be disappointed. But please be aware that it is rare that any wedding is perfect. You may envy your friends' weddings but more than likely they had a few mishaps of their own and/or it wasn't as perfect as they had planned it either. However, like you know, the marriage is the most important thing. How many women are envious that you are in a happy, stable relationship? I assure you that there are plenty. Try to live in the present considering that dwelling on the past can still not change how you were proposed to or how your wedding day transpired. Focus on what you can control NOW. Perhaps, you can plan an extravagant renewal of your vows or change the look of your ring?I would also be upfront with your husband and explain why you've been short lately. But after that, close that chapter and move on. It sounds like you have a wonderful companion and you certainly don't want to lose this due to a situation that is impossible to change.",questionID_707,How can I let go of my dream wedding?,"I have been with my husband for almost 7 years. We got engaged a little after 5 years of being together. I had always been clear that I wanted to get married and I sadly would drop hints about how i wanted him to propose. When he did propose it was during a random vacation that I had planned. I was happy but I couldn't help feeling disappointed too. I had told him numerous times before that I wanted him to do it in front of my friends and family. I know it sounds dumb to be upset but I couldn't help how I was feeling. We are now married but the wedding and ring were also far from what I wanted and it wasn't due to lack of funds. I know this is all material and the marriage is the most important thing but I cant help but get jealous and envious every time I see someone get a proposal or wedding that I had wanted. I cant help my anger because I know we only get one proposal and one wedding. What I wanted will never happen. I have been working on my feelings for the past year and half to get over it. I try to focus on our marriage but every time I see someone have the best proposals and weddings I get upset. I know it is selfish and I know its petty but I just can't control it. It's ruining our relationship because I constantly think about it. Plus, I get mad at him for small things because I am trying to hide the fact that I am so disappointed. Why can't I move on?",marriage,human,0.344174,0.6504888346502603
high_confidence_true_positive,1450,1,0.5102980413245796,1,0.8406418176030329,1,0.8348199,1,199,0,Here is the truth: You will never get her to understand!,0,56,3,3,5,Here is the truth: You will never get her to understand! because that would mean changing her and we can't change other people we can only change ourselves. I would recommend to take the time to self reflect on what exactly it is that you are doing that is contributing to the mixup. You both have very valid feelings and those won't magically go away until you address the root problem (which could be many factors). I am curious to know more about past relationships the both of you have had and how that plays a role in your current relationship. Many times we don't realize how past relationships truly impact our current behaviors.,questionID_391,Why do I feel like I'm always wrong in everything in my relationship?,"My wife is always accusing me of cheating and telling me that I'm doing things she finds disrespectful even when I don't mean it like that. For example, she gets offended when I call someone at work ""sweetheart."" I wish I had a penny for every time she accused me of cheating on her. She doesn't, and never will say she was wrong. How do I get her to understand?",workplace-relationships,human,0.3406418176030329,0.7285865863092041
high_confidence_true_positive,959,1,0.5006543292932876,1,0.722876225664306,1,0.8231595,1,130,3,Some can be obsessed and try and cross the line.,319,367,3,3,5,"Each client brings their own style they like to a coaching or counseling relationship.  When I counseled and coached military I learned to relate to what style of coaching they seek.  Some were better at the Drill Sergeant style of coaching,  or a liberal style, integrative, humanistic, progressive, or conservative.  Some can be obsessed and try and cross the line.  When you are in the public eye it can be a bit much and you have to know what client is a good fit for your practice.  Some don't see you as human but we are.  We seek to do the best we can with our knowledge cause it is a calling and I am sure others will say on here that we have to have our go to place of healing also so we can be good for our clients.",questionID_939,Are some clients more difficult than others?,What are some difficulties that a counselor can encounter when dealing with a client?,counseling-fundamentals,human,0.32315950000000004,0.6822300183191978
high_confidence_true_positive,1479,1,0.5067472126659861,1,0.613490805561226,1,0.81930596,1,203,2,Try and put them down and look at what is on paper.,168,219,1,1,5,Oh that is too bad not sure is it because of the one you are in therapy with or the counselor ?  What feelings are coming up and thoughts in your mind first to start.  Try and put them down and look at what is on paper.  If you need to maybe do a group first then individual then couple.,questionID_146,Is it normal to go into therapy feeling nervous?,I've gone to a couple therapy sessions so far and still everytime I walk in I get nervous and shaky. Is this normal? Should I still be feeling like this?,anxiety,human,0.31930596,0.6465146594090707
high_confidence_true_positive,278,1,0.5088158125320404,1,0.719779012851161,1,0.8131666,1,38,1,"When you feel confident in your own reasons for your conclusions, then obviously ask your daughter in law for some time together and tell her what you think and your reasons for opinions.",84,271,2,2,5,"Have you reached your own conclusions and reasons for these, regarding the topic?   When you feel confident in your own reasons for your conclusions, then obviously ask your daughter in law for some time together and tell her what you think and your reasons for opinions.Plan for this meeting according to the type of relationship you have with your daughter in law.Since your son will also be affected by the prenatal conditions of his child, he may also be interested in being part of this conversation.Also, during your discussion, find out the exact ways the morning sickness affects your daughter in law.It is possible that scheduling adjustments in routines can be made so your daughter has more time to rest or fewer responsibilities for a while until she feels better.Maybe you and other family members can lighten her daily routines so she has more time for herself to manage her morning sickness in a less risky way.Sending Good luck!",questionID_624,My daughter-in-law is smoking marijuana while pregnant,"My new daughter-in-law just informed me that she is smoking marijuana while pregnant because of her morning sickness. I’m in shock and I don’t know how to respond. I just lost my mom, and she was good with advice.",substance-abuse,human,0.31316659999999996,0.6805871417944006
high_confidence_true_positive,283,1,0.5045357258404033,1,0.5002487910307478,0,0.80880076,1,38,6,Maybe you and other family members can lighten her daily routines so she has more time for herself to manage her morning sickness in a less risky way.,776,926,1,1,5,"Have you reached your own conclusions and reasons for these, regarding the topic?   When you feel confident in your own reasons for your conclusions, then obviously ask your daughter in law for some time together and tell her what you think and your reasons for opinions.Plan for this meeting according to the type of relationship you have with your daughter in law.Since your son will also be affected by the prenatal conditions of his child, he may also be interested in being part of this conversation.Also, during your discussion, find out the exact ways the morning sickness affects your daughter in law.It is possible that scheduling adjustments in routines can be made so your daughter has more time to rest or fewer responsibilities for a while until she feels better.Maybe you and other family members can lighten her daily routines so she has more time for herself to manage her morning sickness in a less risky way.Sending Good luck!",questionID_624,My daughter-in-law is smoking marijuana while pregnant,"My new daughter-in-law just informed me that she is smoking marijuana while pregnant because of her morning sickness. I’m in shock and I don’t know how to respond. I just lost my mom, and she was good with advice.",substance-abuse,human,0.30880076,0.604528425623717
high_confidence_true_positive,1451,1,0.5070555406810872,1,0.7442307258885691,1,0.8072029,1,199,1,because that would mean changing her and we can't change other people we can only change ourselves.,57,156,1,1,5,Here is the truth: You will never get her to understand! because that would mean changing her and we can't change other people we can only change ourselves. I would recommend to take the time to self reflect on what exactly it is that you are doing that is contributing to the mixup. You both have very valid feelings and those won't magically go away until you address the root problem (which could be many factors). I am curious to know more about past relationships the both of you have had and how that plays a role in your current relationship. Many times we don't realize how past relationships truly impact our current behaviors.,questionID_391,Why do I feel like I'm always wrong in everything in my relationship?,"My wife is always accusing me of cheating and telling me that I'm doing things she finds disrespectful even when I don't mean it like that. For example, she gets offended when I call someone at work ""sweetheart."" I wish I had a penny for every time she accused me of cheating on her. She doesn't, and never will say she was wrong. How do I get her to understand?",workplace-relationships,human,0.30720289999999995,0.6861630555232187
high_confidence_true_positive,1834,1,0.5000110095030427,1,0.283474903189595,0,0.806334,1,247,1,I have a stack of kleenex boxes in my office.,38,83,2,2,5,"Oh, crying in therapy is very normal! I have a stack of kleenex boxes in my office. Cry away, therapist are very used to it:) First time being in therapy is scary, but you'll soon know if you are a good match.",questionID_144,Is it normal to cry during therapy?,"I start counseling/therapy in a few days (I'm freaking out) but my main fear is that I'll cry and embarrass myself, is it something to worry about?",anxiety,human,0.306334,0.529939970897546
high_confidence_true_positive,408,1,0.5065068507364497,1,0.6596354838242294,1,0.7976065,1,54,0,I would recommend removing yourself from the environment you are in after you have finished eating.,0,99,2,2,5,"I would recommend removing yourself from the environment you are in after you have finished eating. A simple walk around the block, calling up a friend and going to visit, or even going to another room in the house can help. If you find that you truly have no self control over food, I recommend attending Overeaters Anonymous; a 12 step group for those with compulsive issues related to food. I hope this helps.",questionID_714,How can I train myself to stop eating when I'm full?,"I have no self control over food. Most people stop when they've had enough, but I keep eating for the pleasure of it. Especially with sweets - I'm never done eating dessert.",eating-disorders,human,0.2976065,0.6545829448535597
high_confidence_true_positive,1931,1,0.5025717245591681,1,0.482025367893497,0,0.7826558,1,261,0,"There are some struggles that are less ""obvious"" than others, an eating disorder being one of them.",0,99,2,2,5,"There are some struggles that are less ""obvious"" than others, an eating disorder being one of them. From just your personal experience alone you might realize how easy it may seem to keep such a secret from those around you. In the same way, there are many people who struggle secretly with this problem and not many people know or even notice. So you are definitely not alone. Low self-esteem or lack of confidence in some areas are issues that EVERY teen, in fact EVERY person, has experienced at some point. These feelings are ""normal."" It sounds, though, as if these feelings of insecurity and inadequacy have begun to consume your every day thoughts and behaviors bringing you to where you are today - comparing yourself to others, purging, and feeling extreme guilt. Sometimes it's best if we seek outside help, instead of trying to tackle problems on our own. Breaking habits that come along with an eating disorder really requires the help of a doctor, nutritionist, and a therapist who can help change your perspective from the inside out! Hope this helps!",questionID_346,"I feel like I'm this dumb fat girl that no one likes, and everything is my fault. Are these normal teenage girl feelings?","Everyone around me is much smarter and flaunts it. Everyone around me is skinny, and here I am trying to throw up so I'm not fat. Everything I do is wrong, and I can't seem to do anything right! No one else at school seems to feel the way I do! Is this normal teenage girls feelings? I don't think these feelings are normal.",self-esteem,human,0.2826558,0.5890842974842218
high_confidence_true_positive,583,1,0.506960680385171,1,0.5371336012622273,0,0.770763,1,80,4,"In a situiaon like this, it would probably be a good idea to talk to the therapist about the possilbe positvies and negatives of the treatmetn center.",464,614,1,1,5,"Typically, a therapist cannot force a client to receive any treatment they do not want.  In the end, it is the clients who get to decide what type of treatment they want.If a therapist believes that their client is in imminent danger of harm however, the therapist might have an obligation to take actions to protect their client.  In such a case, the therapist would need to discuss the options with the client, and come up with a plan to best protect the client.In a situiaon like this, it would probably be a good idea to talk to the therapist about the possilbe positvies and negatives of the treatmetn center.  A good therpist will be happy to have that conversation with you and allow you to make the final decisions about your own treatment.",questionID_708,Can a therapist have a client admitted to an eating disorder treatment center if the client does not want to go?,,eating-disorders,human,0.270763,0.6049524272157994
high_confidence_true_positive,1933,1,0.5014533580737152,1,0.6753738648969232,1,0.76937044,1,261,2,"In the same way, there are many people who struggle secretly with this problem and not many people know or even notice.",225,344,1,1,5,"There are some struggles that are less ""obvious"" than others, an eating disorder being one of them. From just your personal experience alone you might realize how easy it may seem to keep such a secret from those around you. In the same way, there are many people who struggle secretly with this problem and not many people know or even notice. So you are definitely not alone. Low self-esteem or lack of confidence in some areas are issues that EVERY teen, in fact EVERY person, has experienced at some point. These feelings are ""normal."" It sounds, though, as if these feelings of insecurity and inadequacy have begun to consume your every day thoughts and behaviors bringing you to where you are today - comparing yourself to others, purging, and feeling extreme guilt. Sometimes it's best if we seek outside help, instead of trying to tackle problems on our own. Breaking habits that come along with an eating disorder really requires the help of a doctor, nutritionist, and a therapist who can help change your perspective from the inside out! Hope this helps!",questionID_346,"I feel like I'm this dumb fat girl that no one likes, and everything is my fault. Are these normal teenage girl feelings?","Everyone around me is much smarter and flaunts it. Everyone around me is skinny, and here I am trying to throw up so I'm not fat. Everything I do is wrong, and I can't seem to do anything right! No one else at school seems to feel the way I do! Is this normal teenage girls feelings? I don't think these feelings are normal.",self-esteem,human,0.26937044,0.648732554323546
high_confidence_true_positive,958,1,0.506930493461751,1,0.5360853570024556,0,0.76104987,1,130,2,"Some were better at the Drill Sergeant style of coaching,  or a liberal style, integrative, humanistic, progressive, or conservative.",184,317,2,2,5,"Each client brings their own style they like to a coaching or counseling relationship.  When I counseled and coached military I learned to relate to what style of coaching they seek.  Some were better at the Drill Sergeant style of coaching,  or a liberal style, integrative, humanistic, progressive, or conservative.  Some can be obsessed and try and cross the line.  When you are in the public eye it can be a bit much and you have to know what client is a good fit for your practice.  Some don't see you as human but we are.  We seek to do the best we can with our knowledge cause it is a calling and I am sure others will say on here that we have to have our go to place of healing also so we can be good for our clients.",questionID_939,Are some clients more difficult than others?,What are some difficulties that a counselor can encounter when dealing with a client?,counseling-fundamentals,human,0.26104987,0.6013552401547355
high_confidence_true_positive,961,1,0.510225379659683,1,0.70325402324945,1,0.7572873,1,130,5,Some don't see you as human but we are.,488,527,2,2,5,"Each client brings their own style they like to a coaching or counseling relationship.  When I counseled and coached military I learned to relate to what style of coaching they seek.  Some were better at the Drill Sergeant style of coaching,  or a liberal style, integrative, humanistic, progressive, or conservative.  Some can be obsessed and try and cross the line.  When you are in the public eye it can be a bit much and you have to know what client is a good fit for your practice.  Some don't see you as human but we are.  We seek to do the best we can with our knowledge cause it is a calling and I am sure others will say on here that we have to have our go to place of healing also so we can be good for our clients.",questionID_939,Are some clients more difficult than others?,What are some difficulties that a counselor can encounter when dealing with a client?,counseling-fundamentals,human,0.2572873,0.6569222343030443
high_confidence_true_positive,2576,1,0.5078962227879311,1,0.7559251083290117,1,0.32025638,0,335,8,Good luck in finding your relationship happiness!,1014,1063,1,1,5,"I'm sorry for the stress and unhappiness stemming the problem you describe.Trust your instinct that there is more complexity to feeling good about being in a partnership than simply wanting this to happen.In any relationship, the complexities of each person combine.   Often people accept when this feels good and are lost as to what to do when natural human complexity, doesn't match up with our partner in the way we'd like.A couples' therapist would be able to help each of you talk about the factors motivating the cheating, as well as clarify the reasons you each have for continuing to stay together. The unique advantage of couple's therapy is that each person is able to hear their partner talk out loud about themselves and their partner.This is sometimes enormously helpful since our inner thoughts are often hidden yet very dominant in how we direct ourselves in relationships.Sometimes the initial consult session offers enough new understanding that a second session wouldn't be necessary for a while.Good luck in finding your relationship happiness!",questionID_732,My fiancé cheated. How can we mend our relationship?,"I'm in a relationship with my fiancé and I currently found out that she's been cheating on me with a co-worker. I was very upset none the less. I understand what she did was wrong, but I want to spend the rest of my life with her. So I'm willing to forgive and move on. We have been together for a little over 9 years, and we have a son. At the beginning of our relationship, I was unfaithful and she caught me cheating. She forgave me for what I've done to her and since then I been completely faithful. I'm worried about our relationship and want to move forward but its been very unsettling. All I can think about is her with another man. I don't know what to do or where to go for advice?",relationships,human,0.2559251083290117,0.5280259037056476
high_confidence_true_positive,2360,1,0.5011900876883094,1,0.4592917193663723,0,0.75253266,1,312,6,I assure you that there are plenty.,546,581,3,3,5,"It's hard to let go of the dreams you had regarding your wedding and engagement. This was something that you and most women think about for years, so it's understandable to be disappointed. But please be aware that it is rare that any wedding is perfect. You may envy your friends' weddings but more than likely they had a few mishaps of their own and/or it wasn't as perfect as they had planned it either. However, like you know, the marriage is the most important thing. How many women are envious that you are in a happy, stable relationship? I assure you that there are plenty. Try to live in the present considering that dwelling on the past can still not change how you were proposed to or how your wedding day transpired. Focus on what you can control NOW. Perhaps, you can plan an extravagant renewal of your vows or change the look of your ring?I would also be upfront with your husband and explain why you've been short lately. But after that, close that chapter and move on. It sounds like you have a wonderful companion and you certainly don't want to lose this due to a situation that is impossible to change.",questionID_707,How can I let go of my dream wedding?,"I have been with my husband for almost 7 years. We got engaged a little after 5 years of being together. I had always been clear that I wanted to get married and I sadly would drop hints about how i wanted him to propose. When he did propose it was during a random vacation that I had planned. I was happy but I couldn't help feeling disappointed too. I had told him numerous times before that I wanted him to do it in front of my friends and family. I know it sounds dumb to be upset but I couldn't help how I was feeling. We are now married but the wedding and ring were also far from what I wanted and it wasn't due to lack of funds. I know this is all material and the marriage is the most important thing but I cant help but get jealous and envious every time I see someone get a proposal or wedding that I had wanted. I cant help my anger because I know we only get one proposal and one wedding. What I wanted will never happen. I have been working on my feelings for the past year and half to get over it. I try to focus on our marriage but every time I see someone have the best proposals and weddings I get upset. I know it is selfish and I know its petty but I just can't control it. It's ruining our relationship because I constantly think about it. Plus, I get mad at him for small things because I am trying to hide the fact that I am so disappointed. Why can't I move on?",marriage,human,0.25253265999999996,0.5710048223515606
high_confidence_true_positive,580,1,0.5058383778079989,1,0.4547750053013177,0,0.74703145,1,80,1,"In the end, it is the clients who get to decide what type of treatment they want.",89,170,1,1,5,"Typically, a therapist cannot force a client to receive any treatment they do not want.  In the end, it is the clients who get to decide what type of treatment they want.If a therapist believes that their client is in imminent danger of harm however, the therapist might have an obligation to take actions to protect their client.  In such a case, the therapist would need to discuss the options with the client, and come up with a plan to best protect the client.In a situiaon like this, it would probably be a good idea to talk to the therapist about the possilbe positvies and negatives of the treatmetn center.  A good therpist will be happy to have that conversation with you and allow you to make the final decisions about your own treatment.",questionID_708,Can a therapist have a client admitted to an eating disorder treatment center if the client does not want to go?,,eating-disorders,human,0.24703145000000004,0.5692149443697723
high_confidence_true_positive,960,1,0.5060544200381625,1,0.4646811536842396,0,0.7444223,1,130,4,When you are in the public eye it can be a bit much and you have to know what client is a good fit for your practice.,369,486,2,2,5,"Each client brings their own style they like to a coaching or counseling relationship.  When I counseled and coached military I learned to relate to what style of coaching they seek.  Some were better at the Drill Sergeant style of coaching,  or a liberal style, integrative, humanistic, progressive, or conservative.  Some can be obsessed and try and cross the line.  When you are in the public eye it can be a bit much and you have to know what client is a good fit for your practice.  Some don't see you as human but we are.  We seek to do the best we can with our knowledge cause it is a calling and I am sure others will say on here that we have to have our go to place of healing also so we can be good for our clients.",questionID_939,Are some clients more difficult than others?,What are some difficulties that a counselor can encounter when dealing with a client?,counseling-fundamentals,human,0.24442229999999998,0.5717192912408007
high_confidence_true_positive,1478,1,0.5012513428033041,1,0.4843902790021714,0,0.7414414,1,203,1,What feelings are coming up and thoughts in your mind first to start.,97,166,1,1,5,Oh that is too bad not sure is it because of the one you are in therapy with or the counselor ?  What feelings are coming up and thoughts in your mind first to start.  Try and put them down and look at what is on paper.  If you need to maybe do a group first then individual then couple.,questionID_146,Is it normal to go into therapy feeling nervous?,I've gone to a couple therapy sessions so far and still everytime I walk in I get nervous and shaky. Is this normal? Should I still be feeling like this?,anxiety,human,0.24144140000000003,0.5756943406018252
high_confidence_true_positive,2560,1,0.5022068195046194,1,0.4300128065064614,0,0.73929083,1,333,8,"To overcome the unsettling thoughts, try to focus on the present moment and the future you want to build together.",812,926,1,1,5,"I'm so sorry to hear about the pain and betrayal you're experiencing. Given your history and desire to move forward, it's essential to approach this situation with care and honesty. First, acknowledge that forgiveness is a process, and it may take time for both of you to heal. Consider couples therapy to work through your feelings and rebuild trust. It's crucial to have open and honest conversations about what happened, why it happened, and how you both can work together to prevent it in the future.

Reflect on your past infidelity and how your fiancé forgave you. Recognize that her cheating may be a symptom of deeper issues in your relationship, and it's essential to address these underlying problems. Make sure you're both on the same page regarding your commitment to the relationship and your son.

To overcome the unsettling thoughts, try to focus on the present moment and the future you want to build together. Practice self-care, engage in activities that bring you joy, and prioritize quality time with your fiancé and son. Rebuilding trust will require effort, patience, and understanding from both parties.

Remember that healing is not about forgetting or condoning the infidelity but about working together to create a stronger, more resilient relationship. It's okay to seek help, and don't be afraid to reach out to a therapist or counselor who can provide guidance and support throughout this challenging time.",questionID_732,My fiancé cheated. How can we mend our relationship?,"I'm in a relationship with my fiancé and I currently found out that she's been cheating on me with a co-worker. I was very upset none the less. I understand what she did was wrong, but I want to spend the rest of my life with her. So I'm willing to forgive and move on. We have been together for a little over 9 years, and we have a son. At the beginning of our relationship, I was unfaithful and she caught me cheating. She forgave me for what I've done to her and since then I been completely faithful. I'm worried about our relationship and want to move forward but its been very unsettling. All I can think about is her with another man. I don't know what to do or where to go for advice?",relationships,llama3,0.23929082999999995,0.5571701520036937
high_confidence_true_positive,1833,1,0.5027768014164429,1,0.4129992286451531,0,0.73395103,1,247,0,"Oh, crying in therapy is very normal!",0,37,2,2,5,"Oh, crying in therapy is very normal! I have a stack of kleenex boxes in my office. Cry away, therapist are very used to it:) First time being in therapy is scary, but you'll soon know if you are a good match.",questionID_144,Is it normal to cry during therapy?,"I start counseling/therapy in a few days (I'm freaking out) but my main fear is that I'll cry and embarrass myself, is it something to worry about?",anxiety,human,0.23395102999999995,0.549909020020532
high_confidence_true_positive,1477,1,0.5102503862808195,1,0.6694048992330695,1,0.7280397,1,203,0,Oh that is too bad not sure is it because of the one you are in therapy with or the counselor ?,0,95,3,3,5,Oh that is too bad not sure is it because of the one you are in therapy with or the counselor ?  What feelings are coming up and thoughts in your mind first to start.  Try and put them down and look at what is on paper.  If you need to maybe do a group first then individual then couple.,questionID_146,Is it normal to go into therapy feeling nervous?,I've gone to a couple therapy sessions so far and still everytime I walk in I get nervous and shaky. Is this normal? Should I still be feeling like this?,anxiety,human,0.22803969999999996,0.6358983285046297
high_confidence_true_positive,584,1,0.5059113681523485,1,0.4473000985343575,0,0.7262679,1,80,5,A good therpist will be happy to have that conversation with you and allow you to make the final decisions about your own treatment.,616,748,1,1,5,"Typically, a therapist cannot force a client to receive any treatment they do not want.  In the end, it is the clients who get to decide what type of treatment they want.If a therapist believes that their client is in imminent danger of harm however, the therapist might have an obligation to take actions to protect their client.  In such a case, the therapist would need to discuss the options with the client, and come up with a plan to best protect the client.In a situiaon like this, it would probably be a good idea to talk to the therapist about the possilbe positvies and negatives of the treatmetn center.  A good therpist will be happy to have that conversation with you and allow you to make the final decisions about your own treatment.",questionID_708,Can a therapist have a client admitted to an eating disorder treatment center if the client does not want to go?,,eating-disorders,human,0.22626789999999997,0.5598264555622353
high_confidence_true_positive,1915,1,0.5030817396103197,1,0.5241988186262309,0,0.7253444,1,259,3,"However, the intensity of your feelings and the behaviors you're considering, such as throwing up to lose weight, are not normal or healthy.",302,442,2,2,5,"I'm so glad you reached out for support. What you're describing are common struggles that many teenage girls face, but that doesn't mean they're normal or healthy. It's understandable to feel insecure or compare yourself to others, especially during adolescence when you're figuring out your identity. However, the intensity of your feelings and the behaviors you're considering, such as throwing up to lose weight, are not normal or healthy.

It's essential to recognize that everyone has their unique strengths, weaknesses, and struggles, regardless of their appearance or intellect. The idea that everyone around you is smarter, skinnier, or more capable is likely an exaggerated perception. People often present a curated version of themselves, hiding their flaws and insecurities.

Your feelings of self-doubt, low self-esteem, and inadequacy are not uncommon, but they can be overwhelming and damaging if left unaddressed. It's crucial to talk to someone you trust, such as a parent, teacher, school counselor, or mental health professional, about how you're feeling. They can help you develop coping strategies, work through your emotions, and provide support and guidance.

Remember, you are not alone, and your feelings are valid. It takes courage to acknowledge and share your struggles, and I'm proud of you for taking this first step. Please consider reaching out to a trusted adult or a helpline, such as the National Eating Disorders Association (NEDA) Helpline (1-800-931-2237) or the Crisis Text Line (text ""HOME"" to 741741), for immediate support. You deserve to feel seen, heard, and supported.",questionID_346,"I feel like I'm this dumb fat girl that no one likes, and everything is my fault. Are these normal teenage girl feelings?","Everyone around me is much smarter and flaunts it. Everyone around me is skinny, and here I am trying to throw up so I'm not fat. Everything I do is wrong, and I can't seem to do anything right! No one else at school seems to feel the way I do! Is this normal teenage girls feelings? I don't think these feelings are normal.",self-esteem,llama3,0.2253444,0.5842083194121835
high_confidence_true_positive,502,1,0.5011912511815004,1,0.3451018476573096,0,0.7252212,1,68,0,"Hello, There are many ways to approach a counselor and starting the process, however they all start with picking up the phone.",0,126,2,2,5,"Hello, There are many ways to approach a counselor and starting the process, however they all start with picking up the phone.  It's most definitely an uncomfortable feeling, but once that first step is taken it is often met with a wave of relief. My recommendation is always to call and speak with a therapist over the phone before scheduling an appointment. Listening to how they converse, use their tone and inflection, may give you a brief insight to how they will respond to you and increase your comfort right away. You may also discover, rather quickly, that this therapist is not the right match for you.Regardless of how you go about it, I like to remind all people who call, email, text or walk-in, therapists are a bit like pizzas - if you don't like the toppings, send it back! There are hundreds of therapists offering all kinds of styles of therapy - take the time to pick one that suits you.",questionID_936,How does someone approach a counselor?,How does a person start the counseling process?,counseling-fundamentals,human,0.2252212,0.5238380996129367
high_confidence_true_positive,503,1,0.5027822545373895,1,0.3226553205411054,0,0.72165185,1,68,1,"It's most definitely an uncomfortable feeling, but once that first step is taken it is often met with a wave of relief.",128,247,3,3,5,"Hello, There are many ways to approach a counselor and starting the process, however they all start with picking up the phone.  It's most definitely an uncomfortable feeling, but once that first step is taken it is often met with a wave of relief. My recommendation is always to call and speak with a therapist over the phone before scheduling an appointment. Listening to how they converse, use their tone and inflection, may give you a brief insight to how they will respond to you and increase your comfort right away. You may also discover, rather quickly, that this therapist is not the right match for you.Regardless of how you go about it, I like to remind all people who call, email, text or walk-in, therapists are a bit like pizzas - if you don't like the toppings, send it back! There are hundreds of therapists offering all kinds of styles of therapy - take the time to pick one that suits you.",questionID_936,How does someone approach a counselor?,How does a person start the counseling process?,counseling-fundamentals,human,0.22165184999999998,0.5156964750261649
high_confidence_true_positive,277,1,0.5025374250854331,1,0.6840035506256152,1,0.28009352,0,38,0,"Have you reached your own conclusions and reasons for these, regarding the topic?",0,81,1,1,5,"Have you reached your own conclusions and reasons for these, regarding the topic?   When you feel confident in your own reasons for your conclusions, then obviously ask your daughter in law for some time together and tell her what you think and your reasons for opinions.Plan for this meeting according to the type of relationship you have with your daughter in law.Since your son will also be affected by the prenatal conditions of his child, he may also be interested in being part of this conversation.Also, during your discussion, find out the exact ways the morning sickness affects your daughter in law.It is possible that scheduling adjustments in routines can be made so your daughter has more time to rest or fewer responsibilities for a while until she feels better.Maybe you and other family members can lighten her daily routines so she has more time for herself to manage her morning sickness in a less risky way.Sending Good luck!",questionID_624,My daughter-in-law is smoking marijuana while pregnant,"My new daughter-in-law just informed me that she is smoking marijuana while pregnant because of her morning sickness. I’m in shock and I don’t know how to respond. I just lost my mom, and she was good with advice.",substance-abuse,human,0.21990648000000002,0.48887816523701605
high_confidence_true_positive,2359,1,0.5060052579579422,1,0.6880625197935137,1,0.7169205,1,312,5,"How many women are envious that you are in a happy, stable relationship?",473,545,3,3,5,"It's hard to let go of the dreams you had regarding your wedding and engagement. This was something that you and most women think about for years, so it's understandable to be disappointed. But please be aware that it is rare that any wedding is perfect. You may envy your friends' weddings but more than likely they had a few mishaps of their own and/or it wasn't as perfect as they had planned it either. However, like you know, the marriage is the most important thing. How many women are envious that you are in a happy, stable relationship? I assure you that there are plenty. Try to live in the present considering that dwelling on the past can still not change how you were proposed to or how your wedding day transpired. Focus on what you can control NOW. Perhaps, you can plan an extravagant renewal of your vows or change the look of your ring?I would also be upfront with your husband and explain why you've been short lately. But after that, close that chapter and move on. It sounds like you have a wonderful companion and you certainly don't want to lose this due to a situation that is impossible to change.",questionID_707,How can I let go of my dream wedding?,"I have been with my husband for almost 7 years. We got engaged a little after 5 years of being together. I had always been clear that I wanted to get married and I sadly would drop hints about how i wanted him to propose. When he did propose it was during a random vacation that I had planned. I was happy but I couldn't help feeling disappointed too. I had told him numerous times before that I wanted him to do it in front of my friends and family. I know it sounds dumb to be upset but I couldn't help how I was feeling. We are now married but the wedding and ring were also far from what I wanted and it wasn't due to lack of funds. I know this is all material and the marriage is the most important thing but I cant help but get jealous and envious every time I see someone get a proposal or wedding that I had wanted. I cant help my anger because I know we only get one proposal and one wedding. What I wanted will never happen. I have been working on my feelings for the past year and half to get over it. I try to focus on our marriage but every time I see someone have the best proposals and weddings I get upset. I know it is selfish and I know its petty but I just can't control it. It's ruining our relationship because I constantly think about it. Plus, I get mad at him for small things because I am trying to hide the fact that I am so disappointed. Why can't I move on?",marriage,human,0.21692049999999996,0.6369960925838186
high_confidence_true_positive,504,1,0.5018406295271214,1,0.2903297751062459,0,0.47852248,0,68,2,My recommendation is always to call and speak with a therapist over the phone before scheduling an appointment.,248,359,2,2,5,"Hello, There are many ways to approach a counselor and starting the process, however they all start with picking up the phone.  It's most definitely an uncomfortable feeling, but once that first step is taken it is often met with a wave of relief. My recommendation is always to call and speak with a therapist over the phone before scheduling an appointment. Listening to how they converse, use their tone and inflection, may give you a brief insight to how they will respond to you and increase your comfort right away. You may also discover, rather quickly, that this therapist is not the right match for you.Regardless of how you go about it, I like to remind all people who call, email, text or walk-in, therapists are a bit like pizzas - if you don't like the toppings, send it back! There are hundreds of therapists offering all kinds of styles of therapy - take the time to pick one that suits you.",questionID_936,How does someone approach a counselor?,How does a person start the counseling process?,counseling-fundamentals,human,0.2096702248937541,0.4235642948777891
high_confidence_true_positive,1452,1,0.5075518381143402,1,0.5436497160880801,0,0.7054999,1,199,2,I would recommend to take the time to self reflect on what exactly it is that you are doing that is contributing to the mixup.,157,283,2,2,5,Here is the truth: You will never get her to understand! because that would mean changing her and we can't change other people we can only change ourselves. I would recommend to take the time to self reflect on what exactly it is that you are doing that is contributing to the mixup. You both have very valid feelings and those won't magically go away until you address the root problem (which could be many factors). I am curious to know more about past relationships the both of you have had and how that plays a role in your current relationship. Many times we don't realize how past relationships truly impact our current behaviors.,questionID_391,Why do I feel like I'm always wrong in everything in my relationship?,"My wife is always accusing me of cheating and telling me that I'm doing things she finds disrespectful even when I don't mean it like that. For example, she gets offended when I call someone at work ""sweetheart."" I wish I had a penny for every time she accused me of cheating on her. She doesn't, and never will say she was wrong. How do I get her to understand?",workplace-relationships,human,0.20549989999999996,0.5855671514008067
high_confidence_true_positive,2362,1,0.5054829620070754,1,0.6655725675292198,1,0.6865321,1,312,8,Focus on what you can control NOW.,729,763,2,2,5,"It's hard to let go of the dreams you had regarding your wedding and engagement. This was something that you and most women think about for years, so it's understandable to be disappointed. But please be aware that it is rare that any wedding is perfect. You may envy your friends' weddings but more than likely they had a few mishaps of their own and/or it wasn't as perfect as they had planned it either. However, like you know, the marriage is the most important thing. How many women are envious that you are in a happy, stable relationship? I assure you that there are plenty. Try to live in the present considering that dwelling on the past can still not change how you were proposed to or how your wedding day transpired. Focus on what you can control NOW. Perhaps, you can plan an extravagant renewal of your vows or change the look of your ring?I would also be upfront with your husband and explain why you've been short lately. But after that, close that chapter and move on. It sounds like you have a wonderful companion and you certainly don't want to lose this due to a situation that is impossible to change.",questionID_707,How can I let go of my dream wedding?,"I have been with my husband for almost 7 years. We got engaged a little after 5 years of being together. I had always been clear that I wanted to get married and I sadly would drop hints about how i wanted him to propose. When he did propose it was during a random vacation that I had planned. I was happy but I couldn't help feeling disappointed too. I had told him numerous times before that I wanted him to do it in front of my friends and family. I know it sounds dumb to be upset but I couldn't help how I was feeling. We are now married but the wedding and ring were also far from what I wanted and it wasn't due to lack of funds. I know this is all material and the marriage is the most important thing but I cant help but get jealous and envious every time I see someone get a proposal or wedding that I had wanted. I cant help my anger because I know we only get one proposal and one wedding. What I wanted will never happen. I have been working on my feelings for the past year and half to get over it. I try to focus on our marriage but every time I see someone have the best proposals and weddings I get upset. I know it is selfish and I know its petty but I just can't control it. It's ruining our relationship because I constantly think about it. Plus, I get mad at him for small things because I am trying to hide the fact that I am so disappointed. Why can't I move on?",marriage,human,0.18653209999999998,0.6191958765120984
high_confidence_true_positive,2563,1,0.5036583015002533,1,0.4461593659458528,0,0.31527323,0,333,11,"Remember that healing is not about forgetting or condoning the infidelity but about working together to create a stronger, more resilient relationship.",1128,1279,1,1,5,"I'm so sorry to hear about the pain and betrayal you're experiencing. Given your history and desire to move forward, it's essential to approach this situation with care and honesty. First, acknowledge that forgiveness is a process, and it may take time for both of you to heal. Consider couples therapy to work through your feelings and rebuild trust. It's crucial to have open and honest conversations about what happened, why it happened, and how you both can work together to prevent it in the future.

Reflect on your past infidelity and how your fiancé forgave you. Recognize that her cheating may be a symptom of deeper issues in your relationship, and it's essential to address these underlying problems. Make sure you're both on the same page regarding your commitment to the relationship and your son.

To overcome the unsettling thoughts, try to focus on the present moment and the future you want to build together. Practice self-care, engage in activities that bring you joy, and prioritize quality time with your fiancé and son. Rebuilding trust will require effort, patience, and understanding from both parties.

Remember that healing is not about forgetting or condoning the infidelity but about working together to create a stronger, more resilient relationship. It's okay to seek help, and don't be afraid to reach out to a therapist or counselor who can provide guidance and support throughout this challenging time.",questionID_732,My fiancé cheated. How can we mend our relationship?,"I'm in a relationship with my fiancé and I currently found out that she's been cheating on me with a co-worker. I was very upset none the less. I understand what she did was wrong, but I want to spend the rest of my life with her. So I'm willing to forgive and move on. We have been together for a little over 9 years, and we have a son. At the beginning of our relationship, I was unfaithful and she caught me cheating. She forgave me for what I've done to her and since then I been completely faithful. I'm worried about our relationship and want to move forward but its been very unsettling. All I can think about is her with another man. I don't know what to do or where to go for advice?",relationships,llama3,0.18472676999999998,0.4216969658153687
high_confidence_true_positive,284,1,0.5067605862447478,1,0.6174445782598045,1,0.6846195,1,38,7,Sending Good luck!,926,944,1,1,5,"Have you reached your own conclusions and reasons for these, regarding the topic?   When you feel confident in your own reasons for your conclusions, then obviously ask your daughter in law for some time together and tell her what you think and your reasons for opinions.Plan for this meeting according to the type of relationship you have with your daughter in law.Since your son will also be affected by the prenatal conditions of his child, he may also be interested in being part of this conversation.Also, during your discussion, find out the exact ways the morning sickness affects your daughter in law.It is possible that scheduling adjustments in routines can be made so your daughter has more time to rest or fewer responsibilities for a while until she feels better.Maybe you and other family members can lighten her daily routines so she has more time for herself to manage her morning sickness in a less risky way.Sending Good luck!",questionID_624,My daughter-in-law is smoking marijuana while pregnant,"My new daughter-in-law just informed me that she is smoking marijuana while pregnant because of her morning sickness. I’m in shock and I don’t know how to respond. I just lost my mom, and she was good with advice.",substance-abuse,human,0.18461950000000005,0.6029415548348508
high_confidence_true_positive,507,1,0.503699815777978,1,0.5264451146405003,0,0.6827156,1,68,5,"Regardless of how you go about it, I like to remind all people who call, email, text or walk-in, therapists are a bit like pizzas - if you don't like the toppings, send it back!",612,789,2,2,5,"Hello, There are many ways to approach a counselor and starting the process, however they all start with picking up the phone.  It's most definitely an uncomfortable feeling, but once that first step is taken it is often met with a wave of relief. My recommendation is always to call and speak with a therapist over the phone before scheduling an appointment. Listening to how they converse, use their tone and inflection, may give you a brief insight to how they will respond to you and increase your comfort right away. You may also discover, rather quickly, that this therapist is not the right match for you.Regardless of how you go about it, I like to remind all people who call, email, text or walk-in, therapists are a bit like pizzas - if you don't like the toppings, send it back! There are hundreds of therapists offering all kinds of styles of therapy - take the time to pick one that suits you.",questionID_936,How does someone approach a counselor?,How does a person start the counseling process?,counseling-fundamentals,human,0.18271559999999998,0.5709535101394927
high_confidence_true_positive,1836,1,0.5107708023383717,1,0.4338628459797502,0,0.6821489,1,247,3,"First time being in therapy is scary, but you'll soon know if you are a good match.",126,209,1,1,5,"Oh, crying in therapy is very normal! I have a stack of kleenex boxes in my office. Cry away, therapist are very used to it:) First time being in therapy is scary, but you'll soon know if you are a good match.",questionID_144,Is it normal to cry during therapy?,"I start counseling/therapy in a few days (I'm freaking out) but my main fear is that I'll cry and embarrass myself, is it something to worry about?",anxiety,human,0.18214889999999995,0.542260849439374
high_confidence_true_positive,1453,1,0.5016894332388603,1,0.6008508855923832,1,0.67566115,1,199,3,You both have very valid feelings and those won't magically go away until you address the root problem (which could be many factors).,284,417,1,1,5,Here is the truth: You will never get her to understand! because that would mean changing her and we can't change other people we can only change ourselves. I would recommend to take the time to self reflect on what exactly it is that you are doing that is contributing to the mixup. You both have very valid feelings and those won't magically go away until you address the root problem (which could be many factors). I am curious to know more about past relationships the both of you have had and how that plays a role in your current relationship. Many times we don't realize how past relationships truly impact our current behaviors.,questionID_391,Why do I feel like I'm always wrong in everything in my relationship?,"My wife is always accusing me of cheating and telling me that I'm doing things she finds disrespectful even when I don't mean it like that. For example, she gets offended when I call someone at work ""sweetheart."" I wish I had a penny for every time she accused me of cheating on her. She doesn't, and never will say she was wrong. How do I get her to understand?",workplace-relationships,human,0.17566115000000004,0.5927338229437479
high_confidence_true_positive,2559,1,0.5016682150338309,1,0.605116551377236,1,0.32721546,0,333,7,Make sure you're both on the same page regarding your commitment to the relationship and your son.,712,810,1,1,5,"I'm so sorry to hear about the pain and betrayal you're experiencing. Given your history and desire to move forward, it's essential to approach this situation with care and honesty. First, acknowledge that forgiveness is a process, and it may take time for both of you to heal. Consider couples therapy to work through your feelings and rebuild trust. It's crucial to have open and honest conversations about what happened, why it happened, and how you both can work together to prevent it in the future.

Reflect on your past infidelity and how your fiancé forgave you. Recognize that her cheating may be a symptom of deeper issues in your relationship, and it's essential to address these underlying problems. Make sure you're both on the same page regarding your commitment to the relationship and your son.

To overcome the unsettling thoughts, try to focus on the present moment and the future you want to build together. Practice self-care, engage in activities that bring you joy, and prioritize quality time with your fiancé and son. Rebuilding trust will require effort, patience, and understanding from both parties.

Remember that healing is not about forgetting or condoning the infidelity but about working together to create a stronger, more resilient relationship. It's okay to seek help, and don't be afraid to reach out to a therapist or counselor who can provide guidance and support throughout this challenging time.",questionID_732,My fiancé cheated. How can we mend our relationship?,"I'm in a relationship with my fiancé and I currently found out that she's been cheating on me with a co-worker. I was very upset none the less. I understand what she did was wrong, but I want to spend the rest of my life with her. So I'm willing to forgive and move on. We have been together for a little over 9 years, and we have a son. At the beginning of our relationship, I was unfaithful and she caught me cheating. She forgave me for what I've done to her and since then I been completely faithful. I'm worried about our relationship and want to move forward but its been very unsettling. All I can think about is her with another man. I don't know what to do or where to go for advice?",relationships,llama3,0.17278454,0.47800007547035567
high_confidence_true_positive,957,1,0.501312884738379,1,0.4175768679992385,0,0.6722098,1,130,1,When I counseled and coached military I learned to relate to what style of coaching they seek.,88,182,1,1,5,"Each client brings their own style they like to a coaching or counseling relationship.  When I counseled and coached military I learned to relate to what style of coaching they seek.  Some were better at the Drill Sergeant style of coaching,  or a liberal style, integrative, humanistic, progressive, or conservative.  Some can be obsessed and try and cross the line.  When you are in the public eye it can be a bit much and you have to know what client is a good fit for your practice.  Some don't see you as human but we are.  We seek to do the best we can with our knowledge cause it is a calling and I am sure others will say on here that we have to have our go to place of healing also so we can be good for our clients.",questionID_939,Are some clients more difficult than others?,What are some difficulties that a counselor can encounter when dealing with a client?,counseling-fundamentals,human,0.17220979999999997,0.5303665175792057
high_confidence_true_positive,963,1,0.5084749222191448,1,0.5466125339302019,0,0.67132956,1,130,7,and I am sure others will say on here that we have to have our go to place of healing also so we can be good for our clients.,600,725,1,1,5,"Each client brings their own style they like to a coaching or counseling relationship.  When I counseled and coached military I learned to relate to what style of coaching they seek.  Some were better at the Drill Sergeant style of coaching,  or a liberal style, integrative, humanistic, progressive, or conservative.  Some can be obsessed and try and cross the line.  When you are in the public eye it can be a bit much and you have to know what client is a good fit for your practice.  Some don't see you as human but we are.  We seek to do the best we can with our knowledge cause it is a calling and I am sure others will say on here that we have to have our go to place of healing also so we can be good for our clients.",questionID_939,Are some clients more difficult than others?,What are some difficulties that a counselor can encounter when dealing with a client?,counseling-fundamentals,human,0.17132956,0.5754723387164489
high_confidence_true_positive,2575,1,0.5021271713326172,1,0.4352913603975368,0,0.6637761,1,335,7,Sometimes the initial consult session offers enough new understanding that a second session wouldn't be necessary for a while.,888,1014,1,1,5,"I'm sorry for the stress and unhappiness stemming the problem you describe.Trust your instinct that there is more complexity to feeling good about being in a partnership than simply wanting this to happen.In any relationship, the complexities of each person combine.   Often people accept when this feels good and are lost as to what to do when natural human complexity, doesn't match up with our partner in the way we'd like.A couples' therapist would be able to help each of you talk about the factors motivating the cheating, as well as clarify the reasons you each have for continuing to stay together. The unique advantage of couple's therapy is that each person is able to hear their partner talk out loud about themselves and their partner.This is sometimes enormously helpful since our inner thoughts are often hidden yet very dominant in how we direct ourselves in relationships.Sometimes the initial consult session offers enough new understanding that a second session wouldn't be necessary for a while.Good luck in finding your relationship happiness!",questionID_732,My fiancé cheated. How can we mend our relationship?,"I'm in a relationship with my fiancé and I currently found out that she's been cheating on me with a co-worker. I was very upset none the less. I understand what she did was wrong, but I want to spend the rest of my life with her. So I'm willing to forgive and move on. We have been together for a little over 9 years, and we have a son. At the beginning of our relationship, I was unfaithful and she caught me cheating. She forgave me for what I've done to her and since then I been completely faithful. I'm worried about our relationship and want to move forward but its been very unsettling. All I can think about is her with another man. I don't know what to do or where to go for advice?",relationships,human,0.16377609999999998,0.5337315439100513
high_confidence_true_positive,501,1,0.5003961007626363,1,0.6330116576056316,1,0.6590918,1,67,2,Trust your gut feeling in choosing someone you feel comfortable with.,344,413,1,1,5,"Start by identifying your needs and preferences (like specialty areas, in-person vs. online), then use online directories (Psychology Today, GoodTherapy) or your insurance provider's list to find potential counselors. Contact a few to inquire about their approach, availability, and fees, and schedule a consultation to see if it's a good fit. Trust your gut feeling in choosing someone you feel comfortable with.",questionID_936,How does someone approach a counselor?,How does a person start the counseling process?,counseling-fundamentals,gemini,0.1590918,0.5974998527894226
high_confidence_true_positive,2558,1,0.5008848622694281,1,0.6098068894286778,1,0.4437573,0,333,6,"Recognize that her cheating may be a symptom of deeper issues in your relationship, and it's essential to address these underlying problems.",571,711,1,1,5,"I'm so sorry to hear about the pain and betrayal you're experiencing. Given your history and desire to move forward, it's essential to approach this situation with care and honesty. First, acknowledge that forgiveness is a process, and it may take time for both of you to heal. Consider couples therapy to work through your feelings and rebuild trust. It's crucial to have open and honest conversations about what happened, why it happened, and how you both can work together to prevent it in the future.

Reflect on your past infidelity and how your fiancé forgave you. Recognize that her cheating may be a symptom of deeper issues in your relationship, and it's essential to address these underlying problems. Make sure you're both on the same page regarding your commitment to the relationship and your son.

To overcome the unsettling thoughts, try to focus on the present moment and the future you want to build together. Practice self-care, engage in activities that bring you joy, and prioritize quality time with your fiancé and son. Rebuilding trust will require effort, patience, and understanding from both parties.

Remember that healing is not about forgetting or condoning the infidelity but about working together to create a stronger, more resilient relationship. It's okay to seek help, and don't be afraid to reach out to a therapist or counselor who can provide guidance and support throughout this challenging time.",questionID_732,My fiancé cheated. How can we mend our relationship?,"I'm in a relationship with my fiancé and I currently found out that she's been cheating on me with a co-worker. I was very upset none the less. I understand what she did was wrong, but I want to spend the rest of my life with her. So I'm willing to forgive and move on. We have been together for a little over 9 years, and we have a son. At the beginning of our relationship, I was unfaithful and she caught me cheating. She forgave me for what I've done to her and since then I been completely faithful. I'm worried about our relationship and want to move forward but its been very unsettling. All I can think about is her with another man. I don't know what to do or where to go for advice?",relationships,llama3,0.10980688942867778,0.5181496838993686
high_confidence_true_positive,410,1,0.504585350360691,1,0.5943942003977201,1,0.4041058,0,54,2,"If you find that you truly have no self control over food, I recommend attending Overeaters Anonymous; a 12 step group for those with compulsive issues related to food.",225,393,3,3,5,"I would recommend removing yourself from the environment you are in after you have finished eating. A simple walk around the block, calling up a friend and going to visit, or even going to another room in the house can help. If you find that you truly have no self control over food, I recommend attending Overeaters Anonymous; a 12 step group for those with compulsive issues related to food. I hope this helps.",questionID_714,How can I train myself to stop eating when I'm full?,"I have no self control over food. Most people stop when they've had enough, but I keep eating for the pleasure of it. Especially with sweets - I'm never done eating dessert.",eating-disorders,human,0.09589419999999999,0.5010284502528036
high_confidence_true_positive,279,1,0.5042632664642244,1,0.554610450719248,1,0.41341192,0,38,2,Plan for this meeting according to the type of relationship you have with your daughter in law.,271,366,1,1,5,"Have you reached your own conclusions and reasons for these, regarding the topic?   When you feel confident in your own reasons for your conclusions, then obviously ask your daughter in law for some time together and tell her what you think and your reasons for opinions.Plan for this meeting according to the type of relationship you have with your daughter in law.Since your son will also be affected by the prenatal conditions of his child, he may also be interested in being part of this conversation.Also, during your discussion, find out the exact ways the morning sickness affects your daughter in law.It is possible that scheduling adjustments in routines can be made so your daughter has more time to rest or fewer responsibilities for a while until she feels better.Maybe you and other family members can lighten her daily routines so she has more time for herself to manage her morning sickness in a less risky way.Sending Good luck!",questionID_624,My daughter-in-law is smoking marijuana while pregnant,"My new daughter-in-law just informed me that she is smoking marijuana while pregnant because of her morning sickness. I’m in shock and I don’t know how to respond. I just lost my mom, and she was good with advice.",substance-abuse,human,0.08658808000000001,0.4907618790611574
high_confidence_true_positive,2352,1,0.5004748705529907,1,0.5381444376352378,0,0.4256264,0,311,0,"While it's understandable to feel disappointed when a long-held dream doesn't match reality, focusing on acceptance and open communication with your husband about your lingering feelings, rather than suppressing them, is key to moving forward and enjoying your marriage.",0,270,1,1,5,"While it's understandable to feel disappointed when a long-held dream doesn't match reality, focusing on acceptance and open communication with your husband about your lingering feelings, rather than suppressing them, is key to moving forward and enjoying your marriage. Consider exploring these feelings further with a therapist to develop coping strategies and strengthen your communication skills.",questionID_707,How can I let go of my dream wedding?,"I have been with my husband for almost 7 years. We got engaged a little after 5 years of being together. I had always been clear that I wanted to get married and I sadly would drop hints about how i wanted him to propose. When he did propose it was during a random vacation that I had planned. I was happy but I couldn't help feeling disappointed too. I had told him numerous times before that I wanted him to do it in front of my friends and family. I know it sounds dumb to be upset but I couldn't help how I was feeling. We are now married but the wedding and ring were also far from what I wanted and it wasn't due to lack of funds. I know this is all material and the marriage is the most important thing but I cant help but get jealous and envious every time I see someone get a proposal or wedding that I had wanted. I cant help my anger because I know we only get one proposal and one wedding. What I wanted will never happen. I have been working on my feelings for the past year and half to get over it. I try to focus on our marriage but every time I see someone have the best proposals and weddings I get upset. I know it is selfish and I know its petty but I just can't control it. It's ruining our relationship because I constantly think about it. Plus, I get mad at him for small things because I am trying to hide the fact that I am so disappointed. Why can't I move on?",marriage,gemini,0.07437359999999998,0.4880819027294095
high_confidence_true_positive,2562,1,0.5006633237693461,1,0.4844163319613818,0,0.43318036,0,333,10,"Rebuilding trust will require effort, patience, and understanding from both parties.",1042,1126,1,1,5,"I'm so sorry to hear about the pain and betrayal you're experiencing. Given your history and desire to move forward, it's essential to approach this situation with care and honesty. First, acknowledge that forgiveness is a process, and it may take time for both of you to heal. Consider couples therapy to work through your feelings and rebuild trust. It's crucial to have open and honest conversations about what happened, why it happened, and how you both can work together to prevent it in the future.

Reflect on your past infidelity and how your fiancé forgave you. Recognize that her cheating may be a symptom of deeper issues in your relationship, and it's essential to address these underlying problems. Make sure you're both on the same page regarding your commitment to the relationship and your son.

To overcome the unsettling thoughts, try to focus on the present moment and the future you want to build together. Practice self-care, engage in activities that bring you joy, and prioritize quality time with your fiancé and son. Rebuilding trust will require effort, patience, and understanding from both parties.

Remember that healing is not about forgetting or condoning the infidelity but about working together to create a stronger, more resilient relationship. It's okay to seek help, and don't be afraid to reach out to a therapist or counselor who can provide guidance and support throughout this challenging time.",questionID_732,My fiancé cheated. How can we mend our relationship?,"I'm in a relationship with my fiancé and I currently found out that she's been cheating on me with a co-worker. I was very upset none the less. I understand what she did was wrong, but I want to spend the rest of my life with her. So I'm willing to forgive and move on. We have been together for a little over 9 years, and we have a son. At the beginning of our relationship, I was unfaithful and she caught me cheating. She forgave me for what I've done to her and since then I been completely faithful. I'm worried about our relationship and want to move forward but its been very unsettling. All I can think about is her with another man. I don't know what to do or where to go for advice?",relationships,llama3,0.06681964000000001,0.4727533385769093
high_confidence_true_positive,259,1,0.5013702592324899,1,0.4340737629134634,0,0.4881694,0,35,2,Her use of marijuana during pregnancy could potentially affect the health of the unborn child.,163,257,1,1,5,"I'm really sorry to hear about your mom's passing and the situation you're currently facing with your daughter-in-law. It's understandable that you are concerned. Her use of marijuana during pregnancy could potentially affect the health of the unborn child. It's generally recommended to approach such situations with calm and understanding. You might start by expressing your concern, letting her know you're coming from a place of care for her and the baby. Perhaps encourage her to consult with a healthcare provider about safer alternatives for managing her morning sickness. Remember, this is a delicate situation and it's important to maintain respect and empathy throughout the conversation.",questionID_624,My daughter-in-law is smoking marijuana while pregnant,"My new daughter-in-law just informed me that she is smoking marijuana while pregnant because of her morning sickness. I’m in shock and I don’t know how to respond. I just lost my mom, and she was good with advice.",substance-abuse,gpt4,0.06592623708653661,0.4745378073819844
high_confidence_false_positive,1917,0,0.5082204175913935,1,0.8964180961476997,1,0.8529941,1,259,5,"The idea that everyone around you is smarter, skinnier, or more capable is likely an exaggerated perception.",586,694,0,0,5,"I'm so glad you reached out for support. What you're describing are common struggles that many teenage girls face, but that doesn't mean they're normal or healthy. It's understandable to feel insecure or compare yourself to others, especially during adolescence when you're figuring out your identity. However, the intensity of your feelings and the behaviors you're considering, such as throwing up to lose weight, are not normal or healthy.

It's essential to recognize that everyone has their unique strengths, weaknesses, and struggles, regardless of their appearance or intellect. The idea that everyone around you is smarter, skinnier, or more capable is likely an exaggerated perception. People often present a curated version of themselves, hiding their flaws and insecurities.

Your feelings of self-doubt, low self-esteem, and inadequacy are not uncommon, but they can be overwhelming and damaging if left unaddressed. It's crucial to talk to someone you trust, such as a parent, teacher, school counselor, or mental health professional, about how you're feeling. They can help you develop coping strategies, work through your emotions, and provide support and guidance.

Remember, you are not alone, and your feelings are valid. It takes courage to acknowledge and share your struggles, and I'm proud of you for taking this first step. Please consider reaching out to a trusted adult or a helpline, such as the National Eating Disorders Association (NEDA) Helpline (1-800-931-2237) or the Crisis Text Line (text ""HOME"" to 741741), for immediate support. You deserve to feel seen, heard, and supported.",questionID_346,"I feel like I'm this dumb fat girl that no one likes, and everything is my fault. Are these normal teenage girl feelings?","Everyone around me is much smarter and flaunts it. Everyone around me is skinny, and here I am trying to throw up so I'm not fat. Everything I do is wrong, and I can't seem to do anything right! No one else at school seems to feel the way I do! Is this normal teenage girls feelings? I don't think these feelings are normal.",self-esteem,llama3,0.39641809614769974,0.7525442045796978
high_confidence_false_positive,1129,0,0.5132222982187417,1,0.6044707809265459,1,0.8608251,1,154,2,"In simple terms it is as if two infants somehow acquire the ability to say words but they are motivated by very basic early wounds that were created due to deficits in what was able to be done for each of you, and likely understandable in terms of caregiver's life experience, and that still fell short of what you needed.",195,517,0,0,5,"Under duress the very youngest parts of you and your boyfriend emerge. So, while you still look like grown ups, your actions and words are motivated by very early preverbal parts of both of you. In simple terms it is as if two infants somehow acquire the ability to say words but they are motivated by very basic early wounds that were created due to deficits in what was able to be done for each of you, and likely understandable in terms of caregiver's life experience, and that still fell short of what you needed. You are both still trying to get very early needs met. The best advice I can offer is to try and remember this as early as possible when things start to heat up, and then restrain expression that you already know leads nowhere helpful. And seek out a therapist who can help you to work with these early issues and can support you to grow and develop from this stuck point.",questionID_754,Why do my boyfriend and I have such trouble communicating?,"We’ve been together almost three years. We argue and he ends it by telling me he doesn’t love me. It's hurtful because I am all about resolving the problem, and he dwells on the issue even if I drop what he's done and just swallow my pride and say I am sorry. How can this be resolved? We have kids, and I don't want a broken family because we can't communicate.",relationships,human,0.3608251,0.6595060597150959
high_confidence_false_positive,1131,0,0.5056327923296433,1,0.6917834188679628,1,0.856284,1,154,4,"The best advice I can offer is to try and remember this as early as possible when things start to heat up, and then restrain expression that you already know leads nowhere helpful.",573,753,0,0,5,"Under duress the very youngest parts of you and your boyfriend emerge. So, while you still look like grown ups, your actions and words are motivated by very early preverbal parts of both of you. In simple terms it is as if two infants somehow acquire the ability to say words but they are motivated by very basic early wounds that were created due to deficits in what was able to be done for each of you, and likely understandable in terms of caregiver's life experience, and that still fell short of what you needed. You are both still trying to get very early needs met. The best advice I can offer is to try and remember this as early as possible when things start to heat up, and then restrain expression that you already know leads nowhere helpful. And seek out a therapist who can help you to work with these early issues and can support you to grow and develop from this stuck point.",questionID_754,Why do my boyfriend and I have such trouble communicating?,"We’ve been together almost three years. We argue and he ends it by telling me he doesn’t love me. It's hurtful because I am all about resolving the problem, and he dwells on the issue even if I drop what he's done and just swallow my pride and say I am sorry. How can this be resolved? We have kids, and I don't want a broken family because we can't communicate.",relationships,human,0.35628400000000005,0.6845667370658687
high_confidence_false_positive,1480,0,0.5081106620293913,1,0.5884933846548892,1,0.85265064,1,203,3,If you need to maybe do a group first then individual then couple.,221,287,0,0,5,Oh that is too bad not sure is it because of the one you are in therapy with or the counselor ?  What feelings are coming up and thoughts in your mind first to start.  Try and put them down and look at what is on paper.  If you need to maybe do a group first then individual then couple.,questionID_146,Is it normal to go into therapy feeling nervous?,I've gone to a couple therapy sessions so far and still everytime I walk in I get nervous and shaky. Is this normal? Should I still be feeling like this?,anxiety,human,0.35265064,0.6497515622280935
high_confidence_false_positive,399,0,0.5009128982668196,1,0.6063493349760043,1,0.84702945,1,52,4,"Aim to stop eating when you reach a 7 or 8, when you feel content but not overly full.",483,569,0,0,5,"Developing self-control around food, especially sweets, can be challenging, but it's achievable with practice, patience, and the right strategies. To start, try to tune into your body's hunger and fullness cues by eating slowly and mindfully. Savor each bite, pay attention to the flavors, textures, and aromas, and stop eating when you feel satisfied, rather than stuffed. It can also be helpful to use a hunger-fullness scale, where 1 is extremely hungry and 10 is extremely full. Aim to stop eating when you reach a 7 or 8, when you feel content but not overly full.

Another strategy is to identify your emotional triggers for overeating, such as stress, boredom, or emotional events. Once you're aware of your triggers, you can develop alternative coping mechanisms, like going for a walk, practicing deep breathing, or engaging in a hobby. It's also essential to set realistic expectations and allow yourself to enjoy your favorite sweets in moderation, rather than depriving yourself and then overindulging.

Additionally, consider implementing some practical tips, such as using smaller plates, eating regular meals to avoid extreme hunger, and removing distractions while eating, like turning off the TV or putting away your phone. Remember that it takes time and effort to develop new habits, so be gentle with yourself and don't expect to change overnight. With consistent practice and self-compassion, you can develop a healthier relationship with food and learn to stop eating when you're full, rather than relying on willpower or self-control.",questionID_714,How can I train myself to stop eating when I'm full?,"I have no self control over food. Most people stop when they've had enough, but I keep eating for the pleasure of it. Especially with sweets - I'm never done eating dessert.",eating-disorders,llama3,0.34702944999999996,0.6514305610809413
high_confidence_false_positive,2128,0,0.5097089777622412,1,0.3919063832372651,0,0.8426029,1,283,4,"There is a large body of evidence supporting the use of this approach to alleviating many of the aspects you identified in your post as well of a wide variety of tools that you can choose from and utilize that are able to practiced and assimilated into your daily tool box of coping mechanisms that end up becoming new behaviors and ways of thinking about issues that become automatic, the best possible outcome you can hope for if you want the solution to be sustainable.",610,1082,0,0,5,"In dealing with an eating disorder you are far from alone.  It is more common than you might think and tied to so many variables that it is easy for an individual to become overwhelmed in trying to navigate the influences of such variables.  I have been working with individuals dealing with such challenges since 1998 and have found over the years that behavioral analysis is highly effective in helping you begin to isolate, understand and then be able to address many of these variable impacting your behavioral and cognitive choices.  Consider finding someone trained in Dialectic Behavior Therapy (DBT).  There is a large body of evidence supporting the use of this approach to alleviating many of the aspects you identified in your post as well of a wide variety of tools that you can choose from and utilize that are able to practiced and assimilated into your daily tool box of coping mechanisms that end up becoming new behaviors and ways of thinking about issues that become automatic, the best possible outcome you can hope for if you want the solution to be sustainable.",questionID_712,How do I handle my binge eating?,"I have a problem with binge eating, especially during times of stress. I binge eat and feel so overwhelmed with shame and disappointment that I end up going to the gym and trying to exercise the calories off. I am in my late 20s, and I have been dealing with this since I was a teenager. Are there any coping mechanisms I can use to break this cycle?",eating-disorders,human,0.34260290000000004,0.5814060869998355
high_confidence_false_positive,1127,0,0.508189401147506,1,0.6765117116785009,1,0.8332233,1,154,0,Under duress the very youngest parts of you and your boyfriend emerge.,0,70,0,0,5,"Under duress the very youngest parts of you and your boyfriend emerge. So, while you still look like grown ups, your actions and words are motivated by very early preverbal parts of both of you. In simple terms it is as if two infants somehow acquire the ability to say words but they are motivated by very basic early wounds that were created due to deficits in what was able to be done for each of you, and likely understandable in terms of caregiver's life experience, and that still fell short of what you needed. You are both still trying to get very early needs met. The best advice I can offer is to try and remember this as early as possible when things start to heat up, and then restrain expression that you already know leads nowhere helpful. And seek out a therapist who can help you to work with these early issues and can support you to grow and develop from this stuck point.",questionID_754,Why do my boyfriend and I have such trouble communicating?,"We’ve been together almost three years. We argue and he ends it by telling me he doesn’t love me. It's hurtful because I am all about resolving the problem, and he dwells on the issue even if I drop what he's done and just swallow my pride and say I am sorry. How can this be resolved? We have kids, and I don't want a broken family because we can't communicate.",relationships,human,0.3332233,0.6726414709420023
high_confidence_false_positive,2569,0,0.5089555665821537,1,0.6735825531424745,1,0.8173908,1,335,1,Trust your instinct that there is more complexity to feeling good about being in a partnership than simply wanting this to happen.,75,205,0,0,5,"I'm sorry for the stress and unhappiness stemming the problem you describe.Trust your instinct that there is more complexity to feeling good about being in a partnership than simply wanting this to happen.In any relationship, the complexities of each person combine.   Often people accept when this feels good and are lost as to what to do when natural human complexity, doesn't match up with our partner in the way we'd like.A couples' therapist would be able to help each of you talk about the factors motivating the cheating, as well as clarify the reasons you each have for continuing to stay together. The unique advantage of couple's therapy is that each person is able to hear their partner talk out loud about themselves and their partner.This is sometimes enormously helpful since our inner thoughts are often hidden yet very dominant in how we direct ourselves in relationships.Sometimes the initial consult session offers enough new understanding that a second session wouldn't be necessary for a while.Good luck in finding your relationship happiness!",questionID_732,My fiancé cheated. How can we mend our relationship?,"I'm in a relationship with my fiancé and I currently found out that she's been cheating on me with a co-worker. I was very upset none the less. I understand what she did was wrong, but I want to spend the rest of my life with her. So I'm willing to forgive and move on. We have been together for a little over 9 years, and we have a son. At the beginning of our relationship, I was unfaithful and she caught me cheating. She forgave me for what I've done to her and since then I been completely faithful. I'm worried about our relationship and want to move forward but its been very unsettling. All I can think about is her with another man. I don't know what to do or where to go for advice?",relationships,human,0.3173908,0.6666429732415428
high_confidence_false_positive,1128,0,0.5018641547395083,1,0.7897265873939896,1,0.8106016,1,154,1,"So, while you still look like grown ups, your actions and words are motivated by very early preverbal parts of both of you.",71,194,0,0,5,"Under duress the very youngest parts of you and your boyfriend emerge. So, while you still look like grown ups, your actions and words are motivated by very early preverbal parts of both of you. In simple terms it is as if two infants somehow acquire the ability to say words but they are motivated by very basic early wounds that were created due to deficits in what was able to be done for each of you, and likely understandable in terms of caregiver's life experience, and that still fell short of what you needed. You are both still trying to get very early needs met. The best advice I can offer is to try and remember this as early as possible when things start to heat up, and then restrain expression that you already know leads nowhere helpful. And seek out a therapist who can help you to work with these early issues and can support you to grow and develop from this stuck point.",questionID_754,Why do my boyfriend and I have such trouble communicating?,"We’ve been together almost three years. We argue and he ends it by telling me he doesn’t love me. It's hurtful because I am all about resolving the problem, and he dwells on the issue even if I drop what he's done and just swallow my pride and say I am sorry. How can this be resolved? We have kids, and I don't want a broken family because we can't communicate.",relationships,human,0.31060160000000003,0.700730780711166
high_confidence_false_positive,1817,0,0.5007333076029106,1,0.3608034551957873,0,0.19350034,0,244,2,"Crying can often be a part of the healing process, allowing us to release pent-up emotions.",180,271,0,0,5,"It's absolutely normal to cry during therapy, and there's absolutely nothing to be embarrassed about. Therapy is a safe space for you to express your emotions and feelings openly. Crying can often be a part of the healing process, allowing us to release pent-up emotions. A good therapist will understand and support you through this. Remember, therapy is about helping you, and there's no right or wrong way to feel. It's natural to feel anxious about starting therapy, but try to see it as a positive step towards better understanding and managing your emotions.",questionID_144,Is it normal to cry during therapy?,"I start counseling/therapy in a few days (I'm freaking out) but my main fear is that I'll cry and embarrass myself, is it something to worry about?",anxiety,gpt4,0.30649966,0.3516790342662326
high_confidence_false_positive,1937,0,0.5018879316543763,1,0.7064464691071878,1,0.8046302,1,261,6,"It sounds, though, as if these feelings of insecurity and inadequacy have begun to consume your every day thoughts and behaviors bringing you to where you are today - comparing yourself to others, purging, and feeling extreme guilt.",540,772,0,0,5,"There are some struggles that are less ""obvious"" than others, an eating disorder being one of them. From just your personal experience alone you might realize how easy it may seem to keep such a secret from those around you. In the same way, there are many people who struggle secretly with this problem and not many people know or even notice. So you are definitely not alone. Low self-esteem or lack of confidence in some areas are issues that EVERY teen, in fact EVERY person, has experienced at some point. These feelings are ""normal."" It sounds, though, as if these feelings of insecurity and inadequacy have begun to consume your every day thoughts and behaviors bringing you to where you are today - comparing yourself to others, purging, and feeling extreme guilt. Sometimes it's best if we seek outside help, instead of trying to tackle problems on our own. Breaking habits that come along with an eating disorder really requires the help of a doctor, nutritionist, and a therapist who can help change your perspective from the inside out! Hope this helps!",questionID_346,"I feel like I'm this dumb fat girl that no one likes, and everything is my fault. Are these normal teenage girl feelings?","Everyone around me is much smarter and flaunts it. Everyone around me is skinny, and here I am trying to throw up so I'm not fat. Everything I do is wrong, and I can't seem to do anything right! No one else at school seems to feel the way I do! Is this normal teenage girls feelings? I don't think these feelings are normal.",self-esteem,human,0.30463019999999996,0.6709882002538547
high_confidence_false_positive,2364,0,0.5012858807379116,1,0.6306498232055873,1,0.7979393,1,312,10,"But after that, close that chapter and move on.",938,985,0,0,5,"It's hard to let go of the dreams you had regarding your wedding and engagement. This was something that you and most women think about for years, so it's understandable to be disappointed. But please be aware that it is rare that any wedding is perfect. You may envy your friends' weddings but more than likely they had a few mishaps of their own and/or it wasn't as perfect as they had planned it either. However, like you know, the marriage is the most important thing. How many women are envious that you are in a happy, stable relationship? I assure you that there are plenty. Try to live in the present considering that dwelling on the past can still not change how you were proposed to or how your wedding day transpired. Focus on what you can control NOW. Perhaps, you can plan an extravagant renewal of your vows or change the look of your ring?I would also be upfront with your husband and explain why you've been short lately. But after that, close that chapter and move on. It sounds like you have a wonderful companion and you certainly don't want to lose this due to a situation that is impossible to change.",questionID_707,How can I let go of my dream wedding?,"I have been with my husband for almost 7 years. We got engaged a little after 5 years of being together. I had always been clear that I wanted to get married and I sadly would drop hints about how i wanted him to propose. When he did propose it was during a random vacation that I had planned. I was happy but I couldn't help feeling disappointed too. I had told him numerous times before that I wanted him to do it in front of my friends and family. I know it sounds dumb to be upset but I couldn't help how I was feeling. We are now married but the wedding and ring were also far from what I wanted and it wasn't due to lack of funds. I know this is all material and the marriage is the most important thing but I cant help but get jealous and envious every time I see someone get a proposal or wedding that I had wanted. I cant help my anger because I know we only get one proposal and one wedding. What I wanted will never happen. I have been working on my feelings for the past year and half to get over it. I try to focus on our marriage but every time I see someone have the best proposals and weddings I get upset. I know it is selfish and I know its petty but I just can't control it. It's ruining our relationship because I constantly think about it. Plus, I get mad at him for small things because I am trying to hide the fact that I am so disappointed. Why can't I move on?",marriage,human,0.2979393,0.6432916679811663
high_confidence_false_positive,566,0,0.5017486714116349,1,0.4271466150121483,0,0.20752972,0,77,4,"There are exceptions, such as when a person's life is in immediate danger, but these are generally guided by local laws and regulations.",395,531,0,0,5,"As a therapist, my primary role is to provide guidance, support, and therapeutic intervention for my clients. I can certainly recommend that a client seek specialized treatment for an eating disorder if it's necessary for their health and well-being. However, I cannot forcibly admit anyone into treatment against their will. In most cases, a person must voluntarily agree to receive treatment. There are exceptions, such as when a person's life is in immediate danger, but these are generally guided by local laws and regulations. It's important to have open conversations about the benefits of treatment, and to encourage and support individuals to make choices that prioritize their health.",questionID_708,Can a therapist have a client admitted to an eating disorder treatment center if the client does not want to go?,,eating-disorders,gpt4,0.29247027999999997,0.37880833547459436
high_confidence_false_positive,569,0,0.5009470100777366,1,0.3040208584375363,0,0.20929866,0,78,1,"However, there are exceptions and variations depending on the jurisdiction and specific circumstances.",117,219,0,0,5,"In most cases, a therapist cannot forcibly admit a client to an eating disorder treatment center against their will. However, there are exceptions and variations depending on the jurisdiction and specific circumstances. 

If the client is a minor, parents or legal guardians may have the authority to admit them to a treatment center, even if the minor resists. 

For adults, therapists can encourage and support clients in seeking treatment, but ultimately, the decision to admit themselves to a facility is the client's. That being said, if the therapist believes the client is at imminent risk of harming themselves or others due to their eating disorder, they may be able to initiate an involuntary commitment process, which typically involves notifying emergency services or a crisis hotline. 

Involuntary commitment laws vary by state and country, so it's essential for therapists to be familiar with local regulations and procedures. It's also crucial for therapists to maintain a collaborative and non-coercive therapeutic relationship, focusing on empowering clients to make informed decisions about their care. 

If you're concerned about a client's safety or well-being, it's best to consult with a supervisor, colleagues, or local mental health authorities to determine the most appropriate course of action. Prioritizing the client's autonomy while ensuring their safety is a delicate balance that requires careful consideration and expertise.",questionID_708,Can a therapist have a client admitted to an eating disorder treatment center if the client does not want to go?,,eating-disorders,llama3,0.29070134000000003,0.3380888428384243
high_confidence_false_positive,60,0,0.5035814469654978,1,0.5791949710121242,1,0.7887569,1,8,3,"What you can do right now is to take care of yourself, try to stay connected with your boyfriend through messages or phone calls if possible, and seek support from your friends and family.",240,428,0,0,5,"I'm really sorry to hear about your boyfriend. It sounds like you're going through a particularly stressful and uncertain time. It's important for you to understand that you can't control everything, especially health situations of others. What you can do right now is to take care of yourself, try to stay connected with your boyfriend through messages or phone calls if possible, and seek support from your friends and family. It might also help to engage in activities that can help you cope with stress, like reading, listening to music, doing some physical exercise, or meditation. Remember, it's okay to feel scared and worried, but try not to let your worry consume you. You're stronger than you think.",questionID_886,My boyfriend is in the hospital. They won’t tell me what’s wrong and if or when he’s coming back,,legal-regulatory,gpt4,0.2887569,0.623844439325874
high_confidence_false_positive,1445,0,0.5090687427165208,1,0.7429694046652032,1,0.7858154,1,197,8,"If your wife is unwilling to listen, reflect on her actions, or work on rebuilding trust, it may be a sign of deeper issues in the relationship.",1083,1227,0,0,5,"It sounds like you're feeling frustrated, hurt, and possibly even defensive in your relationship. The constant accusations and lack of acknowledgment of her own mistakes can be draining. To address this, consider having an open and honest conversation with your wife about how her behavior is affecting you. Use ""I"" statements to express your feelings, such as ""I feel disrespected when you accuse me of cheating without any evidence"" or ""I feel like I'm walking on eggshells around you, never knowing what will trigger an argument."" 

It's also essential to understand that her behavior might be a sign of her own insecurities or past experiences. Approach the conversation with empathy, but also set clear boundaries and expectations for how you want to be treated in the relationship. Regarding the ""sweetheart"" example, you could explain that it's a harmless term you use in a professional setting, and reassure her that it doesn't imply any romantic or intimate intentions.

However, it's crucial to recognize that you can't force someone to understand or admit their mistakes. If your wife is unwilling to listen, reflect on her actions, or work on rebuilding trust, it may be a sign of deeper issues in the relationship. In such cases, couples therapy can be beneficial in addressing these concerns and improving communication. Remember that your emotional well-being is important, and it's okay to prioritize your own needs and seek support if the relationship becomes toxic or unsustainable.",questionID_391,Why do I feel like I'm always wrong in everything in my relationship?,"My wife is always accusing me of cheating and telling me that I'm doing things she finds disrespectful even when I don't mean it like that. For example, she gets offended when I call someone at work ""sweetheart."" I wish I had a penny for every time she accused me of cheating on her. She doesn't, and never will say she was wrong. How do I get her to understand?",workplace-relationships,llama3,0.28581540000000005,0.679284515793908
high_confidence_false_positive,2357,0,0.5024421187660082,1,0.3950695636900697,0,0.7846909,1,312,3,You may envy your friends' weddings but more than likely they had a few mishaps of their own and/or it wasn't as perfect as they had planned it either.,255,406,0,0,5,"It's hard to let go of the dreams you had regarding your wedding and engagement. This was something that you and most women think about for years, so it's understandable to be disappointed. But please be aware that it is rare that any wedding is perfect. You may envy your friends' weddings but more than likely they had a few mishaps of their own and/or it wasn't as perfect as they had planned it either. However, like you know, the marriage is the most important thing. How many women are envious that you are in a happy, stable relationship? I assure you that there are plenty. Try to live in the present considering that dwelling on the past can still not change how you were proposed to or how your wedding day transpired. Focus on what you can control NOW. Perhaps, you can plan an extravagant renewal of your vows or change the look of your ring?I would also be upfront with your husband and explain why you've been short lately. But after that, close that chapter and move on. It sounds like you have a wonderful companion and you certainly don't want to lose this due to a situation that is impossible to change.",questionID_707,How can I let go of my dream wedding?,"I have been with my husband for almost 7 years. We got engaged a little after 5 years of being together. I had always been clear that I wanted to get married and I sadly would drop hints about how i wanted him to propose. When he did propose it was during a random vacation that I had planned. I was happy but I couldn't help feeling disappointed too. I had told him numerous times before that I wanted him to do it in front of my friends and family. I know it sounds dumb to be upset but I couldn't help how I was feeling. We are now married but the wedding and ring were also far from what I wanted and it wasn't due to lack of funds. I know this is all material and the marriage is the most important thing but I cant help but get jealous and envious every time I see someone get a proposal or wedding that I had wanted. I cant help my anger because I know we only get one proposal and one wedding. What I wanted will never happen. I have been working on my feelings for the past year and half to get over it. I try to focus on our marriage but every time I see someone have the best proposals and weddings I get upset. I know it is selfish and I know its petty but I just can't control it. It's ruining our relationship because I constantly think about it. Plus, I get mad at him for small things because I am trying to hide the fact that I am so disappointed. Why can't I move on?",marriage,human,0.28469089999999997,0.560734194152026
high_confidence_false_positive,2571,0,0.5106917971859339,1,0.7516712387171587,1,0.77999836,1,335,3,"Often people accept when this feels good and are lost as to what to do when natural human complexity, doesn't match up with our partner in the way we'd like.",269,426,0,0,5,"I'm sorry for the stress and unhappiness stemming the problem you describe.Trust your instinct that there is more complexity to feeling good about being in a partnership than simply wanting this to happen.In any relationship, the complexities of each person combine.   Often people accept when this feels good and are lost as to what to do when natural human complexity, doesn't match up with our partner in the way we'd like.A couples' therapist would be able to help each of you talk about the factors motivating the cheating, as well as clarify the reasons you each have for continuing to stay together. The unique advantage of couple's therapy is that each person is able to hear their partner talk out loud about themselves and their partner.This is sometimes enormously helpful since our inner thoughts are often hidden yet very dominant in how we direct ourselves in relationships.Sometimes the initial consult session offers enough new understanding that a second session wouldn't be necessary for a while.Good luck in finding your relationship happiness!",questionID_732,My fiancé cheated. How can we mend our relationship?,"I'm in a relationship with my fiancé and I currently found out that she's been cheating on me with a co-worker. I was very upset none the less. I understand what she did was wrong, but I want to spend the rest of my life with her. So I'm willing to forgive and move on. We have been together for a little over 9 years, and we have a son. At the beginning of our relationship, I was unfaithful and she caught me cheating. She forgave me for what I've done to her and since then I been completely faithful. I'm worried about our relationship and want to move forward but its been very unsettling. All I can think about is her with another man. I don't know what to do or where to go for advice?",relationships,human,0.27999836,0.6807871319676976
high_confidence_false_positive,1458,0,0.5013974455411119,1,0.5984092166065816,1,0.7611526,1,200,2,"So, feeling nervous or shaky is a common reaction.",246,296,0,0,5,"It is absolutely normal to feel nervous before therapy sessions, especially when you're still in the early stages. You are about to have a conversation that may involve discussing deeply personal issues and feelings, which can be quite daunting. So, feeling nervous or shaky is a common reaction. Over time, as you get more comfortable with your therapist and the therapeutic process, these feelings should lessen. However, if they persist or cause significant distress, it's important to talk about it with your therapist. They can help you explore these feelings and develop strategies for managing them. Remember, there's no right or wrong way to feel about therapy, and it's okay to take some time to adjust.",questionID_146,Is it normal to go into therapy feeling nervous?,I've gone to a couple therapy sessions so far and still everytime I walk in I get nervous and shaky. Is this normal? Should I still be feeling like this?,anxiety,gpt4,0.26115259999999996,0.6203197540492312
high_confidence_false_positive,2363,0,0.5010838802711721,1,0.6276791201028639,1,0.7601431,1,312,9,"Perhaps, you can plan an extravagant renewal of your vows or change the look of your ring?I would also be upfront with your husband and explain why you've been short lately.",764,937,0,0,5,"It's hard to let go of the dreams you had regarding your wedding and engagement. This was something that you and most women think about for years, so it's understandable to be disappointed. But please be aware that it is rare that any wedding is perfect. You may envy your friends' weddings but more than likely they had a few mishaps of their own and/or it wasn't as perfect as they had planned it either. However, like you know, the marriage is the most important thing. How many women are envious that you are in a happy, stable relationship? I assure you that there are plenty. Try to live in the present considering that dwelling on the past can still not change how you were proposed to or how your wedding day transpired. Focus on what you can control NOW. Perhaps, you can plan an extravagant renewal of your vows or change the look of your ring?I would also be upfront with your husband and explain why you've been short lately. But after that, close that chapter and move on. It sounds like you have a wonderful companion and you certainly don't want to lose this due to a situation that is impossible to change.",questionID_707,How can I let go of my dream wedding?,"I have been with my husband for almost 7 years. We got engaged a little after 5 years of being together. I had always been clear that I wanted to get married and I sadly would drop hints about how i wanted him to propose. When he did propose it was during a random vacation that I had planned. I was happy but I couldn't help feeling disappointed too. I had told him numerous times before that I wanted him to do it in front of my friends and family. I know it sounds dumb to be upset but I couldn't help how I was feeling. We are now married but the wedding and ring were also far from what I wanted and it wasn't due to lack of funds. I know this is all material and the marriage is the most important thing but I cant help but get jealous and envious every time I see someone get a proposal or wedding that I had wanted. I cant help my anger because I know we only get one proposal and one wedding. What I wanted will never happen. I have been working on my feelings for the past year and half to get over it. I try to focus on our marriage but every time I see someone have the best proposals and weddings I get upset. I know it is selfish and I know its petty but I just can't control it. It's ruining our relationship because I constantly think about it. Plus, I get mad at him for small things because I am trying to hide the fact that I am so disappointed. Why can't I move on?",marriage,human,0.26014309999999996,0.6296353667913454
high_confidence_false_positive,2125,0,0.5068287733719107,1,0.4369074023538311,0,0.75938976,1,283,1,It is more common than you might think and tied to so many variables that it is easy for an individual to become overwhelmed in trying to navigate the influences of such variables.,60,240,0,0,5,"In dealing with an eating disorder you are far from alone.  It is more common than you might think and tied to so many variables that it is easy for an individual to become overwhelmed in trying to navigate the influences of such variables.  I have been working with individuals dealing with such challenges since 1998 and have found over the years that behavioral analysis is highly effective in helping you begin to isolate, understand and then be able to address many of these variable impacting your behavioral and cognitive choices.  Consider finding someone trained in Dialectic Behavior Therapy (DBT).  There is a large body of evidence supporting the use of this approach to alleviating many of the aspects you identified in your post as well of a wide variety of tools that you can choose from and utilize that are able to practiced and assimilated into your daily tool box of coping mechanisms that end up becoming new behaviors and ways of thinking about issues that become automatic, the best possible outcome you can hope for if you want the solution to be sustainable.",questionID_712,How do I handle my binge eating?,"I have a problem with binge eating, especially during times of stress. I binge eat and feel so overwhelmed with shame and disappointment that I end up going to the gym and trying to exercise the calories off. I am in my late 20s, and I have been dealing with this since I was a teenager. Are there any coping mechanisms I can use to break this cycle?",eating-disorders,human,0.25938976,0.5677086452419139
high_confidence_false_positive,1116,0,0.5021465232379909,1,0.7541180713963241,1,0.7270463,1,152,1,This pattern suggests that he may be using a form of emotional manipulation to control or punish you during conflicts.,170,288,0,0,5,"It's concerning to hear that your boyfriend often ends arguments by saying he doesn't love you, as this can be emotionally distressing and damaging to your relationship. This pattern suggests that he may be using a form of emotional manipulation to control or punish you during conflicts. To address this issue, consider having an open and honest conversation with your boyfriend about how his words affect you. It's essential to express your feelings and concerns in a non-accusatory manner, focusing on the specific behavior that's causing harm.

Given your commitment to resolving problems and your desire to maintain a healthy family environment for your kids, it might be helpful to establish some ground rules for conflict resolution. This could include active listening, avoiding hurtful language, and making a genuine effort to understand each other's perspectives. Since you're willing to apologize and move forward, it's crucial that your boyfriend also learns to let go of grudges and work towards resolving issues rather than dwelling on them.

Couples therapy could be a valuable resource for you both, providing a safe and guided environment to explore your communication dynamics and work on developing healthier conflict resolution strategies. A professional therapist can help you identify patterns and behaviors that contribute to your communication challenges and offer tools and techniques to improve your interaction. By addressing these issues and learning to communicate more effectively, you can work towards strengthening your relationship and creating a more stable and loving environment for your family.",questionID_754,Why do my boyfriend and I have such trouble communicating?,"We’ve been together almost three years. We argue and he ends it by telling me he doesn’t love me. It's hurtful because I am all about resolving the problem, and he dwells on the issue even if I drop what he's done and just swallow my pride and say I am sorry. How can this be resolved? We have kids, and I don't want a broken family because we can't communicate.",relationships,llama3,0.25411807139632414,0.6611036315447717
high_confidence_false_positive,1130,0,0.5036922883144158,1,0.6020062114712208,1,0.7509724,1,154,3,You are both still trying to get very early needs met.,518,572,0,0,5,"Under duress the very youngest parts of you and your boyfriend emerge. So, while you still look like grown ups, your actions and words are motivated by very early preverbal parts of both of you. In simple terms it is as if two infants somehow acquire the ability to say words but they are motivated by very basic early wounds that were created due to deficits in what was able to be done for each of you, and likely understandable in terms of caregiver's life experience, and that still fell short of what you needed. You are both still trying to get very early needs met. The best advice I can offer is to try and remember this as early as possible when things start to heat up, and then restrain expression that you already know leads nowhere helpful. And seek out a therapist who can help you to work with these early issues and can support you to grow and develop from this stuck point.",questionID_754,Why do my boyfriend and I have such trouble communicating?,"We’ve been together almost three years. We argue and he ends it by telling me he doesn’t love me. It's hurtful because I am all about resolving the problem, and he dwells on the issue even if I drop what he's done and just swallow my pride and say I am sorry. How can this be resolved? We have kids, and I don't want a broken family because we can't communicate.",relationships,human,0.2509724,0.6188902999285456
high_confidence_false_positive,493,0,0.5068737299427762,1,0.249141131227466,0,0.2975497,0,66,5,"Before the first session, it's a good idea to prepare by thinking about what brings you to counseling, what your goals are, and what you hope to achieve.",656,809,0,0,5,"Approaching a counselor can seem daunting, but it's a brave and important step towards prioritizing your mental health. To start the counseling process, you can begin by asking for referrals from your primary care physician, friends, family members, or online directories like Psychology Today. You can also check with your insurance provider to see if they have a list of in-network counselors. Once you've identified a few potential counselors, you can visit their websites or make phone calls to ask questions about their specialty, approach, and availability. 

When you're ready to schedule an appointment, you can typically do so by phone or online. Before the first session, it's a good idea to prepare by thinking about what brings you to counseling, what your goals are, and what you hope to achieve. During the initial session, the counselor will likely introduce themselves, explain their approach and boundaries, and ask you questions to get to know you and understand your concerns. This is also an opportunity for you to get a sense of the counselor's style and see if you feel comfortable working with them.

Remember, counseling is a collaborative process, and it's okay to take your time finding the right fit. Be patient, kind, and compassionate with yourself as you take this important step towards seeking support. You deserve to prioritize your mental health and well-being, and seeking counseling is a sign of strength, not weakness.",questionID_936,How does someone approach a counselor?,How does a person start the counseling process?,counseling-fundamentals,llama3,0.250858868772534,0.3511881870567474
high_confidence_false_positive,1113,0,0.5022221762315039,1,0.4150640514230239,0,0.24943557,0,151,7,"Remember, it's not your responsibility to bear all the weight of these issues.",761,839,0,0,5,"I'm really sorry to hear that you're going through this. Communication issues can be quite challenging in a relationship. It's important to remember that resolution and effective communication require effort from both parties. It might be helpful to consider seeking assistance from a couples counselor or therapist to facilitate open, respectful, and productive conversations. This professional guidance could provide both of you with the tools and strategies needed to express feelings and address issues constructively. In the meantime, try to approach conversations with empathy, patience, and the intention to understand each other's perspectives. It's also important to ensure your own wellbeing, so please consider individual therapy or support as well. Remember, it's not your responsibility to bear all the weight of these issues. This needs to be a mutual effort, and professional help can often be the catalyst for that change.",questionID_754,Why do my boyfriend and I have such trouble communicating?,"We’ve been together almost three years. We argue and he ends it by telling me he doesn’t love me. It's hurtful because I am all about resolving the problem, and he dwells on the issue even if I drop what he's done and just swallow my pride and say I am sorry. How can this be resolved? We have kids, and I don't want a broken family because we can't communicate.",relationships,gpt4,0.25056443,0.38890726588484253
high_confidence_false_positive,74,0,0.5024848118567532,1,0.6043826682867653,1,0.74967295,1,9,10,Sending you positive thoughts and hoping for your boyfriend's speedy recovery.,1158,1236,0,0,5,"I'm so sorry to hear that you're going through this uncertain and stressful situation. It's completely understandable that you're feeling anxious and concerned about your boyfriend's health. The lack of information from the hospital can be frustrating, but it's likely due to patient confidentiality laws and protocols. 

In the meantime, take care of yourself during this challenging time. Reach out to friends, family, or a support group for emotional support. You can also try contacting the hospital's social work department or patient advocate to see if they can provide any guidance or support. 

Remember that you have the right to be informed about your boyfriend's condition if he has designated you as his emergency contact or healthcare proxy. If you haven't already, you may want to ask him if he has completed any advance directives or if he would like you to be his representative. 

Try to stay calm, focus on what you can control, and prioritize your own well-being. Keep in mind that the hospital staff is working to provide the best care for your boyfriend, and it's possible that they will be able to share more information with you soon. Sending you positive thoughts and hoping for your boyfriend's speedy recovery.",questionID_886,My boyfriend is in the hospital. They won’t tell me what’s wrong and if or when he’s coming back,,legal-regulatory,llama3,0.24967295,0.6188468100478395
high_confidence_false_positive,2155,0,0.5095926754798021,1,0.7479227785903751,1,0.6502306,1,287,4,It would be a good idea to check if there is such a rule that applies to you.,435,512,0,0,5,"Generally, the ethical codes only prohibit relationships with clients. There are however a few types of counselor-to-counselor relationships that are prohibited by the ethics codes. Such prohibited relationships include those between supervisors and supervisees; between professors and students; or any time the relationship might negatively impact your (or their) clients. Lastly, some workplaces have rules against dating coworkers. It would be a good idea to check if there is such a rule that applies to you.",questionID_401,Is it unethical to have a relationship with a fellow counselor?,Does this go against any ethical codes? Are there legal ramifications?,workplace-relationships,human,0.24792277859037515,0.6359153513567257
high_confidence_false_positive,2570,0,0.5067986217347705,1,0.4312387963967442,0,0.7465759,1,335,2,"In any relationship, the complexities of each person combine.",205,266,0,0,5,"I'm sorry for the stress and unhappiness stemming the problem you describe.Trust your instinct that there is more complexity to feeling good about being in a partnership than simply wanting this to happen.In any relationship, the complexities of each person combine.   Often people accept when this feels good and are lost as to what to do when natural human complexity, doesn't match up with our partner in the way we'd like.A couples' therapist would be able to help each of you talk about the factors motivating the cheating, as well as clarify the reasons you each have for continuing to stay together. The unique advantage of couple's therapy is that each person is able to hear their partner talk out loud about themselves and their partner.This is sometimes enormously helpful since our inner thoughts are often hidden yet very dominant in how we direct ourselves in relationships.Sometimes the initial consult session offers enough new understanding that a second session wouldn't be necessary for a while.Good luck in finding your relationship happiness!",questionID_732,My fiancé cheated. How can we mend our relationship?,"I'm in a relationship with my fiancé and I currently found out that she's been cheating on me with a co-worker. I was very upset none the less. I understand what she did was wrong, but I want to spend the rest of my life with her. So I'm willing to forgive and move on. We have been together for a little over 9 years, and we have a son. At the beginning of our relationship, I was unfaithful and she caught me cheating. She forgave me for what I've done to her and since then I been completely faithful. I'm worried about our relationship and want to move forward but its been very unsettling. All I can think about is her with another man. I don't know what to do or where to go for advice?",relationships,human,0.24657589999999996,0.5615377727105049
high_confidence_false_positive,2147,0,0.5003996966029859,1,0.3324553855220349,0,0.25733188,0,285,10,"If you're unsure about the ethics or potential consequences of a relationship with a fellow counselor, it's recommended that you consult with a supervisor, a professional organization, or a licensed attorney for guidance.",1324,1545,0,0,5,"Having a romantic or intimate relationship with a fellow counselor can be a complex issue, and its ethics depend on various factors. The American Counseling Association (ACA) and other professional organizations have established codes of ethics to guide counselors' behavior. 

According to the ACA Code of Ethics, there is no explicit prohibition against relationships between colleagues. However, Section C.3.a. (Avoiding Harm and Imposing Values) and Section F.10.a. (Dual Relationships) emphasize the importance of avoiding harm, exploitation, or conflicts of interest that may arise in such relationships. 

If the relationship involves a power imbalance, such as a supervisor-supervisee or instructor-student relationship, it's generally considered unethical and may be prohibited by the organization or institution. 

In terms of legal ramifications, laws and regulations vary by jurisdiction, but generally, there are no specific laws prohibiting relationships between counselors. However, if the relationship leads to favoritism, discrimination, or creates a hostile work environment, it may result in legal issues, such as lawsuits or complaints to licensing boards. 

To navigate these situations, it's essential to consider the potential impact on your professional relationships, work environment, and clients. If you're unsure about the ethics or potential consequences of a relationship with a fellow counselor, it's recommended that you consult with a supervisor, a professional organization, or a licensed attorney for guidance. Ultimately, prioritize maintaining professional boundaries, respecting colleagues, and upholding the principles of your profession to avoid any potential harm or conflicts of interest.",questionID_401,Is it unethical to have a relationship with a fellow counselor?,Does this go against any ethical codes? Are there legal ramifications?,workplace-relationships,llama3,0.24266812,0.3633956540416736
high_confidence_false_positive,565,0,0.500949304982611,1,0.4189525556172984,0,0.2627697,0,77,3,"In most cases, a person must voluntarily agree to receive treatment.",326,394,0,0,5,"As a therapist, my primary role is to provide guidance, support, and therapeutic intervention for my clients. I can certainly recommend that a client seek specialized treatment for an eating disorder if it's necessary for their health and well-being. However, I cannot forcibly admit anyone into treatment against their will. In most cases, a person must voluntarily agree to receive treatment. There are exceptions, such as when a person's life is in immediate danger, but these are generally guided by local laws and regulations. It's important to have open conversations about the benefits of treatment, and to encourage and support individuals to make choices that prioritize their health.",questionID_708,Can a therapist have a client admitted to an eating disorder treatment center if the client does not want to go?,,eating-disorders,gpt4,0.2372303,0.39422385353330314
high_confidence_false_positive,2135,0,0.500876726847303,1,0.2702877537633458,0,0.2674001,0,284,6,Always ensure you act professionally and ethically in all aspects of your work.,1018,1097,0,0,5,"As a therapist, it's important to maintain professional boundaries and adhere to ethical guidelines in all circumstances. In terms of having a romantic relationship with a fellow counselor, it's not inherently unethical, provided it doesn't interfere with your ability to provide effective and unbiased care to your clients. It's crucial to avoid any conflicts of interest and ensure that your personal life doesn't affect your professional responsibilities. 

However, it's important to know that different organizations, workplaces, and professional bodies may have their own specific rules or guidelines about relationships between colleagues, so you should consult your organization's policies or your professional body's ethical guidelines for clarity.

In terms of legality, generally there aren't any legal ramifications for having a relationship with a fellow counselor. However, situations that involve harassment, discrimination, or violation of workplace policies could potentially have legal implications. Always ensure you act professionally and ethically in all aspects of your work. If you're uncertain, consider seeking advice from a mentor, supervisor, or legal counsel.",questionID_401,Is it unethical to have a relationship with a fellow counselor?,Does this go against any ethical codes? Are there legal ramifications?,workplace-relationships,gpt4,0.23259990000000003,0.3461881935368829
high_confidence_false_positive,506,0,0.5074749763656804,1,0.5420708498066438,0,0.7294982,1,68,4,"You may also discover, rather quickly, that this therapist is not the right match for you.",522,612,0,0,5,"Hello, There are many ways to approach a counselor and starting the process, however they all start with picking up the phone.  It's most definitely an uncomfortable feeling, but once that first step is taken it is often met with a wave of relief. My recommendation is always to call and speak with a therapist over the phone before scheduling an appointment. Listening to how they converse, use their tone and inflection, may give you a brief insight to how they will respond to you and increase your comfort right away. You may also discover, rather quickly, that this therapist is not the right match for you.Regardless of how you go about it, I like to remind all people who call, email, text or walk-in, therapists are a bit like pizzas - if you don't like the toppings, send it back! There are hundreds of therapists offering all kinds of styles of therapy - take the time to pick one that suits you.",questionID_936,How does someone approach a counselor?,How does a person start the counseling process?,counseling-fundamentals,human,0.22949819999999999,0.5930146753907747
high_confidence_false_positive,2356,0,0.5046702552244107,1,0.2730192272443833,0,0.67567307,1,312,2,But please be aware that it is rare that any wedding is perfect.,190,254,0,0,5,"It's hard to let go of the dreams you had regarding your wedding and engagement. This was something that you and most women think about for years, so it's understandable to be disappointed. But please be aware that it is rare that any wedding is perfect. You may envy your friends' weddings but more than likely they had a few mishaps of their own and/or it wasn't as perfect as they had planned it either. However, like you know, the marriage is the most important thing. How many women are envious that you are in a happy, stable relationship? I assure you that there are plenty. Try to live in the present considering that dwelling on the past can still not change how you were proposed to or how your wedding day transpired. Focus on what you can control NOW. Perhaps, you can plan an extravagant renewal of your vows or change the look of your ring?I would also be upfront with your husband and explain why you've been short lately. But after that, close that chapter and move on. It sounds like you have a wonderful companion and you certainly don't want to lose this due to a situation that is impossible to change.",questionID_707,How can I let go of my dream wedding?,"I have been with my husband for almost 7 years. We got engaged a little after 5 years of being together. I had always been clear that I wanted to get married and I sadly would drop hints about how i wanted him to propose. When he did propose it was during a random vacation that I had planned. I was happy but I couldn't help feeling disappointed too. I had told him numerous times before that I wanted him to do it in front of my friends and family. I know it sounds dumb to be upset but I couldn't help how I was feeling. We are now married but the wedding and ring were also far from what I wanted and it wasn't due to lack of funds. I know this is all material and the marriage is the most important thing but I cant help but get jealous and envious every time I see someone get a proposal or wedding that I had wanted. I cant help my anger because I know we only get one proposal and one wedding. What I wanted will never happen. I have been working on my feelings for the past year and half to get over it. I try to focus on our marriage but every time I see someone have the best proposals and weddings I get upset. I know it is selfish and I know its petty but I just can't control it. It's ruining our relationship because I constantly think about it. Plus, I get mad at him for small things because I am trying to hide the fact that I am so disappointed. Why can't I move on?",marriage,human,0.22698077275561668,0.4844541841562647
high_confidence_false_positive,578,0,0.5015769486225718,1,0.4759717523453563,0,0.72597575,1,79,1,"A therapist can be part of this process, but they cannot unilaterally admit someone against their will.",227,330,0,0,5,"Involuntary admission to a treatment center for an eating disorder is complex and varies by location, but generally requires a legal process involving demonstrating imminent danger to self or others due to the eating disorder. A therapist can be part of this process, but they cannot unilaterally admit someone against their will.",questionID_708,Can a therapist have a client admitted to an eating disorder treatment center if the client does not want to go?,,eating-disorders,gemini,0.22597575000000003,0.5678414836559761
high_confidence_false_positive,948,0,0.5012389513711933,1,0.3674731990874575,0,0.27423498,0,128,3,"Other challenges may arise from clients who are mandated to attend therapy, such as those involved in the legal system, as they may not be invested in the therapeutic process.",472,647,0,0,5,"As a counselor, I can attest that every client presents unique challenges, and some may be more difficult to work with than others. Some common difficulties that a counselor can encounter when dealing with a client include resistance to change, lack of motivation, or unrealistic expectations. Additionally, clients with severe mental health issues, such as borderline personality disorder or trauma, may require specialized training and expertise to manage effectively.

Other challenges may arise from clients who are mandated to attend therapy, such as those involved in the legal system, as they may not be invested in the therapeutic process. Cultural or language barriers can also create difficulties, as can differences in values or worldview between the client and counselor.

Furthermore, some clients may exhibit behaviors that are challenging to manage, such as aggression, manipulation, or emotional dysregulation. In these cases, the counselor must prioritize their own emotional safety and well-being while still providing a supportive and non-judgmental space for the client.

To navigate these challenges, it's essential for counselors to maintain a strong therapeutic alliance, establish clear boundaries, and engage in ongoing self-reflection and professional development. By doing so, counselors can build resilience, improve their skills, and provide effective support to even the most difficult clients. Ultimately, every client deserves compassion, empathy, and understanding, regardless of the challenges they may present.",questionID_939,Are some clients more difficult than others?,What are some difficulties that a counselor can encounter when dealing with a client?,counseling-fundamentals,llama3,0.22576501999999998,0.38098237681955033
high_confidence_false_positive,1442,0,0.505291384703569,1,0.4678908727094178,0,0.72430676,1,197,5,"Approach the conversation with empathy, but also set clear boundaries and expectations for how you want to be treated in the relationship.",649,787,0,0,5,"It sounds like you're feeling frustrated, hurt, and possibly even defensive in your relationship. The constant accusations and lack of acknowledgment of her own mistakes can be draining. To address this, consider having an open and honest conversation with your wife about how her behavior is affecting you. Use ""I"" statements to express your feelings, such as ""I feel disrespected when you accuse me of cheating without any evidence"" or ""I feel like I'm walking on eggshells around you, never knowing what will trigger an argument."" 

It's also essential to understand that her behavior might be a sign of her own insecurities or past experiences. Approach the conversation with empathy, but also set clear boundaries and expectations for how you want to be treated in the relationship. Regarding the ""sweetheart"" example, you could explain that it's a harmless term you use in a professional setting, and reassure her that it doesn't imply any romantic or intimate intentions.

However, it's crucial to recognize that you can't force someone to understand or admit their mistakes. If your wife is unwilling to listen, reflect on her actions, or work on rebuilding trust, it may be a sign of deeper issues in the relationship. In such cases, couples therapy can be beneficial in addressing these concerns and improving communication. Remember that your emotional well-being is important, and it's okay to prioritize your own needs and seek support if the relationship becomes toxic or unsustainable.",questionID_391,Why do I feel like I'm always wrong in everything in my relationship?,"My wife is always accusing me of cheating and telling me that I'm doing things she finds disrespectful even when I don't mean it like that. For example, she gets offended when I call someone at work ""sweetheart."" I wish I had a penny for every time she accused me of cheating on her. She doesn't, and never will say she was wrong. How do I get her to understand?",workplace-relationships,llama3,0.22430676000000005,0.5658296724709957
high_confidence_false_positive,1819,0,0.5022979156759894,1,0.5039245648843284,0,0.2814485,0,244,4,"Remember, therapy is about helping you, and there's no right or wrong way to feel.",335,417,0,0,5,"It's absolutely normal to cry during therapy, and there's absolutely nothing to be embarrassed about. Therapy is a safe space for you to express your emotions and feelings openly. Crying can often be a part of the healing process, allowing us to release pent-up emotions. A good therapist will understand and support you through this. Remember, therapy is about helping you, and there's no right or wrong way to feel. It's natural to feel anxious about starting therapy, but try to see it as a positive step towards better understanding and managing your emotions.",questionID_144,Is it normal to cry during therapy?,"I start counseling/therapy in a few days (I'm freaking out) but my main fear is that I'll cry and embarrass myself, is it something to worry about?",anxiety,gpt4,0.2185515,0.42922366018677255
high_confidence_false_positive,2355,0,0.5084753328211536,1,0.7165089743599914,1,0.71158105,1,312,1,"This was something that you and most women think about for years, so it's understandable to be disappointed.",81,189,0,0,5,"It's hard to let go of the dreams you had regarding your wedding and engagement. This was something that you and most women think about for years, so it's understandable to be disappointed. But please be aware that it is rare that any wedding is perfect. You may envy your friends' weddings but more than likely they had a few mishaps of their own and/or it wasn't as perfect as they had planned it either. However, like you know, the marriage is the most important thing. How many women are envious that you are in a happy, stable relationship? I assure you that there are plenty. Try to live in the present considering that dwelling on the past can still not change how you were proposed to or how your wedding day transpired. Focus on what you can control NOW. Perhaps, you can plan an extravagant renewal of your vows or change the look of your ring?I would also be upfront with your husband and explain why you've been short lately. But after that, close that chapter and move on. It sounds like you have a wonderful companion and you certainly don't want to lose this due to a situation that is impossible to change.",questionID_707,How can I let go of my dream wedding?,"I have been with my husband for almost 7 years. We got engaged a little after 5 years of being together. I had always been clear that I wanted to get married and I sadly would drop hints about how i wanted him to propose. When he did propose it was during a random vacation that I had planned. I was happy but I couldn't help feeling disappointed too. I had told him numerous times before that I wanted him to do it in front of my friends and family. I know it sounds dumb to be upset but I couldn't help how I was feeling. We are now married but the wedding and ring were also far from what I wanted and it wasn't due to lack of funds. I know this is all material and the marriage is the most important thing but I cant help but get jealous and envious every time I see someone get a proposal or wedding that I had wanted. I cant help my anger because I know we only get one proposal and one wedding. What I wanted will never happen. I have been working on my feelings for the past year and half to get over it. I try to focus on our marriage but every time I see someone have the best proposals and weddings I get upset. I know it is selfish and I know its petty but I just can't control it. It's ruining our relationship because I constantly think about it. Plus, I get mad at him for small things because I am trying to hide the fact that I am so disappointed. Why can't I move on?",marriage,human,0.2165089743599914,0.6455217857270483
high_confidence_false_positive,66,0,0.5001398263680067,1,0.2845142389585134,0,0.33048537,0,9,2,"The lack of information from the hospital can be frustrating, but it's likely due to patient confidentiality laws and protocols.",191,319,0,0,5,"I'm so sorry to hear that you're going through this uncertain and stressful situation. It's completely understandable that you're feeling anxious and concerned about your boyfriend's health. The lack of information from the hospital can be frustrating, but it's likely due to patient confidentiality laws and protocols. 

In the meantime, take care of yourself during this challenging time. Reach out to friends, family, or a support group for emotional support. You can also try contacting the hospital's social work department or patient advocate to see if they can provide any guidance or support. 

Remember that you have the right to be informed about your boyfriend's condition if he has designated you as his emergency contact or healthcare proxy. If you haven't already, you may want to ask him if he has completed any advance directives or if he would like you to be his representative. 

Try to stay calm, focus on what you can control, and prioritize your own well-being. Keep in mind that the hospital staff is working to provide the best care for your boyfriend, and it's possible that they will be able to share more information with you soon. Sending you positive thoughts and hoping for your boyfriend's speedy recovery.",questionID_886,My boyfriend is in the hospital. They won’t tell me what’s wrong and if or when he’s coming back,,legal-regulatory,llama3,0.2154857610414866,0.37171314510884007
high_confidence_false_positive,2347,0,0.501195922841696,1,0.2854100356945896,0,0.5377567,0,310,4,"It may also be helpful to reflect on what specifically you felt was missing from your wedding and proposal, and see if there are ways to recreate or celebrate those aspects in other ways, such as a vow renewal or a special anniversary celebration.",656,903,0,0,5,"It's completely understandable that you're struggling to let go of your dream wedding, especially when it feels like a once-in-a-lifetime experience that didn't meet your expectations. It's not about being selfish or petty, but rather about acknowledging and processing your unmet emotional needs. It's possible that your feelings of disappointment and jealousy are rooted in a sense of grief for the wedding and proposal you had envisioned, which is a valid emotion. 

To move forward, consider having an open and honest conversation with your husband about your feelings, using ""I"" statements to express your emotions and avoid blaming or resenting him. It may also be helpful to reflect on what specifically you felt was missing from your wedding and proposal, and see if there are ways to recreate or celebrate those aspects in other ways, such as a vow renewal or a special anniversary celebration. 

Additionally, practicing self-compassion and acknowledging that it's okay to have these feelings can help you work through them. Remind yourself that your marriage is not defined by one event, but by the daily choices and commitments you and your husband make to each other. Focus on nurturing your relationship and building positive experiences together, rather than comparing your wedding to others. Lastly, consider seeking the help of a couples therapist who can provide a safe and supportive environment to explore these feelings and work through them together.",questionID_707,How can I let go of my dream wedding?,"I have been with my husband for almost 7 years. We got engaged a little after 5 years of being together. I had always been clear that I wanted to get married and I sadly would drop hints about how i wanted him to propose. When he did propose it was during a random vacation that I had planned. I was happy but I couldn't help feeling disappointed too. I had told him numerous times before that I wanted him to do it in front of my friends and family. I know it sounds dumb to be upset but I couldn't help how I was feeling. We are now married but the wedding and ring were also far from what I wanted and it wasn't due to lack of funds. I know this is all material and the marriage is the most important thing but I cant help but get jealous and envious every time I see someone get a proposal or wedding that I had wanted. I cant help my anger because I know we only get one proposal and one wedding. What I wanted will never happen. I have been working on my feelings for the past year and half to get over it. I try to focus on our marriage but every time I see someone have the best proposals and weddings I get upset. I know it is selfish and I know its petty but I just can't control it. It's ruining our relationship because I constantly think about it. Plus, I get mad at him for small things because I am trying to hide the fact that I am so disappointed. Why can't I move on?",marriage,llama3,0.21458996430541039,0.44145421951209524
high_confidence_false_positive,1440,0,0.5029406515448926,1,0.7104295630470032,1,0.56326765,0,197,3,"Use ""I"" statements to express your feelings, such as ""I feel disrespected when you accuse me of cheating without any evidence"" or ""I feel like I'm walking on eggshells around you, never knowing what will trigger an argument.""",308,533,0,0,5,"It sounds like you're feeling frustrated, hurt, and possibly even defensive in your relationship. The constant accusations and lack of acknowledgment of her own mistakes can be draining. To address this, consider having an open and honest conversation with your wife about how her behavior is affecting you. Use ""I"" statements to express your feelings, such as ""I feel disrespected when you accuse me of cheating without any evidence"" or ""I feel like I'm walking on eggshells around you, never knowing what will trigger an argument."" 

It's also essential to understand that her behavior might be a sign of her own insecurities or past experiences. Approach the conversation with empathy, but also set clear boundaries and expectations for how you want to be treated in the relationship. Regarding the ""sweetheart"" example, you could explain that it's a harmless term you use in a professional setting, and reassure her that it doesn't imply any romantic or intimate intentions.

However, it's crucial to recognize that you can't force someone to understand or admit their mistakes. If your wife is unwilling to listen, reflect on her actions, or work on rebuilding trust, it may be a sign of deeper issues in the relationship. In such cases, couples therapy can be beneficial in addressing these concerns and improving communication. Remember that your emotional well-being is important, and it's okay to prioritize your own needs and seek support if the relationship becomes toxic or unsustainable.",questionID_391,Why do I feel like I'm always wrong in everything in my relationship?,"My wife is always accusing me of cheating and telling me that I'm doing things she finds disrespectful even when I don't mean it like that. For example, she gets offended when I call someone at work ""sweetheart."" I wish I had a penny for every time she accused me of cheating on her. She doesn't, and never will say she was wrong. How do I get her to understand?",workplace-relationships,llama3,0.21042956304700322,0.5922126215306319
high_confidence_false_positive,397,0,0.5018244026948847,1,0.5349620701223773,0,0.7096315,1,52,2,"Savor each bite, pay attention to the flavors, textures, and aromas, and stop eating when you feel satisfied, rather than stuffed.",243,373,0,0,5,"Developing self-control around food, especially sweets, can be challenging, but it's achievable with practice, patience, and the right strategies. To start, try to tune into your body's hunger and fullness cues by eating slowly and mindfully. Savor each bite, pay attention to the flavors, textures, and aromas, and stop eating when you feel satisfied, rather than stuffed. It can also be helpful to use a hunger-fullness scale, where 1 is extremely hungry and 10 is extremely full. Aim to stop eating when you reach a 7 or 8, when you feel content but not overly full.

Another strategy is to identify your emotional triggers for overeating, such as stress, boredom, or emotional events. Once you're aware of your triggers, you can develop alternative coping mechanisms, like going for a walk, practicing deep breathing, or engaging in a hobby. It's also essential to set realistic expectations and allow yourself to enjoy your favorite sweets in moderation, rather than depriving yourself and then overindulging.

Additionally, consider implementing some practical tips, such as using smaller plates, eating regular meals to avoid extreme hunger, and removing distractions while eating, like turning off the TV or putting away your phone. Remember that it takes time and effort to develop new habits, so be gentle with yourself and don't expect to change overnight. With consistent practice and self-compassion, you can develop a healthier relationship with food and learn to stop eating when you're full, rather than relying on willpower or self-control.",questionID_714,How can I train myself to stop eating when I'm full?,"I have no self control over food. Most people stop when they've had enough, but I keep eating for the pleasure of it. Especially with sweets - I'm never done eating dessert.",eating-disorders,llama3,0.20963149999999997,0.5821393242724207
high_confidence_false_positive,396,0,0.5001714633544267,1,0.4892445957182343,0,0.70886326,1,52,1,"To start, try to tune into your body's hunger and fullness cues by eating slowly and mindfully.",147,242,0,0,5,"Developing self-control around food, especially sweets, can be challenging, but it's achievable with practice, patience, and the right strategies. To start, try to tune into your body's hunger and fullness cues by eating slowly and mindfully. Savor each bite, pay attention to the flavors, textures, and aromas, and stop eating when you feel satisfied, rather than stuffed. It can also be helpful to use a hunger-fullness scale, where 1 is extremely hungry and 10 is extremely full. Aim to stop eating when you reach a 7 or 8, when you feel content but not overly full.

Another strategy is to identify your emotional triggers for overeating, such as stress, boredom, or emotional events. Once you're aware of your triggers, you can develop alternative coping mechanisms, like going for a walk, practicing deep breathing, or engaging in a hobby. It's also essential to set realistic expectations and allow yourself to enjoy your favorite sweets in moderation, rather than depriving yourself and then overindulging.

Additionally, consider implementing some practical tips, such as using smaller plates, eating regular meals to avoid extreme hunger, and removing distractions while eating, like turning off the TV or putting away your phone. Remember that it takes time and effort to develop new habits, so be gentle with yourself and don't expect to change overnight. With consistent practice and self-compassion, you can develop a healthier relationship with food and learn to stop eating when you're full, rather than relying on willpower or self-control.",questionID_714,How can I train myself to stop eating when I'm full?,"I have no self control over food. Most people stop when they've had enough, but I keep eating for the pleasure of it. Especially with sweets - I'm never done eating dessert.",eating-disorders,llama3,0.20886326,0.5660931063575537
high_confidence_false_positive,63,0,0.5024876312579537,1,0.7016644380490653,1,0.63769275,0,8,6,You're stronger than you think.,678,709,0,0,5,"I'm really sorry to hear about your boyfriend. It sounds like you're going through a particularly stressful and uncertain time. It's important for you to understand that you can't control everything, especially health situations of others. What you can do right now is to take care of yourself, try to stay connected with your boyfriend through messages or phone calls if possible, and seek support from your friends and family. It might also help to engage in activities that can help you cope with stress, like reading, listening to music, doing some physical exercise, or meditation. Remember, it's okay to feel scared and worried, but try not to let your worry consume you. You're stronger than you think.",questionID_886,My boyfriend is in the hospital. They won’t tell me what’s wrong and if or when he’s coming back,,legal-regulatory,gpt4,0.2016644380490653,0.6139482731023397
high_confidence_false_positive,494,0,0.5035318455707708,1,0.3027827632340948,0,0.43760324,0,66,6,"During the initial session, the counselor will likely introduce themselves, explain their approach and boundaries, and ask you questions to get to know you and understand your concerns.",810,995,0,0,5,"Approaching a counselor can seem daunting, but it's a brave and important step towards prioritizing your mental health. To start the counseling process, you can begin by asking for referrals from your primary care physician, friends, family members, or online directories like Psychology Today. You can also check with your insurance provider to see if they have a list of in-network counselors. Once you've identified a few potential counselors, you can visit their websites or make phone calls to ask questions about their specialty, approach, and availability. 

When you're ready to schedule an appointment, you can typically do so by phone or online. Before the first session, it's a good idea to prepare by thinking about what brings you to counseling, what your goals are, and what you hope to achieve. During the initial session, the counselor will likely introduce themselves, explain their approach and boundaries, and ask you questions to get to know you and understand your concerns. This is also an opportunity for you to get a sense of the counselor's style and see if you feel comfortable working with them.

Remember, counseling is a collaborative process, and it's okay to take your time finding the right fit. Be patient, kind, and compassionate with yourself as you take this important step towards seeking support. You deserve to prioritize your mental health and well-being, and seeking counseling is a sign of strength, not weakness.",questionID_936,How does someone approach a counselor?,How does a person start the counseling process?,counseling-fundamentals,llama3,0.1972172367659052,0.4146392829349552
high_confidence_false_positive,261,0,0.5020259195340694,1,0.4479334552946774,0,0.69703674,1,35,4,"You might start by expressing your concern, letting her know you're coming from a place of care for her and the baby.",342,459,0,0,5,"I'm really sorry to hear about your mom's passing and the situation you're currently facing with your daughter-in-law. It's understandable that you are concerned. Her use of marijuana during pregnancy could potentially affect the health of the unborn child. It's generally recommended to approach such situations with calm and understanding. You might start by expressing your concern, letting her know you're coming from a place of care for her and the baby. Perhaps encourage her to consult with a healthcare provider about safer alternatives for managing her morning sickness. Remember, this is a delicate situation and it's important to maintain respect and empathy throughout the conversation.",questionID_624,My daughter-in-law is smoking marijuana while pregnant,"My new daughter-in-law just informed me that she is smoking marijuana while pregnant because of her morning sickness. I’m in shock and I don’t know how to respond. I just lost my mom, and she was good with advice.",substance-abuse,gpt4,0.19703674000000004,0.5489987049429156
high_confidence_false_positive,564,0,0.5006383165603449,1,0.5446596525651489,0,0.69683623,1,77,2,"However, I cannot forcibly admit anyone into treatment against their will.",251,325,0,0,5,"As a therapist, my primary role is to provide guidance, support, and therapeutic intervention for my clients. I can certainly recommend that a client seek specialized treatment for an eating disorder if it's necessary for their health and well-being. However, I cannot forcibly admit anyone into treatment against their will. In most cases, a person must voluntarily agree to receive treatment. There are exceptions, such as when a person's life is in immediate danger, but these are generally guided by local laws and regulations. It's important to have open conversations about the benefits of treatment, and to encourage and support individuals to make choices that prioritize their health.",questionID_708,Can a therapist have a client admitted to an eating disorder treatment center if the client does not want to go?,,eating-disorders,gpt4,0.19683622999999995,0.5807113997084979
high_confidence_false_positive,1438,0,0.5042984199084517,1,0.6537093488048458,1,0.6953459,1,197,1,The constant accusations and lack of acknowledgment of her own mistakes can be draining.,98,186,0,0,5,"It sounds like you're feeling frustrated, hurt, and possibly even defensive in your relationship. The constant accusations and lack of acknowledgment of her own mistakes can be draining. To address this, consider having an open and honest conversation with your wife about how her behavior is affecting you. Use ""I"" statements to express your feelings, such as ""I feel disrespected when you accuse me of cheating without any evidence"" or ""I feel like I'm walking on eggshells around you, never knowing what will trigger an argument."" 

It's also essential to understand that her behavior might be a sign of her own insecurities or past experiences. Approach the conversation with empathy, but also set clear boundaries and expectations for how you want to be treated in the relationship. Regarding the ""sweetheart"" example, you could explain that it's a harmless term you use in a professional setting, and reassure her that it doesn't imply any romantic or intimate intentions.

However, it's crucial to recognize that you can't force someone to understand or admit their mistakes. If your wife is unwilling to listen, reflect on her actions, or work on rebuilding trust, it may be a sign of deeper issues in the relationship. In such cases, couples therapy can be beneficial in addressing these concerns and improving communication. Remember that your emotional well-being is important, and it's okay to prioritize your own needs and seek support if the relationship becomes toxic or unsustainable.",questionID_391,Why do I feel like I'm always wrong in everything in my relationship?,"My wife is always accusing me of cheating and telling me that I'm doing things she finds disrespectful even when I don't mean it like that. For example, she gets offended when I call someone at work ""sweetheart."" I wish I had a penny for every time she accused me of cheating on her. She doesn't, and never will say she was wrong. How do I get her to understand?",workplace-relationships,llama3,0.19534589999999996,0.6177845562377658
high_confidence_false_positive,508,0,0.5035317369432225,1,0.304965407710828,0,0.37745,0,68,6,There are hundreds of therapists offering all kinds of styles of therapy - take the time to pick one that suits you.,790,906,0,0,5,"Hello, There are many ways to approach a counselor and starting the process, however they all start with picking up the phone.  It's most definitely an uncomfortable feeling, but once that first step is taken it is often met with a wave of relief. My recommendation is always to call and speak with a therapist over the phone before scheduling an appointment. Listening to how they converse, use their tone and inflection, may give you a brief insight to how they will respond to you and increase your comfort right away. You may also discover, rather quickly, that this therapist is not the right match for you.Regardless of how you go about it, I like to remind all people who call, email, text or walk-in, therapists are a bit like pizzas - if you don't like the toppings, send it back! There are hundreds of therapists offering all kinds of styles of therapy - take the time to pick one that suits you.",questionID_936,How does someone approach a counselor?,How does a person start the counseling process?,counseling-fundamentals,human,0.19503459228917203,0.39531571488468353
high_confidence_false_positive,73,0,0.5080463114034178,1,0.5014955347116311,0,0.30664396,0,9,9,"Keep in mind that the hospital staff is working to provide the best care for your boyfriend, and it's possible that they will be able to share more information with you soon.",983,1157,0,0,5,"I'm so sorry to hear that you're going through this uncertain and stressful situation. It's completely understandable that you're feeling anxious and concerned about your boyfriend's health. The lack of information from the hospital can be frustrating, but it's likely due to patient confidentiality laws and protocols. 

In the meantime, take care of yourself during this challenging time. Reach out to friends, family, or a support group for emotional support. You can also try contacting the hospital's social work department or patient advocate to see if they can provide any guidance or support. 

Remember that you have the right to be informed about your boyfriend's condition if he has designated you as his emergency contact or healthcare proxy. If you haven't already, you may want to ask him if he has completed any advance directives or if he would like you to be his representative. 

Try to stay calm, focus on what you can control, and prioritize your own well-being. Keep in mind that the hospital staff is working to provide the best care for your boyfriend, and it's possible that they will be able to share more information with you soon. Sending you positive thoughts and hoping for your boyfriend's speedy recovery.",questionID_886,My boyfriend is in the hospital. They won’t tell me what’s wrong and if or when he’s coming back,,legal-regulatory,llama3,0.19335604,0.4387286020383496
high_confidence_false_negative,1835,1,0.4995077725452988,0,0.5345783398357353,0,0.84516835,1,247,2,"Cry away, therapist are very used to it:)",84,125,3,3,5,"Oh, crying in therapy is very normal! I have a stack of kleenex boxes in my office. Cry away, therapist are very used to it:) First time being in therapy is scary, but you'll soon know if you are a good match.",questionID_144,Is it normal to cry during therapy?,"I start counseling/therapy in a few days (I'm freaking out) but my main fear is that I'll cry and embarrass myself, is it something to worry about?",anxiety,human,0.34516835,0.6264181541270114
high_confidence_false_negative,2564,1,0.4841030653404176,0,0.2122122275538251,0,0.20495081,0,333,12,"It's okay to seek help, and don't be afraid to reach out to a therapist or counselor who can provide guidance and support throughout this challenging time.",1280,1435,1,1,5,"I'm so sorry to hear about the pain and betrayal you're experiencing. Given your history and desire to move forward, it's essential to approach this situation with care and honesty. First, acknowledge that forgiveness is a process, and it may take time for both of you to heal. Consider couples therapy to work through your feelings and rebuild trust. It's crucial to have open and honest conversations about what happened, why it happened, and how you both can work together to prevent it in the future.

Reflect on your past infidelity and how your fiancé forgave you. Recognize that her cheating may be a symptom of deeper issues in your relationship, and it's essential to address these underlying problems. Make sure you're both on the same page regarding your commitment to the relationship and your son.

To overcome the unsettling thoughts, try to focus on the present moment and the future you want to build together. Practice self-care, engage in activities that bring you joy, and prioritize quality time with your fiancé and son. Rebuilding trust will require effort, patience, and understanding from both parties.

Remember that healing is not about forgetting or condoning the infidelity but about working together to create a stronger, more resilient relationship. It's okay to seek help, and don't be afraid to reach out to a therapist or counselor who can provide guidance and support throughout this challenging time.",questionID_732,My fiancé cheated. How can we mend our relationship?,"I'm in a relationship with my fiancé and I currently found out that she's been cheating on me with a co-worker. I was very upset none the less. I understand what she did was wrong, but I want to spend the rest of my life with her. So I'm willing to forgive and move on. We have been together for a little over 9 years, and we have a son. At the beginning of our relationship, I was unfaithful and she caught me cheating. She forgave me for what I've done to her and since then I been completely faithful. I'm worried about our relationship and want to move forward but its been very unsettling. All I can think about is her with another man. I don't know what to do or where to go for advice?",relationships,llama3,0.29504918999999996,0.3004220342980809
high_confidence_false_negative,2552,1,0.4902521690115636,0,0.3638660098714519,0,0.20614257,0,333,0,I'm so sorry to hear about the pain and betrayal you're experiencing.,0,69,1,1,5,"I'm so sorry to hear about the pain and betrayal you're experiencing. Given your history and desire to move forward, it's essential to approach this situation with care and honesty. First, acknowledge that forgiveness is a process, and it may take time for both of you to heal. Consider couples therapy to work through your feelings and rebuild trust. It's crucial to have open and honest conversations about what happened, why it happened, and how you both can work together to prevent it in the future.

Reflect on your past infidelity and how your fiancé forgave you. Recognize that her cheating may be a symptom of deeper issues in your relationship, and it's essential to address these underlying problems. Make sure you're both on the same page regarding your commitment to the relationship and your son.

To overcome the unsettling thoughts, try to focus on the present moment and the future you want to build together. Practice self-care, engage in activities that bring you joy, and prioritize quality time with your fiancé and son. Rebuilding trust will require effort, patience, and understanding from both parties.

Remember that healing is not about forgetting or condoning the infidelity but about working together to create a stronger, more resilient relationship. It's okay to seek help, and don't be afraid to reach out to a therapist or counselor who can provide guidance and support throughout this challenging time.",questionID_732,My fiancé cheated. How can we mend our relationship?,"I'm in a relationship with my fiancé and I currently found out that she's been cheating on me with a co-worker. I was very upset none the less. I understand what she did was wrong, but I want to spend the rest of my life with her. So I'm willing to forgive and move on. We have been together for a little over 9 years, and we have a son. At the beginning of our relationship, I was unfaithful and she caught me cheating. She forgave me for what I've done to her and since then I been completely faithful. I'm worried about our relationship and want to move forward but its been very unsettling. All I can think about is her with another man. I don't know what to do or where to go for advice?",relationships,llama3,0.29385743,0.35342024962767177
high_confidence_false_negative,409,1,0.498387715546286,0,0.4967752748770226,0,0.78031546,1,54,1,"A simple walk around the block, calling up a friend and going to visit, or even going to another room in the house can help.",100,224,2,2,5,"I would recommend removing yourself from the environment you are in after you have finished eating. A simple walk around the block, calling up a friend and going to visit, or even going to another room in the house can help. If you find that you truly have no self control over food, I recommend attending Overeaters Anonymous; a 12 step group for those with compulsive issues related to food. I hope this helps.",questionID_714,How can I train myself to stop eating when I'm full?,"I have no self control over food. Most people stop when they've had enough, but I keep eating for the pleasure of it. Especially with sweets - I'm never done eating dessert.",eating-disorders,human,0.28031545999999996,0.5918261501411028
high_confidence_false_negative,2353,1,0.4928446877312326,0,0.3418299540205564,0,0.23140705,0,311,1,Consider exploring these feelings further with a therapist to develop coping strategies and strengthen your communication skills.,271,400,1,1,5,"While it's understandable to feel disappointed when a long-held dream doesn't match reality, focusing on acceptance and open communication with your husband about your lingering feelings, rather than suppressing them, is key to moving forward and enjoying your marriage. Consider exploring these feelings further with a therapist to develop coping strategies and strengthen your communication skills.",questionID_707,How can I let go of my dream wedding?,"I have been with my husband for almost 7 years. We got engaged a little after 5 years of being together. I had always been clear that I wanted to get married and I sadly would drop hints about how i wanted him to propose. When he did propose it was during a random vacation that I had planned. I was happy but I couldn't help feeling disappointed too. I had told him numerous times before that I wanted him to do it in front of my friends and family. I know it sounds dumb to be upset but I couldn't help how I was feeling. We are now married but the wedding and ring were also far from what I wanted and it wasn't due to lack of funds. I know this is all material and the marriage is the most important thing but I cant help but get jealous and envious every time I see someone get a proposal or wedding that I had wanted. I cant help my anger because I know we only get one proposal and one wedding. What I wanted will never happen. I have been working on my feelings for the past year and half to get over it. I try to focus on our marriage but every time I see someone have the best proposals and weddings I get upset. I know it is selfish and I know its petty but I just can't control it. It's ruining our relationship because I constantly think about it. Plus, I get mad at him for small things because I am trying to hide the fact that I am so disappointed. Why can't I move on?",marriage,gemini,0.26859295,0.355360563917263
high_confidence_false_negative,2553,1,0.4935679993691462,0,0.3368642935115197,0,0.23402077,0,333,1,"Given your history and desire to move forward, it's essential to approach this situation with care and honesty.",70,181,1,1,5,"I'm so sorry to hear about the pain and betrayal you're experiencing. Given your history and desire to move forward, it's essential to approach this situation with care and honesty. First, acknowledge that forgiveness is a process, and it may take time for both of you to heal. Consider couples therapy to work through your feelings and rebuild trust. It's crucial to have open and honest conversations about what happened, why it happened, and how you both can work together to prevent it in the future.

Reflect on your past infidelity and how your fiancé forgave you. Recognize that her cheating may be a symptom of deeper issues in your relationship, and it's essential to address these underlying problems. Make sure you're both on the same page regarding your commitment to the relationship and your son.

To overcome the unsettling thoughts, try to focus on the present moment and the future you want to build together. Practice self-care, engage in activities that bring you joy, and prioritize quality time with your fiancé and son. Rebuilding trust will require effort, patience, and understanding from both parties.

Remember that healing is not about forgetting or condoning the infidelity but about working together to create a stronger, more resilient relationship. It's okay to seek help, and don't be afraid to reach out to a therapist or counselor who can provide guidance and support throughout this challenging time.",questionID_732,My fiancé cheated. How can we mend our relationship?,"I'm in a relationship with my fiancé and I currently found out that she's been cheating on me with a co-worker. I was very upset none the less. I understand what she did was wrong, but I want to spend the rest of my life with her. So I'm willing to forgive and move on. We have been together for a little over 9 years, and we have a son. At the beginning of our relationship, I was unfaithful and she caught me cheating. She forgave me for what I've done to her and since then I been completely faithful. I'm worried about our relationship and want to move forward but its been very unsettling. All I can think about is her with another man. I don't know what to do or where to go for advice?",relationships,llama3,0.26597923,0.35481768762688864
high_confidence_false_negative,266,1,0.498299677435229,0,0.4007884279011202,0,0.24161436,0,36,2,"While some studies suggest that marijuana may help alleviate morning sickness, the American College of Obstetricians and Gynecologists (ACOG) and other reputable health organizations recommend avoiding marijuana use during pregnancy due to potential risks to the fetus, such as low birth weight and developmental delays.",246,566,1,1,5,"I'm so sorry to hear about your loss, and I can understand why you're seeking guidance during this challenging time. Regarding your daughter-in-law's situation, it's natural to feel concerned about her decision to smoke marijuana while pregnant. While some studies suggest that marijuana may help alleviate morning sickness, the American College of Obstetricians and Gynecologists (ACOG) and other reputable health organizations recommend avoiding marijuana use during pregnancy due to potential risks to the fetus, such as low birth weight and developmental delays.

When responding to your daughter-in-law, approach the conversation with empathy and concern for her well-being, rather than judgment or criticism. You might say something like, ""I care about you and the baby, and I want to make sure you're both doing well. I've heard that marijuana can have unknown effects on the fetus, and I'm worried about the potential risks. Have you talked to your doctor about your morning sickness and explored other treatment options?"" This can help open a dialogue and encourage her to consult with her healthcare provider about safer alternatives for managing her symptoms. Remember to prioritize your relationship with your daughter-in-law and avoid being confrontational, as this may lead to defensiveness and make the situation more challenging to navigate.",questionID_624,My daughter-in-law is smoking marijuana while pregnant,"My new daughter-in-law just informed me that she is smoking marijuana while pregnant because of her morning sickness. I’m in shock and I don’t know how to respond. I just lost my mom, and she was good with advice.",substance-abuse,llama3,0.25838563999999997,0.3802341551121164
high_confidence_false_negative,2554,1,0.4953830021073141,0,0.4028012454833259,0,0.24270195,0,333,2,"First, acknowledge that forgiveness is a process, and it may take time for both of you to heal.",182,277,1,1,5,"I'm so sorry to hear about the pain and betrayal you're experiencing. Given your history and desire to move forward, it's essential to approach this situation with care and honesty. First, acknowledge that forgiveness is a process, and it may take time for both of you to heal. Consider couples therapy to work through your feelings and rebuild trust. It's crucial to have open and honest conversations about what happened, why it happened, and how you both can work together to prevent it in the future.

Reflect on your past infidelity and how your fiancé forgave you. Recognize that her cheating may be a symptom of deeper issues in your relationship, and it's essential to address these underlying problems. Make sure you're both on the same page regarding your commitment to the relationship and your son.

To overcome the unsettling thoughts, try to focus on the present moment and the future you want to build together. Practice self-care, engage in activities that bring you joy, and prioritize quality time with your fiancé and son. Rebuilding trust will require effort, patience, and understanding from both parties.

Remember that healing is not about forgetting or condoning the infidelity but about working together to create a stronger, more resilient relationship. It's okay to seek help, and don't be afraid to reach out to a therapist or counselor who can provide guidance and support throughout this challenging time.",questionID_732,My fiancé cheated. How can we mend our relationship?,"I'm in a relationship with my fiancé and I currently found out that she's been cheating on me with a co-worker. I was very upset none the less. I understand what she did was wrong, but I want to spend the rest of my life with her. So I'm willing to forgive and move on. We have been together for a little over 9 years, and we have a son. At the beginning of our relationship, I was unfaithful and she caught me cheating. She forgave me for what I've done to her and since then I been completely faithful. I'm worried about our relationship and want to move forward but its been very unsettling. All I can think about is her with another man. I don't know what to do or where to go for advice?",relationships,llama3,0.25729805,0.38029539919688005
high_confidence_false_negative,1940,1,0.4990458514542447,0,0.7536780898321468,1,0.3516527,0,261,9,Hope this helps!,1049,1065,1,1,5,"There are some struggles that are less ""obvious"" than others, an eating disorder being one of them. From just your personal experience alone you might realize how easy it may seem to keep such a secret from those around you. In the same way, there are many people who struggle secretly with this problem and not many people know or even notice. So you are definitely not alone. Low self-esteem or lack of confidence in some areas are issues that EVERY teen, in fact EVERY person, has experienced at some point. These feelings are ""normal."" It sounds, though, as if these feelings of insecurity and inadequacy have begun to consume your every day thoughts and behaviors bringing you to where you are today - comparing yourself to others, purging, and feeling extreme guilt. Sometimes it's best if we seek outside help, instead of trying to tackle problems on our own. Breaking habits that come along with an eating disorder really requires the help of a doctor, nutritionist, and a therapist who can help change your perspective from the inside out! Hope this helps!",questionID_346,"I feel like I'm this dumb fat girl that no one likes, and everything is my fault. Are these normal teenage girl feelings?","Everyone around me is much smarter and flaunts it. Everyone around me is skinny, and here I am trying to throw up so I'm not fat. Everything I do is wrong, and I can't seem to do anything right! No one else at school seems to feel the way I do! Is this normal teenage girls feelings? I don't think these feelings are normal.",self-esteem,human,0.2536780898321468,0.5347922137621305
high_confidence_false_negative,1932,1,0.4989899528990774,0,0.7385271682026033,1,0.66596156,1,261,1,From just your personal experience alone you might realize how easy it may seem to keep such a secret from those around you.,100,224,1,1,5,"There are some struggles that are less ""obvious"" than others, an eating disorder being one of them. From just your personal experience alone you might realize how easy it may seem to keep such a secret from those around you. In the same way, there are many people who struggle secretly with this problem and not many people know or even notice. So you are definitely not alone. Low self-esteem or lack of confidence in some areas are issues that EVERY teen, in fact EVERY person, has experienced at some point. These feelings are ""normal."" It sounds, though, as if these feelings of insecurity and inadequacy have begun to consume your every day thoughts and behaviors bringing you to where you are today - comparing yourself to others, purging, and feeling extreme guilt. Sometimes it's best if we seek outside help, instead of trying to tackle problems on our own. Breaking habits that come along with an eating disorder really requires the help of a doctor, nutritionist, and a therapist who can help change your perspective from the inside out! Hope this helps!",questionID_346,"I feel like I'm this dumb fat girl that no one likes, and everything is my fault. Are these normal teenage girl feelings?","Everyone around me is much smarter and flaunts it. Everyone around me is skinny, and here I am trying to throw up so I'm not fat. Everything I do is wrong, and I can't seem to do anything right! No one else at school seems to feel the way I do! Is this normal teenage girls feelings? I don't think these feelings are normal.",self-esteem,human,0.23852716820260333,0.6344928937005602
high_confidence_false_negative,2561,1,0.4905855218789139,0,0.2671584773063595,0,0.34798953,0,333,9,"Practice self-care, engage in activities that bring you joy, and prioritize quality time with your fiancé and son.",927,1041,1,1,5,"I'm so sorry to hear about the pain and betrayal you're experiencing. Given your history and desire to move forward, it's essential to approach this situation with care and honesty. First, acknowledge that forgiveness is a process, and it may take time for both of you to heal. Consider couples therapy to work through your feelings and rebuild trust. It's crucial to have open and honest conversations about what happened, why it happened, and how you both can work together to prevent it in the future.

Reflect on your past infidelity and how your fiancé forgave you. Recognize that her cheating may be a symptom of deeper issues in your relationship, and it's essential to address these underlying problems. Make sure you're both on the same page regarding your commitment to the relationship and your son.

To overcome the unsettling thoughts, try to focus on the present moment and the future you want to build together. Practice self-care, engage in activities that bring you joy, and prioritize quality time with your fiancé and son. Rebuilding trust will require effort, patience, and understanding from both parties.

Remember that healing is not about forgetting or condoning the infidelity but about working together to create a stronger, more resilient relationship. It's okay to seek help, and don't be afraid to reach out to a therapist or counselor who can provide guidance and support throughout this challenging time.",questionID_732,My fiancé cheated. How can we mend our relationship?,"I'm in a relationship with my fiancé and I currently found out that she's been cheating on me with a co-worker. I was very upset none the less. I understand what she did was wrong, but I want to spend the rest of my life with her. So I'm willing to forgive and move on. We have been together for a little over 9 years, and we have a son. At the beginning of our relationship, I was unfaithful and she caught me cheating. She forgave me for what I've done to her and since then I been completely faithful. I'm worried about our relationship and want to move forward but its been very unsettling. All I can think about is her with another man. I don't know what to do or where to go for advice?",relationships,llama3,0.2328415226936405,0.36857784306175784
high_confidence_false_negative,411,1,0.4990458514542447,0,0.7250028943212082,1,0.6189719,0,54,3,I hope this helps.,394,412,2,2,5,"I would recommend removing yourself from the environment you are in after you have finished eating. A simple walk around the block, calling up a friend and going to visit, or even going to another room in the house can help. If you find that you truly have no self control over food, I recommend attending Overeaters Anonymous; a 12 step group for those with compulsive issues related to food. I hope this helps.",questionID_714,How can I train myself to stop eating when I'm full?,"I have no self control over food. Most people stop when they've had enough, but I keep eating for the pleasure of it. Especially with sweets - I'm never done eating dessert.",eating-disorders,human,0.22500289432120824,0.6143402152584844
high_confidence_false_negative,579,1,0.4974656644231339,0,0.4170566483402347,0,0.2794706,0,80,0,"Typically, a therapist cannot force a client to receive any treatment they do not want.",0,87,1,1,5,"Typically, a therapist cannot force a client to receive any treatment they do not want.  In the end, it is the clients who get to decide what type of treatment they want.If a therapist believes that their client is in imminent danger of harm however, the therapist might have an obligation to take actions to protect their client.  In such a case, the therapist would need to discuss the options with the client, and come up with a plan to best protect the client.In a situiaon like this, it would probably be a good idea to talk to the therapist about the possilbe positvies and negatives of the treatmetn center.  A good therpist will be happy to have that conversation with you and allow you to make the final decisions about your own treatment.",questionID_708,Can a therapist have a client admitted to an eating disorder treatment center if the client does not want to go?,,eating-disorders,human,0.2205294,0.39799763758778955
high_confidence_false_negative,273,1,0.4931868341964461,0,0.3940728775538124,0,0.28261027,0,37,0,"While I understand your concern, it's important to approach this with sensitivity and avoid judgment.",0,101,1,1,5,"While I understand your concern, it's important to approach this with sensitivity and avoid judgment. Sharing credible information about the potential risks of marijuana use during pregnancy, such as the March of Dimes website, could be helpful, but ultimately the decision rests with your daughter-in-law and her doctor. If you're struggling with how to cope with this and your recent loss, consider seeking grief counseling or support for yourself. Focus on offering your daughter-in-law non-judgmental support and letting her know you care about her and the baby’s well-being.",questionID_624,My daughter-in-law is smoking marijuana while pregnant,"My new daughter-in-law just informed me that she is smoking marijuana while pregnant because of her morning sickness. I’m in shock and I don’t know how to respond. I just lost my mom, and she was good with advice.",substance-abuse,gemini,0.21738973,0.3899566605834195
high_confidence_false_negative,500,1,0.4993236505643234,0,0.3032955459445161,0,0.3665789,0,67,1,"Contact a few to inquire about their approach, availability, and fees, and schedule a consultation to see if it's a good fit.",218,343,1,1,5,"Start by identifying your needs and preferences (like specialty areas, in-person vs. online), then use online directories (Psychology Today, GoodTherapy) or your insurance provider's list to find potential counselors. Contact a few to inquire about their approach, availability, and fees, and schedule a consultation to see if it's a good fit. Trust your gut feeling in choosing someone you feel comfortable with.",questionID_936,How does someone approach a counselor?,How does a person start the counseling process?,counseling-fundamentals,gemini,0.19670445405548392,0.38973269883627976
high_confidence_false_negative,956,1,0.4972373213520227,0,0.3055228964489382,0,0.35691038,0,130,0,Each client brings their own style they like to a coaching or counseling relationship.,0,86,1,1,5,"Each client brings their own style they like to a coaching or counseling relationship.  When I counseled and coached military I learned to relate to what style of coaching they seek.  Some were better at the Drill Sergeant style of coaching,  or a liberal style, integrative, humanistic, progressive, or conservative.  Some can be obsessed and try and cross the line.  When you are in the public eye it can be a bit much and you have to know what client is a good fit for your practice.  Some don't see you as human but we are.  We seek to do the best we can with our knowledge cause it is a calling and I am sure others will say on here that we have to have our go to place of healing also so we can be good for our clients.",questionID_939,Are some clients more difficult than others?,What are some difficulties that a counselor can encounter when dealing with a client?,counseling-fundamentals,human,0.1944771035510618,0.3865568659336536
high_confidence_false_negative,581,1,0.4985520886118738,0,0.314034257174654,0,0.6936015,1,80,2,"If a therapist believes that their client is in imminent danger of harm however, the therapist might have an obligation to take actions to protect their client.",170,330,1,1,5,"Typically, a therapist cannot force a client to receive any treatment they do not want.  In the end, it is the clients who get to decide what type of treatment they want.If a therapist believes that their client is in imminent danger of harm however, the therapist might have an obligation to take actions to protect their client.  In such a case, the therapist would need to discuss the options with the client, and come up with a plan to best protect the client.In a situiaon like this, it would probably be a good idea to talk to the therapist about the possilbe positvies and negatives of the treatmetn center.  A good therpist will be happy to have that conversation with you and allow you to make the final decisions about your own treatment.",questionID_708,Can a therapist have a client admitted to an eating disorder treatment center if the client does not want to go?,,eating-disorders,human,0.19360149999999998,0.5020626152621759
high_confidence_false_negative,499,1,0.4954029826835934,0,0.3184161423094816,0,0.43908423,0,67,0,"Start by identifying your needs and preferences (like specialty areas, in-person vs. online), then use online directories (Psychology Today, GoodTherapy) or your insurance provider's list to find potential counselors.",0,217,1,1,5,"Start by identifying your needs and preferences (like specialty areas, in-person vs. online), then use online directories (Psychology Today, GoodTherapy) or your insurance provider's list to find potential counselors. Contact a few to inquire about their approach, availability, and fees, and schedule a consultation to see if it's a good fit. Trust your gut feeling in choosing someone you feel comfortable with.",questionID_936,How does someone approach a counselor?,How does a person start the counseling process?,counseling-fundamentals,gemini,0.18158385769051838,0.41763445166435836
high_confidence_false_negative,582,1,0.4993611219406812,0,0.3350611281375189,0,0.46868727,0,80,3,"In such a case, the therapist would need to discuss the options with the client, and come up with a plan to best protect the client.",332,464,1,1,5,"Typically, a therapist cannot force a client to receive any treatment they do not want.  In the end, it is the clients who get to decide what type of treatment they want.If a therapist believes that their client is in imminent danger of harm however, the therapist might have an obligation to take actions to protect their client.  In such a case, the therapist would need to discuss the options with the client, and come up with a plan to best protect the client.In a situiaon like this, it would probably be a good idea to talk to the therapist about the possilbe positvies and negatives of the treatmetn center.  A good therpist will be happy to have that conversation with you and allow you to make the final decisions about your own treatment.",questionID_708,Can a therapist have a client admitted to an eating disorder treatment center if the client does not want to go?,,eating-disorders,human,0.16493887186248107,0.4343698400260667
high_confidence_false_negative,2556,1,0.4998133935029691,0,0.3930499610222282,0,0.34665585,0,333,4,"It's crucial to have open and honest conversations about what happened, why it happened, and how you both can work together to prevent it in the future.",352,504,1,1,5,"I'm so sorry to hear about the pain and betrayal you're experiencing. Given your history and desire to move forward, it's essential to approach this situation with care and honesty. First, acknowledge that forgiveness is a process, and it may take time for both of you to heal. Consider couples therapy to work through your feelings and rebuild trust. It's crucial to have open and honest conversations about what happened, why it happened, and how you both can work together to prevent it in the future.

Reflect on your past infidelity and how your fiancé forgave you. Recognize that her cheating may be a symptom of deeper issues in your relationship, and it's essential to address these underlying problems. Make sure you're both on the same page regarding your commitment to the relationship and your son.

To overcome the unsettling thoughts, try to focus on the present moment and the future you want to build together. Practice self-care, engage in activities that bring you joy, and prioritize quality time with your fiancé and son. Rebuilding trust will require effort, patience, and understanding from both parties.

Remember that healing is not about forgetting or condoning the infidelity but about working together to create a stronger, more resilient relationship. It's okay to seek help, and don't be afraid to reach out to a therapist or counselor who can provide guidance and support throughout this challenging time.",questionID_732,My fiancé cheated. How can we mend our relationship?,"I'm in a relationship with my fiancé and I currently found out that she's been cheating on me with a co-worker. I was very upset none the less. I understand what she did was wrong, but I want to spend the rest of my life with her. So I'm willing to forgive and move on. We have been together for a little over 9 years, and we have a son. At the beginning of our relationship, I was unfaithful and she caught me cheating. She forgave me for what I've done to her and since then I been completely faithful. I'm worried about our relationship and want to move forward but its been very unsettling. All I can think about is her with another man. I don't know what to do or where to go for advice?",relationships,llama3,0.15334415,0.41317306817506577
high_confidence_false_negative,2122,1,0.4960036643235611,0,0.498954069684018,0,0.35935232,0,282,2,"In the meantime, try practicing self-compassion and focusing on nourishing your body with regular, balanced meals.",331,445,1,1,5,"Binge eating combined with compensatory exercise suggests a possible eating disorder, and I strongly recommend seeking professional support from a therapist or counselor specializing in eating disorders. They can provide personalized strategies and help you develop healthier coping mechanisms for stress and emotional regulation. In the meantime, try practicing self-compassion and focusing on nourishing your body with regular, balanced meals. Avoid restrictive dieting, as this can often exacerbate binge eating.",questionID_712,How do I handle my binge eating?,"I have a problem with binge eating, especially during times of stress. I binge eat and feel so overwhelmed with shame and disappointment that I end up going to the gym and trying to exercise the calories off. I am in my late 20s, and I have been dealing with this since I was a teenager. Are there any coping mechanisms I can use to break this cycle?",eating-disorders,gemini,0.14064768,0.451436684669193
high_confidence_false_negative,2555,1,0.4948409564015581,0,0.4649513691352934,0,0.36000004,0,333,3,Consider couples therapy to work through your feelings and rebuild trust.,278,351,1,1,5,"I'm so sorry to hear about the pain and betrayal you're experiencing. Given your history and desire to move forward, it's essential to approach this situation with care and honesty. First, acknowledge that forgiveness is a process, and it may take time for both of you to heal. Consider couples therapy to work through your feelings and rebuild trust. It's crucial to have open and honest conversations about what happened, why it happened, and how you both can work together to prevent it in the future.

Reflect on your past infidelity and how your fiancé forgave you. Recognize that her cheating may be a symptom of deeper issues in your relationship, and it's essential to address these underlying problems. Make sure you're both on the same page regarding your commitment to the relationship and your son.

To overcome the unsettling thoughts, try to focus on the present moment and the future you want to build together. Practice self-care, engage in activities that bring you joy, and prioritize quality time with your fiancé and son. Rebuilding trust will require effort, patience, and understanding from both parties.

Remember that healing is not about forgetting or condoning the infidelity but about working together to create a stronger, more resilient relationship. It's okay to seek help, and don't be afraid to reach out to a therapist or counselor who can provide guidance and support throughout this challenging time.",questionID_732,My fiancé cheated. How can we mend our relationship?,"I'm in a relationship with my fiancé and I currently found out that she's been cheating on me with a co-worker. I was very upset none the less. I understand what she did was wrong, but I want to spend the rest of my life with her. So I'm willing to forgive and move on. We have been together for a little over 9 years, and we have a son. At the beginning of our relationship, I was unfaithful and she caught me cheating. She forgave me for what I've done to her and since then I been completely faithful. I'm worried about our relationship and want to move forward but its been very unsettling. All I can think about is her with another man. I don't know what to do or where to go for advice?",relationships,llama3,0.13999995999999998,0.43993078851228384
high_confidence_false_negative,1831,1,0.4962156760465435,0,0.3978808426803382,0,0.45163217,0,246,0,"Crying in therapy is completely normal and even expected sometimes – it's a safe space to express your emotions, so don't worry about feeling embarrassed.",0,154,2,2,5,"Crying in therapy is completely normal and even expected sometimes – it's a safe space to express your emotions, so don't worry about feeling embarrassed. Your therapist is there to support you through whatever you're experiencing.",questionID_144,Is it normal to cry during therapy?,"I start counseling/therapy in a few days (I'm freaking out) but my main fear is that I'll cry and embarrass myself, is it something to worry about?",anxiety,gemini,0.10211915731966181,0.4485762295756272
high_confidence_false_negative,1939,1,0.4957144643459419,0,0.4078388943087064,0,0.43478942,0,261,8,"Breaking habits that come along with an eating disorder really requires the help of a doctor, nutritionist, and a therapist who can help change your perspective from the inside out!",867,1048,1,1,5,"There are some struggles that are less ""obvious"" than others, an eating disorder being one of them. From just your personal experience alone you might realize how easy it may seem to keep such a secret from those around you. In the same way, there are many people who struggle secretly with this problem and not many people know or even notice. So you are definitely not alone. Low self-esteem or lack of confidence in some areas are issues that EVERY teen, in fact EVERY person, has experienced at some point. These feelings are ""normal."" It sounds, though, as if these feelings of insecurity and inadequacy have begun to consume your every day thoughts and behaviors bringing you to where you are today - comparing yourself to others, purging, and feeling extreme guilt. Sometimes it's best if we seek outside help, instead of trying to tackle problems on our own. Breaking habits that come along with an eating disorder really requires the help of a doctor, nutritionist, and a therapist who can help change your perspective from the inside out! Hope this helps!",questionID_346,"I feel like I'm this dumb fat girl that no one likes, and everything is my fault. Are these normal teenage girl feelings?","Everyone around me is much smarter and flaunts it. Everyone around me is skinny, and here I am trying to throw up so I'm not fat. Everything I do is wrong, and I can't seem to do anything right! No one else at school seems to feel the way I do! Is this normal teenage girls feelings? I don't think these feelings are normal.",self-esteem,human,0.0921611056912936,0.44611425955154943
high_confidence_false_negative,2097,1,0.4941056418361411,0,0.4910619875560841,0,0.41112918,0,280,2,"Binge eating can often be a coping mechanism for stress and other emotions, so it's important to find healthy alternatives.",144,267,1,1,5,"I'm really sorry to hear that you're struggling with this, but please know that you're not alone and it's commendable that you're seeking help. Binge eating can often be a coping mechanism for stress and other emotions, so it's important to find healthy alternatives. Cognitive behavioral therapy (CBT) can be very effective in addressing binge eating by helping you to understand your triggers and develop healthier responses. Mindful eating, where you focus on the taste, texture, and feelings of fullness, can also be beneficial. Regular, balanced meals can prevent extreme hunger that often leads to binging. Physical activity is important for overall health, but try not to use exercise as a punishment for eating. Instead, view it as a way to strengthen and care for your body. Reach out to a mental health professional who can provide you with more personalized strategies and consider joining a support group where you can connect with others facing the same challenges. Remember, it's okay to seek help and recovery is absolutely possible.",questionID_712,How do I handle my binge eating?,"I have a problem with binge eating, especially during times of stress. I binge eat and feel so overwhelmed with shame and disappointment that I end up going to the gym and trying to exercise the calories off. I am in my late 20s, and I have been dealing with this since I was a teenager. Are there any coping mechanisms I can use to break this cycle?",eating-disorders,gpt4,0.08887082000000002,0.4654322697974084
high_confidence_false_negative,1832,1,0.4979851137108543,0,0.4147545930357859,0,0.43100372,0,246,1,Your therapist is there to support you through whatever you're experiencing.,155,231,2,2,5,"Crying in therapy is completely normal and even expected sometimes – it's a safe space to express your emotions, so don't worry about feeling embarrassed. Your therapist is there to support you through whatever you're experiencing.",questionID_144,Is it normal to cry during therapy?,"I start counseling/therapy in a few days (I'm freaking out) but my main fear is that I'll cry and embarrass myself, is it something to worry about?",anxiety,gemini,0.08524540696421412,0.44791447558221337
high_confidence_false_negative,59,1,0.4981304834105921,0,0.5392551606150985,0,0.42523605,0,8,2,"It's important for you to understand that you can't control everything, especially health situations of others.",128,239,2,2,5,"I'm really sorry to hear about your boyfriend. It sounds like you're going through a particularly stressful and uncertain time. It's important for you to understand that you can't control everything, especially health situations of others. What you can do right now is to take care of yourself, try to stay connected with your boyfriend through messages or phone calls if possible, and seek support from your friends and family. It might also help to engage in activities that can help you cope with stress, like reading, listening to music, doing some physical exercise, or meditation. Remember, it's okay to feel scared and worried, but try not to let your worry consume you. You're stronger than you think.",questionID_886,My boyfriend is in the hospital. They won’t tell me what’s wrong and if or when he’s coming back,,legal-regulatory,gpt4,0.07476395000000002,0.4875405646752302
high_confidence_false_negative,2557,1,0.4992566446723784,0,0.4845748499684145,0,0.55614203,0,333,5,Reflect on your past infidelity and how your fiancé forgave you.,506,570,1,1,5,"I'm so sorry to hear about the pain and betrayal you're experiencing. Given your history and desire to move forward, it's essential to approach this situation with care and honesty. First, acknowledge that forgiveness is a process, and it may take time for both of you to heal. Consider couples therapy to work through your feelings and rebuild trust. It's crucial to have open and honest conversations about what happened, why it happened, and how you both can work together to prevent it in the future.

Reflect on your past infidelity and how your fiancé forgave you. Recognize that her cheating may be a symptom of deeper issues in your relationship, and it's essential to address these underlying problems. Make sure you're both on the same page regarding your commitment to the relationship and your son.

To overcome the unsettling thoughts, try to focus on the present moment and the future you want to build together. Practice self-care, engage in activities that bring you joy, and prioritize quality time with your fiancé and son. Rebuilding trust will require effort, patience, and understanding from both parties.

Remember that healing is not about forgetting or condoning the infidelity but about working together to create a stronger, more resilient relationship. It's okay to seek help, and don't be afraid to reach out to a therapist or counselor who can provide guidance and support throughout this challenging time.",questionID_732,My fiancé cheated. How can we mend our relationship?,"I'm in a relationship with my fiancé and I currently found out that she's been cheating on me with a co-worker. I was very upset none the less. I understand what she did was wrong, but I want to spend the rest of my life with her. So I'm willing to forgive and move on. We have been together for a little over 9 years, and we have a son. At the beginning of our relationship, I was unfaithful and she caught me cheating. She forgave me for what I've done to her and since then I been completely faithful. I'm worried about our relationship and want to move forward but its been very unsettling. All I can think about is her with another man. I don't know what to do or where to go for advice?",relationships,llama3,0.056142029999999954,0.5133245082135977
low_confidence_boundary,2350,0,0.5034185373194736,1,0.4968277903719842,0,0.49650228,0,310,7,"Focus on nurturing your relationship and building positive experiences together, rather than comparing your wedding to others.",1181,1307,0,0,5,"It's completely understandable that you're struggling to let go of your dream wedding, especially when it feels like a once-in-a-lifetime experience that didn't meet your expectations. It's not about being selfish or petty, but rather about acknowledging and processing your unmet emotional needs. It's possible that your feelings of disappointment and jealousy are rooted in a sense of grief for the wedding and proposal you had envisioned, which is a valid emotion. 

To move forward, consider having an open and honest conversation with your husband about your feelings, using ""I"" statements to express your emotions and avoid blaming or resenting him. It may also be helpful to reflect on what specifically you felt was missing from your wedding and proposal, and see if there are ways to recreate or celebrate those aspects in other ways, such as a vow renewal or a special anniversary celebration. 

Additionally, practicing self-compassion and acknowledging that it's okay to have these feelings can help you work through them. Remind yourself that your marriage is not defined by one event, but by the daily choices and commitments you and your husband make to each other. Focus on nurturing your relationship and building positive experiences together, rather than comparing your wedding to others. Lastly, consider seeking the help of a couples therapist who can provide a safe and supportive environment to explore these feelings and work through them together.",questionID_707,How can I let go of my dream wedding?,"I have been with my husband for almost 7 years. We got engaged a little after 5 years of being together. I had always been clear that I wanted to get married and I sadly would drop hints about how i wanted him to propose. When he did propose it was during a random vacation that I had planned. I was happy but I couldn't help feeling disappointed too. I had told him numerous times before that I wanted him to do it in front of my friends and family. I know it sounds dumb to be upset but I couldn't help how I was feeling. We are now married but the wedding and ring were also far from what I wanted and it wasn't due to lack of funds. I know this is all material and the marriage is the most important thing but I cant help but get jealous and envious every time I see someone get a proposal or wedding that I had wanted. I cant help my anger because I know we only get one proposal and one wedding. What I wanted will never happen. I have been working on my feelings for the past year and half to get over it. I try to focus on our marriage but every time I see someone have the best proposals and weddings I get upset. I know it is selfish and I know its petty but I just can't control it. It's ruining our relationship because I constantly think about it. Plus, I get mad at him for small things because I am trying to hide the fact that I am so disappointed. Why can't I move on?",marriage,llama3,0.003497719999999982,0.49891620256381924
low_confidence_boundary,406,0,0.4986259860989513,0,0.5143358856797672,0,0.5227124,0,53,0,"Mindful eating practices can help you become more attuned to your body's fullness cues: try slowing down your eating, savoring each bite, and checking in with your hunger and fullness levels throughout the meal.",0,211,0,0,5,"Mindful eating practices can help you become more attuned to your body's fullness cues: try slowing down your eating, savoring each bite, and checking in with your hunger and fullness levels throughout the meal. Consider seeking support from a registered dietitian or therapist specializing in emotional eating for personalized guidance.",questionID_714,How can I train myself to stop eating when I'm full?,"I have no self control over food. Most people stop when they've had enough, but I keep eating for the pleasure of it. Especially with sweets - I'm never done eating dessert.",eating-disorders,gemini,0.022712399999999966,0.5118914239262394
low_confidence_boundary,382,0,0.4992391824126677,0,0.501609249504527,0,0.5235231,0,51,7,"Try to have regular, balanced meals filled with protein, fiber, and healthy fats to keep you satisfied.",440,543,0,0,5,"It sounds like you're struggling with mindful eating, and I want to assure you that you're not alone in this. Here are a few strategies that might help:

1. Practice Mindful Eating: Pay attention to your hunger and fullness cues. Eat slowly and deliberately, savoring every bite. This can help you become more aware of when you're actually full.

2. Eat Regular, Balanced Meals: Skipping meals or eating irregularly can lead to overeating. Try to have regular, balanced meals filled with protein, fiber, and healthy fats to keep you satisfied.

3. Manage Your Environment: Limit the availability of sweets or tempting foods in your home. If they're not readily accessible, you're less likely to overindulge.

4. Seek Support: Sometimes, it helps to talk about these issues. A support group, a dietitian, or a mental health professional can provide additional strategies and coping mechanisms.

5. Practice Self-Compassion: It's okay to have off days. Don't be too hard on yourself if you slip up. Remember, it's about progress, not perfection.

If you find that these strategies aren't enough or if your eating habits are causing you distress, it might be beneficial to seek help from a mental health professional. They can provide you with more personalized strategies and could also explore if there's an underlying emotional issue that needs to be addressed.",questionID_714,How can I train myself to stop eating when I'm full?,"I have no self control over food. Most people stop when they've had enough, but I keep eating for the pleasure of it. Especially with sweets - I'm never done eating dessert.",eating-disorders,gpt4,0.02352310000000002,0.5081238439723982
low_confidence_boundary,76,0,0.4944921028412065,0,0.5164120161348998,0,0.5340097,0,10,1,It's understandable to feel overwhelmed and helpless in this situation.,115,186,0,0,5,"I'm truly sorry you're going through this; the uncertainty and lack of information must be incredibly distressing. It's understandable to feel overwhelmed and helpless in this situation. If you're able to find out who his designated contact person is at the hospital, they might be able to provide you with more information. In the meantime, please remember to take care of yourself and consider reaching out to your support network or a crisis hotline for emotional support during this difficult time.",questionID_886,My boyfriend is in the hospital. They won’t tell me what’s wrong and if or when he’s coming back,,legal-regulatory,gemini,0.03400970000000003,0.5149712729920354
low_confidence_boundary,2140,0,0.4984851139717876,0,0.534757921412712,0,0.48434198,0,285,3,"However, Section C.3.a.",390,413,0,0,5,"Having a romantic or intimate relationship with a fellow counselor can be a complex issue, and its ethics depend on various factors. The American Counseling Association (ACA) and other professional organizations have established codes of ethics to guide counselors' behavior. 

According to the ACA Code of Ethics, there is no explicit prohibition against relationships between colleagues. However, Section C.3.a. (Avoiding Harm and Imposing Values) and Section F.10.a. (Dual Relationships) emphasize the importance of avoiding harm, exploitation, or conflicts of interest that may arise in such relationships. 

If the relationship involves a power imbalance, such as a supervisor-supervisee or instructor-student relationship, it's generally considered unethical and may be prohibited by the organization or institution. 

In terms of legal ramifications, laws and regulations vary by jurisdiction, but generally, there are no specific laws prohibiting relationships between counselors. However, if the relationship leads to favoritism, discrimination, or creates a hostile work environment, it may result in legal issues, such as lawsuits or complaints to licensing boards. 

To navigate these situations, it's essential to consider the potential impact on your professional relationships, work environment, and clients. If you're unsure about the ethics or potential consequences of a relationship with a fellow counselor, it's recommended that you consult with a supervisor, a professional organization, or a licensed attorney for guidance. Ultimately, prioritize maintaining professional boundaries, respecting colleagues, and upholding the principles of your profession to avoid any potential harm or conflicts of interest.",questionID_401,Is it unethical to have a relationship with a fellow counselor?,Does this go against any ethical codes? Are there legal ramifications?,workplace-relationships,llama3,0.034757921412711945,0.5058616717948331
low_confidence_boundary,1824,0,0.4997445107785199,0,0.5398153507984208,0,0.5320033,0,245,3,"It's not something to be embarrassed about, and it doesn't mean you're weak or unstable.",347,435,0,0,5,"It's completely normal to cry during therapy, and it's actually a common occurrence. Crying can be a natural release of emotions, and it's a sign that you're processing and working through your feelings. Therapists are trained to create a safe and non-judgmental space for you to express yourself, and they've likely seen many clients cry before. It's not something to be embarrassed about, and it doesn't mean you're weak or unstable. In fact, crying can be a cathartic experience that helps you release pent-up emotions and gain clarity on your thoughts and feelings. 

Remember, therapy is a space for you to be vulnerable and honest, and your therapist is there to support and guide you, not to judge you. It might be helpful to remind yourself that it's okay to feel and express emotions, and that you're taking a brave step by seeking help. Take a few deep breaths, be kind to yourself, and try to approach your first session with an open mind. Your therapist will likely explain their approach and what you can expect during the session, which may help you feel more at ease. Good luck, and congratulations on taking this important step towards prioritizing your mental health!",questionID_144,Is it normal to cry during therapy?,"I start counseling/therapy in a few days (I'm freaking out) but my main fear is that I'll cry and embarrass myself, is it something to worry about?",anxiety,llama3,0.0398153507984208,0.5238543871923135
low_confidence_boundary,2110,0,0.5031890888642542,1,0.5193796083999409,0,0.45909238,0,281,5,"Take a few deep breaths, and ask yourself what you're feeling and what you need in that moment.",401,496,0,0,5,"I'm so glad you're reaching out for help with this challenging issue. First, please know that you're not alone, and binge eating is a common struggle for many people. It's great that you're acknowledging the pattern and seeking ways to break the cycle. To start, it's essential to address the emotional aspect of binge eating. When you feel stressed, try to pause and recognize the emotional trigger. Take a few deep breaths, and ask yourself what you're feeling and what you need in that moment. 

Consider alternative coping mechanisms, such as journaling, meditation, or talking to a trusted friend or family member. Physical activity can be helpful, but it's crucial to separate exercise from punishment or calorie compensation. Instead, focus on gentle, self-care activities like yoga or walking, which can help you connect with your body in a positive way.

It might be helpful to work with a registered dietitian or a therapist who specializes in eating disorders to develop a personalized plan. They can help you identify your triggers, develop a healthier relationship with food, and work through the shame and guilt associated with binge eating. Additionally, consider keeping a food and mood journal to track your eating patterns and identify potential triggers.

Remember, recovery from binge eating is a journey, and it's okay to take it one step at a time. Be patient and compassionate with yourself, and celebrate small victories along the way. You deserve to develop a positive and loving relationship with food and your body.",questionID_712,How do I handle my binge eating?,"I have a problem with binge eating, especially during times of stress. I binge eat and feel so overwhelmed with shame and disappointment that I end up going to the gym and trying to exercise the calories off. I am in my late 20s, and I have been dealing with this since I was a teenager. Are there any coping mechanisms I can use to break this cycle?",eating-disorders,llama3,0.04090761999999998,0.49388702575473165
low_confidence_boundary,1459,0,0.5004412286491754,1,0.5017717515120846,0,0.5415955,0,200,3,"Over time, as you get more comfortable with your therapist and the therapeutic process, these feelings should lessen.",297,414,0,0,5,"It is absolutely normal to feel nervous before therapy sessions, especially when you're still in the early stages. You are about to have a conversation that may involve discussing deeply personal issues and feelings, which can be quite daunting. So, feeling nervous or shaky is a common reaction. Over time, as you get more comfortable with your therapist and the therapeutic process, these feelings should lessen. However, if they persist or cause significant distress, it's important to talk about it with your therapist. They can help you explore these feelings and develop strategies for managing them. Remember, there's no right or wrong way to feel about therapy, and it's okay to take some time to adjust.",questionID_146,Is it normal to go into therapy feeling nervous?,I've gone to a couple therapy sessions so far and still everytime I walk in I get nervous and shaky. Is this normal? Should I still be feeling like this?,anxiety,gpt4,0.04159550000000001,0.51460282672042
low_confidence_boundary,2154,0,0.496911980318318,0,0.5433075302822102,0,0.4648869,0,287,3,"Lastly, some workplaces have rules against dating coworkers.",374,434,0,0,5,"Generally, the ethical codes only prohibit relationships with clients. There are however a few types of counselor-to-counselor relationships that are prohibited by the ethics codes. Such prohibited relationships include those between supervisors and supervisees; between professors and students; or any time the relationship might negatively impact your (or their) clients. Lastly, some workplaces have rules against dating coworkers. It would be a good idea to check if there is such a rule that applies to you.",questionID_401,Is it unethical to have a relationship with a fellow counselor?,Does this go against any ethical codes? Are there legal ramifications?,workplace-relationships,human,0.04330753028221024,0.5017021368668427
low_confidence_boundary,1822,0,0.4958157499571227,0,0.4566664196957405,0,0.4583802,0,245,1,"Crying can be a natural release of emotions, and it's a sign that you're processing and working through your feelings.",85,203,0,0,5,"It's completely normal to cry during therapy, and it's actually a common occurrence. Crying can be a natural release of emotions, and it's a sign that you're processing and working through your feelings. Therapists are trained to create a safe and non-judgmental space for you to express yourself, and they've likely seen many clients cry before. It's not something to be embarrassed about, and it doesn't mean you're weak or unstable. In fact, crying can be a cathartic experience that helps you release pent-up emotions and gain clarity on your thoughts and feelings. 

Remember, therapy is a space for you to be vulnerable and honest, and your therapist is there to support and guide you, not to judge you. It might be helpful to remind yourself that it's okay to feel and express emotions, and that you're taking a brave step by seeking help. Take a few deep breaths, be kind to yourself, and try to approach your first session with an open mind. Your therapist will likely explain their approach and what you can expect during the session, which may help you feel more at ease. Good luck, and congratulations on taking this important step towards prioritizing your mental health!",questionID_144,Is it normal to cry during therapy?,"I start counseling/therapy in a few days (I'm freaking out) but my main fear is that I'll cry and embarrass myself, is it something to worry about?",anxiety,llama3,0.04333358030425949,0.47028745655095444
low_confidence_boundary,70,0,0.5098800014514271,1,0.4630655281119339,0,0.45528477,0,9,6,Remember that you have the right to be informed about your boyfriend's condition if he has designated you as his emergency contact or healthcare proxy.,603,754,0,0,5,"I'm so sorry to hear that you're going through this uncertain and stressful situation. It's completely understandable that you're feeling anxious and concerned about your boyfriend's health. The lack of information from the hospital can be frustrating, but it's likely due to patient confidentiality laws and protocols. 

In the meantime, take care of yourself during this challenging time. Reach out to friends, family, or a support group for emotional support. You can also try contacting the hospital's social work department or patient advocate to see if they can provide any guidance or support. 

Remember that you have the right to be informed about your boyfriend's condition if he has designated you as his emergency contact or healthcare proxy. If you haven't already, you may want to ask him if he has completed any advance directives or if he would like you to be his representative. 

Try to stay calm, focus on what you can control, and prioritize your own well-being. Keep in mind that the hospital staff is working to provide the best care for your boyfriend, and it's possible that they will be able to share more information with you soon. Sending you positive thoughts and hoping for your boyfriend's speedy recovery.",questionID_886,My boyfriend is in the hospital. They won’t tell me what’s wrong and if or when he’s coming back,,legal-regulatory,llama3,0.044715229999999995,0.4760767665211203
low_confidence_boundary,1818,0,0.5002086250057449,1,0.5061683440974967,0,0.54633904,0,244,3,A good therapist will understand and support you through this.,272,334,0,0,5,"It's absolutely normal to cry during therapy, and there's absolutely nothing to be embarrassed about. Therapy is a safe space for you to express your emotions and feelings openly. Crying can often be a part of the healing process, allowing us to release pent-up emotions. A good therapist will understand and support you through this. Remember, therapy is about helping you, and there's no right or wrong way to feel. It's natural to feel anxious about starting therapy, but try to see it as a positive step towards better understanding and managing your emotions.",questionID_144,Is it normal to cry during therapy?,"I start counseling/therapy in a few days (I'm freaking out) but my main fear is that I'll cry and embarrass myself, is it something to worry about?",anxiety,gpt4,0.04633904,0.5175720030344139
low_confidence_boundary,2346,0,0.4968004077604541,0,0.4524712638450713,0,0.5426392,0,310,3,"To move forward, consider having an open and honest conversation with your husband about your feelings, using ""I"" statements to express your emotions and avoid blaming or resenting him.",470,655,0,0,5,"It's completely understandable that you're struggling to let go of your dream wedding, especially when it feels like a once-in-a-lifetime experience that didn't meet your expectations. It's not about being selfish or petty, but rather about acknowledging and processing your unmet emotional needs. It's possible that your feelings of disappointment and jealousy are rooted in a sense of grief for the wedding and proposal you had envisioned, which is a valid emotion. 

To move forward, consider having an open and honest conversation with your husband about your feelings, using ""I"" statements to express your emotions and avoid blaming or resenting him. It may also be helpful to reflect on what specifically you felt was missing from your wedding and proposal, and see if there are ways to recreate or celebrate those aspects in other ways, such as a vow renewal or a special anniversary celebration. 

Additionally, practicing self-compassion and acknowledging that it's okay to have these feelings can help you work through them. Remind yourself that your marriage is not defined by one event, but by the daily choices and commitments you and your husband make to each other. Focus on nurturing your relationship and building positive experiences together, rather than comparing your wedding to others. Lastly, consider seeking the help of a couples therapist who can provide a safe and supportive environment to explore these feelings and work through them together.",questionID_707,How can I let go of my dream wedding?,"I have been with my husband for almost 7 years. We got engaged a little after 5 years of being together. I had always been clear that I wanted to get married and I sadly would drop hints about how i wanted him to propose. When he did propose it was during a random vacation that I had planned. I was happy but I couldn't help feeling disappointed too. I had told him numerous times before that I wanted him to do it in front of my friends and family. I know it sounds dumb to be upset but I couldn't help how I was feeling. We are now married but the wedding and ring were also far from what I wanted and it wasn't due to lack of funds. I know this is all material and the marriage is the most important thing but I cant help but get jealous and envious every time I see someone get a proposal or wedding that I had wanted. I cant help my anger because I know we only get one proposal and one wedding. What I wanted will never happen. I have been working on my feelings for the past year and half to get over it. I try to focus on our marriage but every time I see someone have the best proposals and weddings I get upset. I know it is selfish and I know its petty but I just can't control it. It's ruining our relationship because I constantly think about it. Plus, I get mad at him for small things because I am trying to hide the fact that I am so disappointed. Why can't I move on?",marriage,llama3,0.0475287361549287,0.49730362386850846
low_confidence_boundary,490,0,0.4980379037623209,0,0.4744068704034112,0,0.44596124,0,66,2,You can also check with your insurance provider to see if they have a list of in-network counselors.,295,395,0,0,5,"Approaching a counselor can seem daunting, but it's a brave and important step towards prioritizing your mental health. To start the counseling process, you can begin by asking for referrals from your primary care physician, friends, family members, or online directories like Psychology Today. You can also check with your insurance provider to see if they have a list of in-network counselors. Once you've identified a few potential counselors, you can visit their websites or make phone calls to ask questions about their specialty, approach, and availability. 

When you're ready to schedule an appointment, you can typically do so by phone or online. Before the first session, it's a good idea to prepare by thinking about what brings you to counseling, what your goals are, and what you hope to achieve. During the initial session, the counselor will likely introduce themselves, explain their approach and boundaries, and ask you questions to get to know you and understand your concerns. This is also an opportunity for you to get a sense of the counselor's style and see if you feel comfortable working with them.

Remember, counseling is a collaborative process, and it's okay to take your time finding the right fit. Be patient, kind, and compassionate with yourself as you take this important step towards seeking support. You deserve to prioritize your mental health and well-being, and seeking counseling is a sign of strength, not weakness.",questionID_936,How does someone approach a counselor?,How does a person start the counseling process?,counseling-fundamentals,llama3,0.05403876000000002,0.47280200472191064
low_confidence_boundary,405,0,0.4990049991791406,0,0.4983834354577333,0,0.4446603,0,52,10,"With consistent practice and self-compassion, you can develop a healthier relationship with food and learn to stop eating when you're full, rather than relying on willpower or self-control.",1368,1557,0,0,5,"Developing self-control around food, especially sweets, can be challenging, but it's achievable with practice, patience, and the right strategies. To start, try to tune into your body's hunger and fullness cues by eating slowly and mindfully. Savor each bite, pay attention to the flavors, textures, and aromas, and stop eating when you feel satisfied, rather than stuffed. It can also be helpful to use a hunger-fullness scale, where 1 is extremely hungry and 10 is extremely full. Aim to stop eating when you reach a 7 or 8, when you feel content but not overly full.

Another strategy is to identify your emotional triggers for overeating, such as stress, boredom, or emotional events. Once you're aware of your triggers, you can develop alternative coping mechanisms, like going for a walk, practicing deep breathing, or engaging in a hobby. It's also essential to set realistic expectations and allow yourself to enjoy your favorite sweets in moderation, rather than depriving yourself and then overindulging.

Additionally, consider implementing some practical tips, such as using smaller plates, eating regular meals to avoid extreme hunger, and removing distractions while eating, like turning off the TV or putting away your phone. Remember that it takes time and effort to develop new habits, so be gentle with yourself and don't expect to change overnight. With consistent practice and self-compassion, you can develop a healthier relationship with food and learn to stop eating when you're full, rather than relying on willpower or self-control.",questionID_714,How can I train myself to stop eating when I'm full?,"I have no self control over food. Most people stop when they've had enough, but I keep eating for the pleasure of it. Especially with sweets - I'm never done eating dessert.",eating-disorders,llama3,0.05533969999999999,0.4806829115456246
low_confidence_boundary,2557,1,0.4992566446723784,0,0.4845748499684145,0,0.55614203,0,333,5,Reflect on your past infidelity and how your fiancé forgave you.,506,570,1,1,5,"I'm so sorry to hear about the pain and betrayal you're experiencing. Given your history and desire to move forward, it's essential to approach this situation with care and honesty. First, acknowledge that forgiveness is a process, and it may take time for both of you to heal. Consider couples therapy to work through your feelings and rebuild trust. It's crucial to have open and honest conversations about what happened, why it happened, and how you both can work together to prevent it in the future.

Reflect on your past infidelity and how your fiancé forgave you. Recognize that her cheating may be a symptom of deeper issues in your relationship, and it's essential to address these underlying problems. Make sure you're both on the same page regarding your commitment to the relationship and your son.

To overcome the unsettling thoughts, try to focus on the present moment and the future you want to build together. Practice self-care, engage in activities that bring you joy, and prioritize quality time with your fiancé and son. Rebuilding trust will require effort, patience, and understanding from both parties.

Remember that healing is not about forgetting or condoning the infidelity but about working together to create a stronger, more resilient relationship. It's okay to seek help, and don't be afraid to reach out to a therapist or counselor who can provide guidance and support throughout this challenging time.",questionID_732,My fiancé cheated. How can we mend our relationship?,"I'm in a relationship with my fiancé and I currently found out that she's been cheating on me with a co-worker. I was very upset none the less. I understand what she did was wrong, but I want to spend the rest of my life with her. So I'm willing to forgive and move on. We have been together for a little over 9 years, and we have a son. At the beginning of our relationship, I was unfaithful and she caught me cheating. She forgave me for what I've done to her and since then I been completely faithful. I'm worried about our relationship and want to move forward but its been very unsettling. All I can think about is her with another man. I don't know what to do or where to go for advice?",relationships,llama3,0.056142029999999954,0.5133245082135977
low_confidence_boundary,280,1,0.5057484793615645,1,0.5569581571824045,1,0.55735046,0,38,3,"Since your son will also be affected by the prenatal conditions of his child, he may also be interested in being part of this conversation.",366,505,1,1,5,"Have you reached your own conclusions and reasons for these, regarding the topic?   When you feel confident in your own reasons for your conclusions, then obviously ask your daughter in law for some time together and tell her what you think and your reasons for opinions.Plan for this meeting according to the type of relationship you have with your daughter in law.Since your son will also be affected by the prenatal conditions of his child, he may also be interested in being part of this conversation.Also, during your discussion, find out the exact ways the morning sickness affects your daughter in law.It is possible that scheduling adjustments in routines can be made so your daughter has more time to rest or fewer responsibilities for a while until she feels better.Maybe you and other family members can lighten her daily routines so she has more time for herself to manage her morning sickness in a less risky way.Sending Good luck!",questionID_624,My daughter-in-law is smoking marijuana while pregnant,"My new daughter-in-law just informed me that she is smoking marijuana while pregnant because of her morning sickness. I’m in shock and I don’t know how to respond. I just lost my mom, and she was good with advice.",substance-abuse,human,0.05735045999999999,0.540019032181323
low_confidence_boundary,75,0,0.4941113195002926,0,0.4485072670223214,0,0.4412119,0,10,0,I'm truly sorry you're going through this; the uncertainty and lack of information must be incredibly distressing.,0,114,0,0,5,"I'm truly sorry you're going through this; the uncertainty and lack of information must be incredibly distressing. It's understandable to feel overwhelmed and helpless in this situation. If you're able to find out who his designated contact person is at the hospital, they might be able to provide you with more information. In the meantime, please remember to take care of yourself and consider reaching out to your support network or a crisis hotline for emotional support during this difficult time.",questionID_886,My boyfriend is in the hospital. They won’t tell me what’s wrong and if or when he’s coming back,,legal-regulatory,gemini,0.05878810000000001,0.4612768288408713
low_confidence_boundary,1927,0,0.4998277677413344,0,0.5593347792408209,1,0.49192226,0,260,1,"While some insecurity is common during teenage years, the intensity of your feelings, particularly regarding your body image and potential self-harm (throwing up), suggests reaching out for support is crucial.",146,355,0,0,5,"It sounds like you're experiencing a lot of difficult emotions right now, and it's important to know that you're not alone and help is available. While some insecurity is common during teenage years, the intensity of your feelings, particularly regarding your body image and potential self-harm (throwing up), suggests reaching out for support is crucial. I strongly recommend talking to a trusted adult like a parent, school counselor, or teacher, and consider contacting a crisis hotline or seeking professional help from a therapist or counselor. They can provide you with a safe space to explore these feelings and develop healthy coping strategies. You deserve to feel better, and there are people who care and want to help.",questionID_346,"I feel like I'm this dumb fat girl that no one likes, and everything is my fault. Are these normal teenage girl feelings?","Everyone around me is much smarter and flaunts it. Everyone around me is skinny, and here I am trying to throw up so I'm not fat. Everything I do is wrong, and I can't seem to do anything right! No one else at school seems to feel the way I do! Is this normal teenage girls feelings? I don't think these feelings are normal.",self-esteem,gemini,0.05933477924082087,0.5170282689940517
low_confidence_boundary,259,1,0.5013702592324899,1,0.4340737629134634,0,0.4881694,0,35,2,Her use of marijuana during pregnancy could potentially affect the health of the unborn child.,163,257,1,1,5,"I'm really sorry to hear about your mom's passing and the situation you're currently facing with your daughter-in-law. It's understandable that you are concerned. Her use of marijuana during pregnancy could potentially affect the health of the unborn child. It's generally recommended to approach such situations with calm and understanding. You might start by expressing your concern, letting her know you're coming from a place of care for her and the baby. Perhaps encourage her to consult with a healthcare provider about safer alternatives for managing her morning sickness. Remember, this is a delicate situation and it's important to maintain respect and empathy throughout the conversation.",questionID_624,My daughter-in-law is smoking marijuana while pregnant,"My new daughter-in-law just informed me that she is smoking marijuana while pregnant because of her morning sickness. I’m in shock and I don’t know how to respond. I just lost my mom, and she was good with advice.",substance-abuse,gpt4,0.06592623708653661,0.4745378073819844
low_confidence_boundary,2562,1,0.5006633237693461,1,0.4844163319613818,0,0.43318036,0,333,10,"Rebuilding trust will require effort, patience, and understanding from both parties.",1042,1126,1,1,5,"I'm so sorry to hear about the pain and betrayal you're experiencing. Given your history and desire to move forward, it's essential to approach this situation with care and honesty. First, acknowledge that forgiveness is a process, and it may take time for both of you to heal. Consider couples therapy to work through your feelings and rebuild trust. It's crucial to have open and honest conversations about what happened, why it happened, and how you both can work together to prevent it in the future.

Reflect on your past infidelity and how your fiancé forgave you. Recognize that her cheating may be a symptom of deeper issues in your relationship, and it's essential to address these underlying problems. Make sure you're both on the same page regarding your commitment to the relationship and your son.

To overcome the unsettling thoughts, try to focus on the present moment and the future you want to build together. Practice self-care, engage in activities that bring you joy, and prioritize quality time with your fiancé and son. Rebuilding trust will require effort, patience, and understanding from both parties.

Remember that healing is not about forgetting or condoning the infidelity but about working together to create a stronger, more resilient relationship. It's okay to seek help, and don't be afraid to reach out to a therapist or counselor who can provide guidance and support throughout this challenging time.",questionID_732,My fiancé cheated. How can we mend our relationship?,"I'm in a relationship with my fiancé and I currently found out that she's been cheating on me with a co-worker. I was very upset none the less. I understand what she did was wrong, but I want to spend the rest of my life with her. So I'm willing to forgive and move on. We have been together for a little over 9 years, and we have a son. At the beginning of our relationship, I was unfaithful and she caught me cheating. She forgave me for what I've done to her and since then I been completely faithful. I'm worried about our relationship and want to move forward but its been very unsettling. All I can think about is her with another man. I don't know what to do or where to go for advice?",relationships,llama3,0.06681964000000001,0.4727533385769093
low_confidence_boundary,1464,0,0.4983168751452992,0,0.5673612834966612,1,0.54066503,0,201,1,"This is a common phenomenon, and many people experience it.",117,176,0,0,5,"It's completely normal to feel nervous or anxious when attending therapy sessions, especially in the initial stages. This is a common phenomenon, and many people experience it. The nervousness can stem from various factors, such as fear of vulnerability, uncertainty about the therapy process, or concerns about being judged. Even after a few sessions, it's not unusual to still feel some level of apprehension. 

This nervousness can actually be a sign that you're taking a significant step towards addressing your mental health, which can be a daunting but ultimately rewarding process. It might help to remember that your therapist is there to support and guide you, not to judge you. They are trained to create a safe and non-judgmental space for you to express yourself.

If you feel comfortable, you could discuss your nervousness with your therapist. They can offer reassurance, help you understand the source of your anxiety, and work with you to develop coping strategies to manage your nerves. Remember, therapy is a process, and it's okay to take things at your own pace. With time and as you become more comfortable with the process and your therapist, your nervousness may decrease, allowing you to fully engage with and benefit from your therapy sessions.",questionID_146,Is it normal to go into therapy feeling nervous?,I've gone to a couple therapy sessions so far and still everytime I walk in I get nervous and shaky. Is this normal? Should I still be feeling like this?,anxiety,llama3,0.06736128349666115,0.5354477295473201
low_confidence_boundary,2108,0,0.4981369799172131,0,0.4311565530499376,0,0.548988,0,281,3,"To start, it's essential to address the emotional aspect of binge eating.",253,326,0,0,5,"I'm so glad you're reaching out for help with this challenging issue. First, please know that you're not alone, and binge eating is a common struggle for many people. It's great that you're acknowledging the pattern and seeking ways to break the cycle. To start, it's essential to address the emotional aspect of binge eating. When you feel stressed, try to pause and recognize the emotional trigger. Take a few deep breaths, and ask yourself what you're feeling and what you need in that moment. 

Consider alternative coping mechanisms, such as journaling, meditation, or talking to a trusted friend or family member. Physical activity can be helpful, but it's crucial to separate exercise from punishment or calorie compensation. Instead, focus on gentle, self-care activities like yoga or walking, which can help you connect with your body in a positive way.

It might be helpful to work with a registered dietitian or a therapist who specializes in eating disorders to develop a personalized plan. They can help you identify your triggers, develop a healthier relationship with food, and work through the shame and guilt associated with binge eating. Additionally, consider keeping a food and mood journal to track your eating patterns and identify potential triggers.

Remember, recovery from binge eating is a journey, and it's okay to take it one step at a time. Be patient and compassionate with yourself, and celebrate small victories along the way. You deserve to develop a positive and loving relationship with food and your body.",questionID_712,How do I handle my binge eating?,"I have a problem with binge eating, especially during times of stress. I binge eat and feel so overwhelmed with shame and disappointment that I end up going to the gym and trying to exercise the calories off. I am in my late 20s, and I have been dealing with this since I was a teenager. Are there any coping mechanisms I can use to break this cycle?",eating-disorders,llama3,0.06884344695006239,0.49276051098905027
low_confidence_boundary,391,0,0.5091254897596729,1,0.5538532674122828,1,0.5688868,0,51,16,Don't be too hard on yourself if you slip up.,951,996,0,0,5,"It sounds like you're struggling with mindful eating, and I want to assure you that you're not alone in this. Here are a few strategies that might help:

1. Practice Mindful Eating: Pay attention to your hunger and fullness cues. Eat slowly and deliberately, savoring every bite. This can help you become more aware of when you're actually full.

2. Eat Regular, Balanced Meals: Skipping meals or eating irregularly can lead to overeating. Try to have regular, balanced meals filled with protein, fiber, and healthy fats to keep you satisfied.

3. Manage Your Environment: Limit the availability of sweets or tempting foods in your home. If they're not readily accessible, you're less likely to overindulge.

4. Seek Support: Sometimes, it helps to talk about these issues. A support group, a dietitian, or a mental health professional can provide additional strategies and coping mechanisms.

5. Practice Self-Compassion: It's okay to have off days. Don't be too hard on yourself if you slip up. Remember, it's about progress, not perfection.

If you find that these strategies aren't enough or if your eating habits are causing you distress, it might be beneficial to seek help from a mental health professional. They can provide you with more personalized strategies and could also explore if there's an underlying emotional issue that needs to be addressed.",questionID_714,How can I train myself to stop eating when I'm full?,"I have no self control over food. Most people stop when they've had enough, but I keep eating for the pleasure of it. Especially with sweets - I'm never done eating dessert.",eating-disorders,gpt4,0.06888680000000003,0.5439551857239852
low_confidence_boundary,2365,0,0.4974903008120436,0,0.5707549789714924,1,0.5407384,0,312,11,It sounds like you have a wonderful companion and you certainly don't want to lose this due to a situation that is impossible to change.,986,1122,0,0,5,"It's hard to let go of the dreams you had regarding your wedding and engagement. This was something that you and most women think about for years, so it's understandable to be disappointed. But please be aware that it is rare that any wedding is perfect. You may envy your friends' weddings but more than likely they had a few mishaps of their own and/or it wasn't as perfect as they had planned it either. However, like you know, the marriage is the most important thing. How many women are envious that you are in a happy, stable relationship? I assure you that there are plenty. Try to live in the present considering that dwelling on the past can still not change how you were proposed to or how your wedding day transpired. Focus on what you can control NOW. Perhaps, you can plan an extravagant renewal of your vows or change the look of your ring?I would also be upfront with your husband and explain why you've been short lately. But after that, close that chapter and move on. It sounds like you have a wonderful companion and you certainly don't want to lose this due to a situation that is impossible to change.",questionID_707,How can I let go of my dream wedding?,"I have been with my husband for almost 7 years. We got engaged a little after 5 years of being together. I had always been clear that I wanted to get married and I sadly would drop hints about how i wanted him to propose. When he did propose it was during a random vacation that I had planned. I was happy but I couldn't help feeling disappointed too. I had told him numerous times before that I wanted him to do it in front of my friends and family. I know it sounds dumb to be upset but I couldn't help how I was feeling. We are now married but the wedding and ring were also far from what I wanted and it wasn't due to lack of funds. I know this is all material and the marriage is the most important thing but I cant help but get jealous and envious every time I see someone get a proposal or wedding that I had wanted. I cant help my anger because I know we only get one proposal and one wedding. What I wanted will never happen. I have been working on my feelings for the past year and half to get over it. I try to focus on our marriage but every time I see someone have the best proposals and weddings I get upset. I know it is selfish and I know its petty but I just can't control it. It's ruining our relationship because I constantly think about it. Plus, I get mad at him for small things because I am trying to hide the fact that I am so disappointed. Why can't I move on?",marriage,human,0.07075497897149241,0.5363278932611787
low_confidence_boundary,2572,0,0.5060786863408976,1,0.5720452751121159,1,0.5603122,0,335,4,"A couples' therapist would be able to help each of you talk about the factors motivating the cheating, as well as clarify the reasons you each have for continuing to stay together.",426,606,0,0,5,"I'm sorry for the stress and unhappiness stemming the problem you describe.Trust your instinct that there is more complexity to feeling good about being in a partnership than simply wanting this to happen.In any relationship, the complexities of each person combine.   Often people accept when this feels good and are lost as to what to do when natural human complexity, doesn't match up with our partner in the way we'd like.A couples' therapist would be able to help each of you talk about the factors motivating the cheating, as well as clarify the reasons you each have for continuing to stay together. The unique advantage of couple's therapy is that each person is able to hear their partner talk out loud about themselves and their partner.This is sometimes enormously helpful since our inner thoughts are often hidden yet very dominant in how we direct ourselves in relationships.Sometimes the initial consult session offers enough new understanding that a second session wouldn't be necessary for a while.Good luck in finding your relationship happiness!",questionID_732,My fiancé cheated. How can we mend our relationship?,"I'm in a relationship with my fiancé and I currently found out that she's been cheating on me with a co-worker. I was very upset none the less. I understand what she did was wrong, but I want to spend the rest of my life with her. So I'm willing to forgive and move on. We have been together for a little over 9 years, and we have a son. At the beginning of our relationship, I was unfaithful and she caught me cheating. She forgave me for what I've done to her and since then I been completely faithful. I'm worried about our relationship and want to move forward but its been very unsettling. All I can think about is her with another man. I don't know what to do or where to go for advice?",relationships,human,0.07204527511211589,0.5461453871510045
low_confidence_boundary,71,0,0.5075149850895971,1,0.4370876527239893,0,0.42762628,0,9,7,"If you haven't already, you may want to ask him if he has completed any advance directives or if he would like you to be his representative.",755,895,0,0,5,"I'm so sorry to hear that you're going through this uncertain and stressful situation. It's completely understandable that you're feeling anxious and concerned about your boyfriend's health. The lack of information from the hospital can be frustrating, but it's likely due to patient confidentiality laws and protocols. 

In the meantime, take care of yourself during this challenging time. Reach out to friends, family, or a support group for emotional support. You can also try contacting the hospital's social work department or patient advocate to see if they can provide any guidance or support. 

Remember that you have the right to be informed about your boyfriend's condition if he has designated you as his emergency contact or healthcare proxy. If you haven't already, you may want to ask him if he has completed any advance directives or if he would like you to be his representative. 

Try to stay calm, focus on what you can control, and prioritize your own well-being. Keep in mind that the hospital staff is working to provide the best care for your boyfriend, and it's possible that they will be able to share more information with you soon. Sending you positive thoughts and hoping for your boyfriend's speedy recovery.",questionID_886,My boyfriend is in the hospital. They won’t tell me what’s wrong and if or when he’s coming back,,legal-regulatory,llama3,0.07237371999999997,0.4574096392711955
low_confidence_boundary,2352,1,0.5004748705529907,1,0.5381444376352378,0,0.4256264,0,311,0,"While it's understandable to feel disappointed when a long-held dream doesn't match reality, focusing on acceptance and open communication with your husband about your lingering feelings, rather than suppressing them, is key to moving forward and enjoying your marriage.",0,270,1,1,5,"While it's understandable to feel disappointed when a long-held dream doesn't match reality, focusing on acceptance and open communication with your husband about your lingering feelings, rather than suppressing them, is key to moving forward and enjoying your marriage. Consider exploring these feelings further with a therapist to develop coping strategies and strengthen your communication skills.",questionID_707,How can I let go of my dream wedding?,"I have been with my husband for almost 7 years. We got engaged a little after 5 years of being together. I had always been clear that I wanted to get married and I sadly would drop hints about how i wanted him to propose. When he did propose it was during a random vacation that I had planned. I was happy but I couldn't help feeling disappointed too. I had told him numerous times before that I wanted him to do it in front of my friends and family. I know it sounds dumb to be upset but I couldn't help how I was feeling. We are now married but the wedding and ring were also far from what I wanted and it wasn't due to lack of funds. I know this is all material and the marriage is the most important thing but I cant help but get jealous and envious every time I see someone get a proposal or wedding that I had wanted. I cant help my anger because I know we only get one proposal and one wedding. What I wanted will never happen. I have been working on my feelings for the past year and half to get over it. I try to focus on our marriage but every time I see someone have the best proposals and weddings I get upset. I know it is selfish and I know its petty but I just can't control it. It's ruining our relationship because I constantly think about it. Plus, I get mad at him for small things because I am trying to hide the fact that I am so disappointed. Why can't I move on?",marriage,gemini,0.07437359999999998,0.4880819027294095
low_confidence_boundary,59,1,0.4981304834105921,0,0.5392551606150985,0,0.42523605,0,8,2,"It's important for you to understand that you can't control everything, especially health situations of others.",128,239,2,2,5,"I'm really sorry to hear about your boyfriend. It sounds like you're going through a particularly stressful and uncertain time. It's important for you to understand that you can't control everything, especially health situations of others. What you can do right now is to take care of yourself, try to stay connected with your boyfriend through messages or phone calls if possible, and seek support from your friends and family. It might also help to engage in activities that can help you cope with stress, like reading, listening to music, doing some physical exercise, or meditation. Remember, it's okay to feel scared and worried, but try not to let your worry consume you. You're stronger than you think.",questionID_886,My boyfriend is in the hospital. They won’t tell me what’s wrong and if or when he’s coming back,,legal-regulatory,gpt4,0.07476395000000002,0.4875405646752302
low_confidence_boundary,1115,0,0.4984064457691899,0,0.5765398122861689,1,0.42866448,0,152,0,"It's concerning to hear that your boyfriend often ends arguments by saying he doesn't love you, as this can be emotionally distressing and damaging to your relationship.",0,169,0,0,5,"It's concerning to hear that your boyfriend often ends arguments by saying he doesn't love you, as this can be emotionally distressing and damaging to your relationship. This pattern suggests that he may be using a form of emotional manipulation to control or punish you during conflicts. To address this issue, consider having an open and honest conversation with your boyfriend about how his words affect you. It's essential to express your feelings and concerns in a non-accusatory manner, focusing on the specific behavior that's causing harm.

Given your commitment to resolving problems and your desire to maintain a healthy family environment for your kids, it might be helpful to establish some ground rules for conflict resolution. This could include active listening, avoiding hurtful language, and making a genuine effort to understand each other's perspectives. Since you're willing to apologize and move forward, it's crucial that your boyfriend also learns to let go of grudges and work towards resolving issues rather than dwelling on them.

Couples therapy could be a valuable resource for you both, providing a safe and guided environment to explore your communication dynamics and work on developing healthier conflict resolution strategies. A professional therapist can help you identify patterns and behaviors that contribute to your communication challenges and offer tools and techniques to improve your interaction. By addressing these issues and learning to communicate more effectively, you can work towards strengthening your relationship and creating a more stable and loving environment for your family.",questionID_754,Why do my boyfriend and I have such trouble communicating?,"We’ve been together almost three years. We argue and he ends it by telling me he doesn’t love me. It's hurtful because I am all about resolving the problem, and he dwells on the issue even if I drop what he's done and just swallow my pride and say I am sorry. How can this be resolved? We have kids, and I don't want a broken family because we can't communicate.",relationships,llama3,0.0765398122861689,0.5012035793517863
low_confidence_boundary,2107,0,0.4959124187061867,0,0.4229551508163895,0,0.54462534,0,281,2,It's great that you're acknowledging the pattern and seeking ways to break the cycle.,167,252,0,0,5,"I'm so glad you're reaching out for help with this challenging issue. First, please know that you're not alone, and binge eating is a common struggle for many people. It's great that you're acknowledging the pattern and seeking ways to break the cycle. To start, it's essential to address the emotional aspect of binge eating. When you feel stressed, try to pause and recognize the emotional trigger. Take a few deep breaths, and ask yourself what you're feeling and what you need in that moment. 

Consider alternative coping mechanisms, such as journaling, meditation, or talking to a trusted friend or family member. Physical activity can be helpful, but it's crucial to separate exercise from punishment or calorie compensation. Instead, focus on gentle, self-care activities like yoga or walking, which can help you connect with your body in a positive way.

It might be helpful to work with a registered dietitian or a therapist who specializes in eating disorders to develop a personalized plan. They can help you identify your triggers, develop a healthier relationship with food, and work through the shame and guilt associated with binge eating. Additionally, consider keeping a food and mood journal to track your eating patterns and identify potential triggers.

Remember, recovery from binge eating is a journey, and it's okay to take it one step at a time. Be patient and compassionate with yourself, and celebrate small victories along the way. You deserve to develop a positive and loving relationship with food and your body.",questionID_712,How do I handle my binge eating?,"I have a problem with binge eating, especially during times of stress. I binge eat and feel so overwhelmed with shame and disappointment that I end up going to the gym and trying to exercise the calories off. I am in my late 20s, and I have been dealing with this since I was a teenager. Are there any coping mechanisms I can use to break this cycle?",eating-disorders,llama3,0.07704484918361049,0.4878309698408587
low_confidence_boundary,57,0,0.4946683432030037,0,0.5531273266104799,1,0.41870502,0,8,0,I'm really sorry to hear about your boyfriend.,0,46,0,0,5,"I'm really sorry to hear about your boyfriend. It sounds like you're going through a particularly stressful and uncertain time. It's important for you to understand that you can't control everything, especially health situations of others. What you can do right now is to take care of yourself, try to stay connected with your boyfriend through messages or phone calls if possible, and seek support from your friends and family. It might also help to engage in activities that can help you cope with stress, like reading, listening to music, doing some physical exercise, or meditation. Remember, it's okay to feel scared and worried, but try not to let your worry consume you. You're stronger than you think.",questionID_886,My boyfriend is in the hospital. They won’t tell me what’s wrong and if or when he’s coming back,,legal-regulatory,gpt4,0.08129498000000002,0.4888335632711612
low_confidence_boundary,2544,0,0.4935041752986209,0,0.4153885805083947,0,0.42453554,0,332,1,It's a very difficult situation and it's understandable that you're feeling upset and unsettled.,57,153,0,0,5,"I'm really sorry to hear that you're going through this. It's a very difficult situation and it's understandable that you're feeling upset and unsettled. It's important to remember that healing and rebuilding trust takes time and patience. If you both are committed to mending your relationship, consider seeking help from a professional counselor or therapist who specializes in relationship issues. They can guide you through open and honest communication, understanding each other's feelings, and establishing boundaries and trust. You might also consider individual therapy to help navigate your own feelings of betrayal and insecurity. It's crucial to take care of your own mental and emotional health during this challenging time. While it's certainly possible to rebuild a relationship after infidelity, it's a decision that both partners must fully commit to. Remember, it's perfectly okay to have doubts and to take the time you need to decide what's best for you.",questionID_732,My fiancé cheated. How can we mend our relationship?,"I'm in a relationship with my fiancé and I currently found out that she's been cheating on me with a co-worker. I was very upset none the less. I understand what she did was wrong, but I want to spend the rest of my life with her. So I'm willing to forgive and move on. We have been together for a little over 9 years, and we have a son. At the beginning of our relationship, I was unfaithful and she caught me cheating. She forgave me for what I've done to her and since then I been completely faithful. I'm worried about our relationship and want to move forward but its been very unsettling. All I can think about is her with another man. I don't know what to do or where to go for advice?",relationships,gpt4,0.08461141949160528,0.44447609860233855
low_confidence_boundary,1815,0,0.4992226923584574,0,0.4529903460022885,0,0.58517665,0,244,0,"It's absolutely normal to cry during therapy, and there's absolutely nothing to be embarrassed about.",0,101,0,0,5,"It's absolutely normal to cry during therapy, and there's absolutely nothing to be embarrassed about. Therapy is a safe space for you to express your emotions and feelings openly. Crying can often be a part of the healing process, allowing us to release pent-up emotions. A good therapist will understand and support you through this. Remember, therapy is about helping you, and there's no right or wrong way to feel. It's natural to feel anxious about starting therapy, but try to see it as a positive step towards better understanding and managing your emotions.",questionID_144,Is it normal to cry during therapy?,"I start counseling/therapy in a few days (I'm freaking out) but my main fear is that I'll cry and embarrass myself, is it something to worry about?",anxiety,gpt4,0.08517664999999996,0.5124632294535819
low_confidence_boundary,1832,1,0.4979851137108543,0,0.4147545930357859,0,0.43100372,0,246,1,Your therapist is there to support you through whatever you're experiencing.,155,231,2,2,5,"Crying in therapy is completely normal and even expected sometimes – it's a safe space to express your emotions, so don't worry about feeling embarrassed. Your therapist is there to support you through whatever you're experiencing.",questionID_144,Is it normal to cry during therapy?,"I start counseling/therapy in a few days (I'm freaking out) but my main fear is that I'll cry and embarrass myself, is it something to worry about?",anxiety,gemini,0.08524540696421412,0.44791447558221337
low_confidence_boundary,279,1,0.5042632664642244,1,0.554610450719248,1,0.41341192,0,38,2,Plan for this meeting according to the type of relationship you have with your daughter in law.,271,366,1,1,5,"Have you reached your own conclusions and reasons for these, regarding the topic?   When you feel confident in your own reasons for your conclusions, then obviously ask your daughter in law for some time together and tell her what you think and your reasons for opinions.Plan for this meeting according to the type of relationship you have with your daughter in law.Since your son will also be affected by the prenatal conditions of his child, he may also be interested in being part of this conversation.Also, during your discussion, find out the exact ways the morning sickness affects your daughter in law.It is possible that scheduling adjustments in routines can be made so your daughter has more time to rest or fewer responsibilities for a while until she feels better.Maybe you and other family members can lighten her daily routines so she has more time for herself to manage her morning sickness in a less risky way.Sending Good luck!",questionID_624,My daughter-in-law is smoking marijuana while pregnant,"My new daughter-in-law just informed me that she is smoking marijuana while pregnant because of her morning sickness. I’m in shock and I don’t know how to respond. I just lost my mom, and she was good with advice.",substance-abuse,human,0.08658808000000001,0.4907618790611574
low_confidence_boundary,1468,0,0.4977488253180115,0,0.5541791456304257,1,0.58709985,0,201,5,"It might help to remember that your therapist is there to support and guide you, not to judge you.",589,687,0,0,5,"It's completely normal to feel nervous or anxious when attending therapy sessions, especially in the initial stages. This is a common phenomenon, and many people experience it. The nervousness can stem from various factors, such as fear of vulnerability, uncertainty about the therapy process, or concerns about being judged. Even after a few sessions, it's not unusual to still feel some level of apprehension. 

This nervousness can actually be a sign that you're taking a significant step towards addressing your mental health, which can be a daunting but ultimately rewarding process. It might help to remember that your therapist is there to support and guide you, not to judge you. They are trained to create a safe and non-judgmental space for you to express yourself.

If you feel comfortable, you could discuss your nervousness with your therapist. They can offer reassurance, help you understand the source of your anxiety, and work with you to develop coping strategies to manage your nerves. Remember, therapy is a process, and it's okay to take things at your own pace. With time and as you become more comfortable with the process and your therapist, your nervousness may decrease, allowing you to fully engage with and benefit from your therapy sessions.",questionID_146,Is it normal to go into therapy feeling nervous?,I've gone to a couple therapy sessions so far and still everytime I walk in I get nervous and shaky. Is this normal? Should I still be feeling like this?,anxiety,llama3,0.08709984999999998,0.5463426069828125
low_confidence_boundary,1126,0,0.4993897058855404,0,0.4122757809788372,0,0.41884282,0,153,1,You may also find individual therapy beneficial to develop coping mechanisms and establish healthy boundaries for yourself within the relationship.,285,432,0,0,5,"Consider seeking couples counseling to develop healthier communication skills and conflict resolution strategies, as repeatedly using the threat of leaving and avoiding problem-solving can significantly damage the relationship and create insecurity, especially with children involved. You may also find individual therapy beneficial to develop coping mechanisms and establish healthy boundaries for yourself within the relationship.",questionID_754,Why do my boyfriend and I have such trouble communicating?,"We’ve been together almost three years. We argue and he ends it by telling me he doesn’t love me. It's hurtful because I am all about resolving the problem, and he dwells on the issue even if I drop what he's done and just swallow my pride and say I am sorry. How can this be resolved? We have kids, and I don't want a broken family because we can't communicate.",relationships,gemini,0.08772421902116279,0.44350276895479257
low_confidence_boundary,2099,0,0.5021776866769396,1,0.5054506890513828,0,0.5887694,0,280,4,"Mindful eating, where you focus on the taste, texture, and feelings of fullness, can also be beneficial.",428,532,0,0,5,"I'm really sorry to hear that you're struggling with this, but please know that you're not alone and it's commendable that you're seeking help. Binge eating can often be a coping mechanism for stress and other emotions, so it's important to find healthy alternatives. Cognitive behavioral therapy (CBT) can be very effective in addressing binge eating by helping you to understand your triggers and develop healthier responses. Mindful eating, where you focus on the taste, texture, and feelings of fullness, can also be beneficial. Regular, balanced meals can prevent extreme hunger that often leads to binging. Physical activity is important for overall health, but try not to use exercise as a punishment for eating. Instead, view it as a way to strengthen and care for your body. Reach out to a mental health professional who can provide you with more personalized strategies and consider joining a support group where you can connect with others facing the same challenges. Remember, it's okay to seek help and recovery is absolutely possible.",questionID_712,How do I handle my binge eating?,"I have a problem with binge eating, especially during times of stress. I binge eat and feel so overwhelmed with shame and disappointment that I end up going to the gym and trying to exercise the calories off. I am in my late 20s, and I have been dealing with this since I was a teenager. Are there any coping mechanisms I can use to break this cycle?",eating-disorders,gpt4,0.0887694,0.5321325919094408
low_confidence_boundary,2097,1,0.4941056418361411,0,0.4910619875560841,0,0.41112918,0,280,2,"Binge eating can often be a coping mechanism for stress and other emotions, so it's important to find healthy alternatives.",144,267,1,1,5,"I'm really sorry to hear that you're struggling with this, but please know that you're not alone and it's commendable that you're seeking help. Binge eating can often be a coping mechanism for stress and other emotions, so it's important to find healthy alternatives. Cognitive behavioral therapy (CBT) can be very effective in addressing binge eating by helping you to understand your triggers and develop healthier responses. Mindful eating, where you focus on the taste, texture, and feelings of fullness, can also be beneficial. Regular, balanced meals can prevent extreme hunger that often leads to binging. Physical activity is important for overall health, but try not to use exercise as a punishment for eating. Instead, view it as a way to strengthen and care for your body. Reach out to a mental health professional who can provide you with more personalized strategies and consider joining a support group where you can connect with others facing the same challenges. Remember, it's okay to seek help and recovery is absolutely possible.",questionID_712,How do I handle my binge eating?,"I have a problem with binge eating, especially during times of stress. I binge eat and feel so overwhelmed with shame and disappointment that I end up going to the gym and trying to exercise the calories off. I am in my late 20s, and I have been dealing with this since I was a teenager. Are there any coping mechanisms I can use to break this cycle?",eating-disorders,gpt4,0.08887082000000002,0.4654322697974084
low_confidence_boundary,2133,0,0.503809467882725,1,0.5894395822512047,1,0.5538387,0,284,4,"In terms of legality, generally there aren't any legal ramifications for having a relationship with a fellow counselor.",759,878,0,0,5,"As a therapist, it's important to maintain professional boundaries and adhere to ethical guidelines in all circumstances. In terms of having a romantic relationship with a fellow counselor, it's not inherently unethical, provided it doesn't interfere with your ability to provide effective and unbiased care to your clients. It's crucial to avoid any conflicts of interest and ensure that your personal life doesn't affect your professional responsibilities. 

However, it's important to know that different organizations, workplaces, and professional bodies may have their own specific rules or guidelines about relationships between colleagues, so you should consult your organization's policies or your professional body's ethical guidelines for clarity.

In terms of legality, generally there aren't any legal ramifications for having a relationship with a fellow counselor. However, situations that involve harassment, discrimination, or violation of workplace policies could potentially have legal implications. Always ensure you act professionally and ethically in all aspects of your work. If you're uncertain, consider seeking advice from a mentor, supervisor, or legal counsel.",questionID_401,Is it unethical to have a relationship with a fellow counselor?,Does this go against any ethical codes? Are there legal ramifications?,workplace-relationships,gpt4,0.08943958225120474,0.5490292500446432
low_confidence_boundary,1829,0,0.5057346890725832,1,0.4793815503708114,0,0.41010228,0,245,8,"Your therapist will likely explain their approach and what you can expect during the session, which may help you feel more at ease.",951,1082,0,0,5,"It's completely normal to cry during therapy, and it's actually a common occurrence. Crying can be a natural release of emotions, and it's a sign that you're processing and working through your feelings. Therapists are trained to create a safe and non-judgmental space for you to express yourself, and they've likely seen many clients cry before. It's not something to be embarrassed about, and it doesn't mean you're weak or unstable. In fact, crying can be a cathartic experience that helps you release pent-up emotions and gain clarity on your thoughts and feelings. 

Remember, therapy is a space for you to be vulnerable and honest, and your therapist is there to support and guide you, not to judge you. It might be helpful to remind yourself that it's okay to feel and express emotions, and that you're taking a brave step by seeking help. Take a few deep breaths, be kind to yourself, and try to approach your first session with an open mind. Your therapist will likely explain their approach and what you can expect during the session, which may help you feel more at ease. Good luck, and congratulations on taking this important step towards prioritizing your mental health!",questionID_144,Is it normal to cry during therapy?,"I start counseling/therapy in a few days (I'm freaking out) but my main fear is that I'll cry and embarrass myself, is it something to worry about?",anxiety,llama3,0.08989772000000001,0.46507283981446484
low_confidence_boundary,400,0,0.4987503795863635,0,0.5548679723374347,1,0.40823823,0,52,5,"Another strategy is to identify your emotional triggers for overeating, such as stress, boredom, or emotional events.",571,688,0,0,5,"Developing self-control around food, especially sweets, can be challenging, but it's achievable with practice, patience, and the right strategies. To start, try to tune into your body's hunger and fullness cues by eating slowly and mindfully. Savor each bite, pay attention to the flavors, textures, and aromas, and stop eating when you feel satisfied, rather than stuffed. It can also be helpful to use a hunger-fullness scale, where 1 is extremely hungry and 10 is extremely full. Aim to stop eating when you reach a 7 or 8, when you feel content but not overly full.

Another strategy is to identify your emotional triggers for overeating, such as stress, boredom, or emotional events. Once you're aware of your triggers, you can develop alternative coping mechanisms, like going for a walk, practicing deep breathing, or engaging in a hobby. It's also essential to set realistic expectations and allow yourself to enjoy your favorite sweets in moderation, rather than depriving yourself and then overindulging.

Additionally, consider implementing some practical tips, such as using smaller plates, eating regular meals to avoid extreme hunger, and removing distractions while eating, like turning off the TV or putting away your phone. Remember that it takes time and effort to develop new habits, so be gentle with yourself and don't expect to change overnight. With consistent practice and self-compassion, you can develop a healthier relationship with food and learn to stop eating when you're full, rather than relying on willpower or self-control.",questionID_714,How can I train myself to stop eating when I'm full?,"I have no self control over food. Most people stop when they've had enough, but I keep eating for the pleasure of it. Especially with sweets - I'm never done eating dessert.",eating-disorders,llama3,0.09176177000000002,0.4872855273079328
low_confidence_boundary,1125,0,0.4986571577605219,0,0.4079358157020653,0,0.4106674,0,153,0,"Consider seeking couples counseling to develop healthier communication skills and conflict resolution strategies, as repeatedly using the threat of leaving and avoiding problem-solving can significantly damage the relationship and create insecurity, especially with children involved.",0,284,0,0,5,"Consider seeking couples counseling to develop healthier communication skills and conflict resolution strategies, as repeatedly using the threat of leaving and avoiding problem-solving can significantly damage the relationship and create insecurity, especially with children involved. You may also find individual therapy beneficial to develop coping mechanisms and establish healthy boundaries for yourself within the relationship.",questionID_754,Why do my boyfriend and I have such trouble communicating?,"We’ve been together almost three years. We argue and he ends it by telling me he doesn’t love me. It's hurtful because I am all about resolving the problem, and he dwells on the issue even if I drop what he's done and just swallow my pride and say I am sorry. How can this be resolved? We have kids, and I don't want a broken family because we can't communicate.",relationships,gemini,0.09206418429793473,0.43908679115419574
low_confidence_boundary,1939,1,0.4957144643459419,0,0.4078388943087064,0,0.43478942,0,261,8,"Breaking habits that come along with an eating disorder really requires the help of a doctor, nutritionist, and a therapist who can help change your perspective from the inside out!",867,1048,1,1,5,"There are some struggles that are less ""obvious"" than others, an eating disorder being one of them. From just your personal experience alone you might realize how easy it may seem to keep such a secret from those around you. In the same way, there are many people who struggle secretly with this problem and not many people know or even notice. So you are definitely not alone. Low self-esteem or lack of confidence in some areas are issues that EVERY teen, in fact EVERY person, has experienced at some point. These feelings are ""normal."" It sounds, though, as if these feelings of insecurity and inadequacy have begun to consume your every day thoughts and behaviors bringing you to where you are today - comparing yourself to others, purging, and feeling extreme guilt. Sometimes it's best if we seek outside help, instead of trying to tackle problems on our own. Breaking habits that come along with an eating disorder really requires the help of a doctor, nutritionist, and a therapist who can help change your perspective from the inside out! Hope this helps!",questionID_346,"I feel like I'm this dumb fat girl that no one likes, and everything is my fault. Are these normal teenage girl feelings?","Everyone around me is much smarter and flaunts it. Everyone around me is skinny, and here I am trying to throw up so I'm not fat. Everything I do is wrong, and I can't seem to do anything right! No one else at school seems to feel the way I do! Is this normal teenage girls feelings? I don't think these feelings are normal.",self-esteem,human,0.0921611056912936,0.44611425955154943
low_confidence_boundary,2568,0,0.5024647078814696,1,0.4452895829473108,0,0.40768144,0,335,0,I'm sorry for the stress and unhappiness stemming the problem you describe.,0,75,0,0,5,"I'm sorry for the stress and unhappiness stemming the problem you describe.Trust your instinct that there is more complexity to feeling good about being in a partnership than simply wanting this to happen.In any relationship, the complexities of each person combine.   Often people accept when this feels good and are lost as to what to do when natural human complexity, doesn't match up with our partner in the way we'd like.A couples' therapist would be able to help each of you talk about the factors motivating the cheating, as well as clarify the reasons you each have for continuing to stay together. The unique advantage of couple's therapy is that each person is able to hear their partner talk out loud about themselves and their partner.This is sometimes enormously helpful since our inner thoughts are often hidden yet very dominant in how we direct ourselves in relationships.Sometimes the initial consult session offers enough new understanding that a second session wouldn't be necessary for a while.Good luck in finding your relationship happiness!",questionID_732,My fiancé cheated. How can we mend our relationship?,"I'm in a relationship with my fiancé and I currently found out that she's been cheating on me with a co-worker. I was very upset none the less. I understand what she did was wrong, but I want to spend the rest of my life with her. So I'm willing to forgive and move on. We have been together for a little over 9 years, and we have a son. At the beginning of our relationship, I was unfaithful and she caught me cheating. She forgave me for what I've done to her and since then I been completely faithful. I'm worried about our relationship and want to move forward but its been very unsettling. All I can think about is her with another man. I don't know what to do or where to go for advice?",relationships,human,0.09231856,0.4518119102762601
low_confidence_boundary,1117,0,0.5025826715954491,1,0.5923370464728812,1,0.46815506,0,152,2,"To address this issue, consider having an open and honest conversation with your boyfriend about how his words affect you.",289,411,0,0,5,"It's concerning to hear that your boyfriend often ends arguments by saying he doesn't love you, as this can be emotionally distressing and damaging to your relationship. This pattern suggests that he may be using a form of emotional manipulation to control or punish you during conflicts. To address this issue, consider having an open and honest conversation with your boyfriend about how his words affect you. It's essential to express your feelings and concerns in a non-accusatory manner, focusing on the specific behavior that's causing harm.

Given your commitment to resolving problems and your desire to maintain a healthy family environment for your kids, it might be helpful to establish some ground rules for conflict resolution. This could include active listening, avoiding hurtful language, and making a genuine effort to understand each other's perspectives. Since you're willing to apologize and move forward, it's crucial that your boyfriend also learns to let go of grudges and work towards resolving issues rather than dwelling on them.

Couples therapy could be a valuable resource for you both, providing a safe and guided environment to explore your communication dynamics and work on developing healthier conflict resolution strategies. A professional therapist can help you identify patterns and behaviors that contribute to your communication challenges and offer tools and techniques to improve your interaction. By addressing these issues and learning to communicate more effectively, you can work towards strengthening your relationship and creating a more stable and loving environment for your family.",questionID_754,Why do my boyfriend and I have such trouble communicating?,"We’ve been together almost three years. We argue and he ends it by telling me he doesn’t love me. It's hurtful because I am all about resolving the problem, and he dwells on the issue even if I drop what he's done and just swallow my pride and say I am sorry. How can this be resolved? We have kids, and I don't want a broken family because we can't communicate.",relationships,llama3,0.09233704647288121,0.5210249260227767
low_confidence_boundary,1448,0,0.4961230127500657,0,0.5588684089031976,1,0.59507686,0,198,0,It sounds incredibly frustrating to feel constantly accused and misunderstood in your relationship; consider seeking couples counseling to help you both communicate more effectively and address the underlying trust issues that seem to be present.,0,246,0,0,5,"It sounds incredibly frustrating to feel constantly accused and misunderstood in your relationship; consider seeking couples counseling to help you both communicate more effectively and address the underlying trust issues that seem to be present. If your wife is unwilling to participate, individual therapy could provide you with tools and support to navigate this difficult situation.",questionID_391,Why do I feel like I'm always wrong in everything in my relationship?,"My wife is always accusing me of cheating and telling me that I'm doing things she finds disrespectful even when I don't mean it like that. For example, she gets offended when I call someone at work ""sweetheart."" I wish I had a penny for every time she accused me of cheating on her. She doesn't, and never will say she was wrong. How do I get her to understand?",workplace-relationships,gemini,0.09507686000000004,0.5500227605510878
low_confidence_boundary,410,1,0.504585350360691,1,0.5943942003977201,1,0.4041058,0,54,2,"If you find that you truly have no self control over food, I recommend attending Overeaters Anonymous; a 12 step group for those with compulsive issues related to food.",225,393,3,3,5,"I would recommend removing yourself from the environment you are in after you have finished eating. A simple walk around the block, calling up a friend and going to visit, or even going to another room in the house can help. If you find that you truly have no self control over food, I recommend attending Overeaters Anonymous; a 12 step group for those with compulsive issues related to food. I hope this helps.",questionID_714,How can I train myself to stop eating when I'm full?,"I have no self control over food. Most people stop when they've had enough, but I keep eating for the pleasure of it. Especially with sweets - I'm never done eating dessert.",eating-disorders,human,0.09589419999999999,0.5010284502528036
low_confidence_boundary,2345,0,0.5024654016843132,1,0.5534563581172975,1,0.5976009,0,310,2,"It's possible that your feelings of disappointment and jealousy are rooted in a sense of grief for the wedding and proposal you had envisioned, which is a valid emotion.",298,467,0,0,5,"It's completely understandable that you're struggling to let go of your dream wedding, especially when it feels like a once-in-a-lifetime experience that didn't meet your expectations. It's not about being selfish or petty, but rather about acknowledging and processing your unmet emotional needs. It's possible that your feelings of disappointment and jealousy are rooted in a sense of grief for the wedding and proposal you had envisioned, which is a valid emotion. 

To move forward, consider having an open and honest conversation with your husband about your feelings, using ""I"" statements to express your emotions and avoid blaming or resenting him. It may also be helpful to reflect on what specifically you felt was missing from your wedding and proposal, and see if there are ways to recreate or celebrate those aspects in other ways, such as a vow renewal or a special anniversary celebration. 

Additionally, practicing self-compassion and acknowledging that it's okay to have these feelings can help you work through them. Remind yourself that your marriage is not defined by one event, but by the daily choices and commitments you and your husband make to each other. Focus on nurturing your relationship and building positive experiences together, rather than comparing your wedding to others. Lastly, consider seeking the help of a couples therapist who can provide a safe and supportive environment to explore these feelings and work through them together.",questionID_707,How can I let go of my dream wedding?,"I have been with my husband for almost 7 years. We got engaged a little after 5 years of being together. I had always been clear that I wanted to get married and I sadly would drop hints about how i wanted him to propose. When he did propose it was during a random vacation that I had planned. I was happy but I couldn't help feeling disappointed too. I had told him numerous times before that I wanted him to do it in front of my friends and family. I know it sounds dumb to be upset but I couldn't help how I was feeling. We are now married but the wedding and ring were also far from what I wanted and it wasn't due to lack of funds. I know this is all material and the marriage is the most important thing but I cant help but get jealous and envious every time I see someone get a proposal or wedding that I had wanted. I cant help my anger because I know we only get one proposal and one wedding. What I wanted will never happen. I have been working on my feelings for the past year and half to get over it. I try to focus on our marriage but every time I see someone have the best proposals and weddings I get upset. I know it is selfish and I know its petty but I just can't control it. It's ruining our relationship because I constantly think about it. Plus, I get mad at him for small things because I am trying to hide the fact that I am so disappointed. Why can't I move on?",marriage,llama3,0.09760089999999999,0.5511742199338702
tfidf_correct_sbert_wrong,283,1,0.5045357258404033,1,0.5002487910307478,0,0.80880076,1,38,6,Maybe you and other family members can lighten her daily routines so she has more time for herself to manage her morning sickness in a less risky way.,776,926,1,1,5,"Have you reached your own conclusions and reasons for these, regarding the topic?   When you feel confident in your own reasons for your conclusions, then obviously ask your daughter in law for some time together and tell her what you think and your reasons for opinions.Plan for this meeting according to the type of relationship you have with your daughter in law.Since your son will also be affected by the prenatal conditions of his child, he may also be interested in being part of this conversation.Also, during your discussion, find out the exact ways the morning sickness affects your daughter in law.It is possible that scheduling adjustments in routines can be made so your daughter has more time to rest or fewer responsibilities for a while until she feels better.Maybe you and other family members can lighten her daily routines so she has more time for herself to manage her morning sickness in a less risky way.Sending Good luck!",questionID_624,My daughter-in-law is smoking marijuana while pregnant,"My new daughter-in-law just informed me that she is smoking marijuana while pregnant because of her morning sickness. I’m in shock and I don’t know how to respond. I just lost my mom, and she was good with advice.",substance-abuse,human,0.30880076,0.604528425623717
tfidf_correct_sbert_wrong,1834,1,0.5000110095030427,1,0.283474903189595,0,0.806334,1,247,1,I have a stack of kleenex boxes in my office.,38,83,2,2,5,"Oh, crying in therapy is very normal! I have a stack of kleenex boxes in my office. Cry away, therapist are very used to it:) First time being in therapy is scary, but you'll soon know if you are a good match.",questionID_144,Is it normal to cry during therapy?,"I start counseling/therapy in a few days (I'm freaking out) but my main fear is that I'll cry and embarrass myself, is it something to worry about?",anxiety,human,0.306334,0.529939970897546
tfidf_correct_sbert_wrong,1931,1,0.5025717245591681,1,0.482025367893497,0,0.7826558,1,261,0,"There are some struggles that are less ""obvious"" than others, an eating disorder being one of them.",0,99,2,2,5,"There are some struggles that are less ""obvious"" than others, an eating disorder being one of them. From just your personal experience alone you might realize how easy it may seem to keep such a secret from those around you. In the same way, there are many people who struggle secretly with this problem and not many people know or even notice. So you are definitely not alone. Low self-esteem or lack of confidence in some areas are issues that EVERY teen, in fact EVERY person, has experienced at some point. These feelings are ""normal."" It sounds, though, as if these feelings of insecurity and inadequacy have begun to consume your every day thoughts and behaviors bringing you to where you are today - comparing yourself to others, purging, and feeling extreme guilt. Sometimes it's best if we seek outside help, instead of trying to tackle problems on our own. Breaking habits that come along with an eating disorder really requires the help of a doctor, nutritionist, and a therapist who can help change your perspective from the inside out! Hope this helps!",questionID_346,"I feel like I'm this dumb fat girl that no one likes, and everything is my fault. Are these normal teenage girl feelings?","Everyone around me is much smarter and flaunts it. Everyone around me is skinny, and here I am trying to throw up so I'm not fat. Everything I do is wrong, and I can't seem to do anything right! No one else at school seems to feel the way I do! Is this normal teenage girls feelings? I don't think these feelings are normal.",self-esteem,human,0.2826558,0.5890842974842218
tfidf_correct_sbert_wrong,378,0,0.4982853579583817,0,0.6235093734796768,1,0.77959085,1,51,3,Pay attention to your hunger and fullness cues.,182,229,0,0,5,"It sounds like you're struggling with mindful eating, and I want to assure you that you're not alone in this. Here are a few strategies that might help:

1. Practice Mindful Eating: Pay attention to your hunger and fullness cues. Eat slowly and deliberately, savoring every bite. This can help you become more aware of when you're actually full.

2. Eat Regular, Balanced Meals: Skipping meals or eating irregularly can lead to overeating. Try to have regular, balanced meals filled with protein, fiber, and healthy fats to keep you satisfied.

3. Manage Your Environment: Limit the availability of sweets or tempting foods in your home. If they're not readily accessible, you're less likely to overindulge.

4. Seek Support: Sometimes, it helps to talk about these issues. A support group, a dietitian, or a mental health professional can provide additional strategies and coping mechanisms.

5. Practice Self-Compassion: It's okay to have off days. Don't be too hard on yourself if you slip up. Remember, it's about progress, not perfection.

If you find that these strategies aren't enough or if your eating habits are causing you distress, it might be beneficial to seek help from a mental health professional. They can provide you with more personalized strategies and could also explore if there's an underlying emotional issue that needs to be addressed.",questionID_714,How can I train myself to stop eating when I'm full?,"I have no self control over food. Most people stop when they've had enough, but I keep eating for the pleasure of it. Especially with sweets - I'm never done eating dessert.",eating-disorders,gpt4,0.27959084999999995,0.6337951938126861
tfidf_correct_sbert_wrong,583,1,0.506960680385171,1,0.5371336012622273,0,0.770763,1,80,4,"In a situiaon like this, it would probably be a good idea to talk to the therapist about the possilbe positvies and negatives of the treatmetn center.",464,614,1,1,5,"Typically, a therapist cannot force a client to receive any treatment they do not want.  In the end, it is the clients who get to decide what type of treatment they want.If a therapist believes that their client is in imminent danger of harm however, the therapist might have an obligation to take actions to protect their client.  In such a case, the therapist would need to discuss the options with the client, and come up with a plan to best protect the client.In a situiaon like this, it would probably be a good idea to talk to the therapist about the possilbe positvies and negatives of the treatmetn center.  A good therpist will be happy to have that conversation with you and allow you to make the final decisions about your own treatment.",questionID_708,Can a therapist have a client admitted to an eating disorder treatment center if the client does not want to go?,,eating-disorders,human,0.270763,0.6049524272157994
tfidf_correct_sbert_wrong,958,1,0.506930493461751,1,0.5360853570024556,0,0.76104987,1,130,2,"Some were better at the Drill Sergeant style of coaching,  or a liberal style, integrative, humanistic, progressive, or conservative.",184,317,2,2,5,"Each client brings their own style they like to a coaching or counseling relationship.  When I counseled and coached military I learned to relate to what style of coaching they seek.  Some were better at the Drill Sergeant style of coaching,  or a liberal style, integrative, humanistic, progressive, or conservative.  Some can be obsessed and try and cross the line.  When you are in the public eye it can be a bit much and you have to know what client is a good fit for your practice.  Some don't see you as human but we are.  We seek to do the best we can with our knowledge cause it is a calling and I am sure others will say on here that we have to have our go to place of healing also so we can be good for our clients.",questionID_939,Are some clients more difficult than others?,What are some difficulties that a counselor can encounter when dealing with a client?,counseling-fundamentals,human,0.26104987,0.6013552401547355
tfidf_correct_sbert_wrong,1431,0,0.496020241836234,0,0.5641693306659695,1,0.24491826,0,196,1,It sounds like you're experiencing a lot of stress and miscommunication in your relationship.,57,150,0,0,5,"I'm really sorry to hear that you're going through this. It sounds like you're experiencing a lot of stress and miscommunication in your relationship. It's important to remember that it's perfectly normal to feel hurt and confused in such situations. Trust and clear communication are key factors in a healthy relationship. It might be beneficial to sit down with your wife and have an open and honest conversation about how you're feeling. You could try expressing your feelings using ""I"" statements to avoid sounding accusatory, such as ""I feel hurt when you accuse me of cheating"". It might also be helpful to consider seeking couples therapy, where a professional can guide and mediate the conversation to help both of you understand each other's perspectives better.",questionID_391,Why do I feel like I'm always wrong in everything in my relationship?,"My wife is always accusing me of cheating and telling me that I'm doing things she finds disrespectful even when I don't mean it like that. For example, she gets offended when I call someone at work ""sweetheart."" I wish I had a penny for every time she accused me of cheating on her. She doesn't, and never will say she was wrong. How do I get her to understand?",workplace-relationships,gpt4,0.25508174,0.43503594416740116
tfidf_correct_sbert_wrong,2360,1,0.5011900876883094,1,0.4592917193663723,0,0.75253266,1,312,6,I assure you that there are plenty.,546,581,3,3,5,"It's hard to let go of the dreams you had regarding your wedding and engagement. This was something that you and most women think about for years, so it's understandable to be disappointed. But please be aware that it is rare that any wedding is perfect. You may envy your friends' weddings but more than likely they had a few mishaps of their own and/or it wasn't as perfect as they had planned it either. However, like you know, the marriage is the most important thing. How many women are envious that you are in a happy, stable relationship? I assure you that there are plenty. Try to live in the present considering that dwelling on the past can still not change how you were proposed to or how your wedding day transpired. Focus on what you can control NOW. Perhaps, you can plan an extravagant renewal of your vows or change the look of your ring?I would also be upfront with your husband and explain why you've been short lately. But after that, close that chapter and move on. It sounds like you have a wonderful companion and you certainly don't want to lose this due to a situation that is impossible to change.",questionID_707,How can I let go of my dream wedding?,"I have been with my husband for almost 7 years. We got engaged a little after 5 years of being together. I had always been clear that I wanted to get married and I sadly would drop hints about how i wanted him to propose. When he did propose it was during a random vacation that I had planned. I was happy but I couldn't help feeling disappointed too. I had told him numerous times before that I wanted him to do it in front of my friends and family. I know it sounds dumb to be upset but I couldn't help how I was feeling. We are now married but the wedding and ring were also far from what I wanted and it wasn't due to lack of funds. I know this is all material and the marriage is the most important thing but I cant help but get jealous and envious every time I see someone get a proposal or wedding that I had wanted. I cant help my anger because I know we only get one proposal and one wedding. What I wanted will never happen. I have been working on my feelings for the past year and half to get over it. I try to focus on our marriage but every time I see someone have the best proposals and weddings I get upset. I know it is selfish and I know its petty but I just can't control it. It's ruining our relationship because I constantly think about it. Plus, I get mad at him for small things because I am trying to hide the fact that I am so disappointed. Why can't I move on?",marriage,human,0.25253265999999996,0.5710048223515606
tfidf_correct_sbert_wrong,580,1,0.5058383778079989,1,0.4547750053013177,0,0.74703145,1,80,1,"In the end, it is the clients who get to decide what type of treatment they want.",89,170,1,1,5,"Typically, a therapist cannot force a client to receive any treatment they do not want.  In the end, it is the clients who get to decide what type of treatment they want.If a therapist believes that their client is in imminent danger of harm however, the therapist might have an obligation to take actions to protect their client.  In such a case, the therapist would need to discuss the options with the client, and come up with a plan to best protect the client.In a situiaon like this, it would probably be a good idea to talk to the therapist about the possilbe positvies and negatives of the treatmetn center.  A good therpist will be happy to have that conversation with you and allow you to make the final decisions about your own treatment.",questionID_708,Can a therapist have a client admitted to an eating disorder treatment center if the client does not want to go?,,eating-disorders,human,0.24703145000000004,0.5692149443697723
tfidf_correct_sbert_wrong,960,1,0.5060544200381625,1,0.4646811536842396,0,0.7444223,1,130,4,When you are in the public eye it can be a bit much and you have to know what client is a good fit for your practice.,369,486,2,2,5,"Each client brings their own style they like to a coaching or counseling relationship.  When I counseled and coached military I learned to relate to what style of coaching they seek.  Some were better at the Drill Sergeant style of coaching,  or a liberal style, integrative, humanistic, progressive, or conservative.  Some can be obsessed and try and cross the line.  When you are in the public eye it can be a bit much and you have to know what client is a good fit for your practice.  Some don't see you as human but we are.  We seek to do the best we can with our knowledge cause it is a calling and I am sure others will say on here that we have to have our go to place of healing also so we can be good for our clients.",questionID_939,Are some clients more difficult than others?,What are some difficulties that a counselor can encounter when dealing with a client?,counseling-fundamentals,human,0.24442229999999998,0.5717192912408007
tfidf_correct_sbert_wrong,1478,1,0.5012513428033041,1,0.4843902790021714,0,0.7414414,1,203,1,What feelings are coming up and thoughts in your mind first to start.,97,166,1,1,5,Oh that is too bad not sure is it because of the one you are in therapy with or the counselor ?  What feelings are coming up and thoughts in your mind first to start.  Try and put them down and look at what is on paper.  If you need to maybe do a group first then individual then couple.,questionID_146,Is it normal to go into therapy feeling nervous?,I've gone to a couple therapy sessions so far and still everytime I walk in I get nervous and shaky. Is this normal? Should I still be feeling like this?,anxiety,human,0.24144140000000003,0.5756943406018252
tfidf_correct_sbert_wrong,2560,1,0.5022068195046194,1,0.4300128065064614,0,0.73929083,1,333,8,"To overcome the unsettling thoughts, try to focus on the present moment and the future you want to build together.",812,926,1,1,5,"I'm so sorry to hear about the pain and betrayal you're experiencing. Given your history and desire to move forward, it's essential to approach this situation with care and honesty. First, acknowledge that forgiveness is a process, and it may take time for both of you to heal. Consider couples therapy to work through your feelings and rebuild trust. It's crucial to have open and honest conversations about what happened, why it happened, and how you both can work together to prevent it in the future.

Reflect on your past infidelity and how your fiancé forgave you. Recognize that her cheating may be a symptom of deeper issues in your relationship, and it's essential to address these underlying problems. Make sure you're both on the same page regarding your commitment to the relationship and your son.

To overcome the unsettling thoughts, try to focus on the present moment and the future you want to build together. Practice self-care, engage in activities that bring you joy, and prioritize quality time with your fiancé and son. Rebuilding trust will require effort, patience, and understanding from both parties.

Remember that healing is not about forgetting or condoning the infidelity but about working together to create a stronger, more resilient relationship. It's okay to seek help, and don't be afraid to reach out to a therapist or counselor who can provide guidance and support throughout this challenging time.",questionID_732,My fiancé cheated. How can we mend our relationship?,"I'm in a relationship with my fiancé and I currently found out that she's been cheating on me with a co-worker. I was very upset none the less. I understand what she did was wrong, but I want to spend the rest of my life with her. So I'm willing to forgive and move on. We have been together for a little over 9 years, and we have a son. At the beginning of our relationship, I was unfaithful and she caught me cheating. She forgave me for what I've done to her and since then I been completely faithful. I'm worried about our relationship and want to move forward but its been very unsettling. All I can think about is her with another man. I don't know what to do or where to go for advice?",relationships,llama3,0.23929082999999995,0.5571701520036937
tfidf_correct_sbert_wrong,2102,0,0.4983004822762976,0,0.6547476766813278,1,0.7386644,1,280,7,"Instead, view it as a way to strengthen and care for your body.",720,783,0,0,5,"I'm really sorry to hear that you're struggling with this, but please know that you're not alone and it's commendable that you're seeking help. Binge eating can often be a coping mechanism for stress and other emotions, so it's important to find healthy alternatives. Cognitive behavioral therapy (CBT) can be very effective in addressing binge eating by helping you to understand your triggers and develop healthier responses. Mindful eating, where you focus on the taste, texture, and feelings of fullness, can also be beneficial. Regular, balanced meals can prevent extreme hunger that often leads to binging. Physical activity is important for overall health, but try not to use exercise as a punishment for eating. Instead, view it as a way to strengthen and care for your body. Reach out to a mental health professional who can provide you with more personalized strategies and consider joining a support group where you can connect with others facing the same challenges. Remember, it's okay to seek help and recovery is absolutely possible.",questionID_712,How do I handle my binge eating?,"I have a problem with binge eating, especially during times of stress. I binge eat and feel so overwhelmed with shame and disappointment that I end up going to the gym and trying to exercise the calories off. I am in my late 20s, and I have been dealing with this since I was a teenager. Are there any coping mechanisms I can use to break this cycle?",eating-disorders,gpt4,0.2386644,0.6305708529858751
tfidf_correct_sbert_wrong,1833,1,0.5027768014164429,1,0.4129992286451531,0,0.73395103,1,247,0,"Oh, crying in therapy is very normal!",0,37,2,2,5,"Oh, crying in therapy is very normal! I have a stack of kleenex boxes in my office. Cry away, therapist are very used to it:) First time being in therapy is scary, but you'll soon know if you are a good match.",questionID_144,Is it normal to cry during therapy?,"I start counseling/therapy in a few days (I'm freaking out) but my main fear is that I'll cry and embarrass myself, is it something to worry about?",anxiety,human,0.23395102999999995,0.549909020020532
tfidf_correct_sbert_wrong,584,1,0.5059113681523485,1,0.4473000985343575,0,0.7262679,1,80,5,A good therpist will be happy to have that conversation with you and allow you to make the final decisions about your own treatment.,616,748,1,1,5,"Typically, a therapist cannot force a client to receive any treatment they do not want.  In the end, it is the clients who get to decide what type of treatment they want.If a therapist believes that their client is in imminent danger of harm however, the therapist might have an obligation to take actions to protect their client.  In such a case, the therapist would need to discuss the options with the client, and come up with a plan to best protect the client.In a situiaon like this, it would probably be a good idea to talk to the therapist about the possilbe positvies and negatives of the treatmetn center.  A good therpist will be happy to have that conversation with you and allow you to make the final decisions about your own treatment.",questionID_708,Can a therapist have a client admitted to an eating disorder treatment center if the client does not want to go?,,eating-disorders,human,0.22626789999999997,0.5598264555622353
tfidf_correct_sbert_wrong,1915,1,0.5030817396103197,1,0.5241988186262309,0,0.7253444,1,259,3,"However, the intensity of your feelings and the behaviors you're considering, such as throwing up to lose weight, are not normal or healthy.",302,442,2,2,5,"I'm so glad you reached out for support. What you're describing are common struggles that many teenage girls face, but that doesn't mean they're normal or healthy. It's understandable to feel insecure or compare yourself to others, especially during adolescence when you're figuring out your identity. However, the intensity of your feelings and the behaviors you're considering, such as throwing up to lose weight, are not normal or healthy.

It's essential to recognize that everyone has their unique strengths, weaknesses, and struggles, regardless of their appearance or intellect. The idea that everyone around you is smarter, skinnier, or more capable is likely an exaggerated perception. People often present a curated version of themselves, hiding their flaws and insecurities.

Your feelings of self-doubt, low self-esteem, and inadequacy are not uncommon, but they can be overwhelming and damaging if left unaddressed. It's crucial to talk to someone you trust, such as a parent, teacher, school counselor, or mental health professional, about how you're feeling. They can help you develop coping strategies, work through your emotions, and provide support and guidance.

Remember, you are not alone, and your feelings are valid. It takes courage to acknowledge and share your struggles, and I'm proud of you for taking this first step. Please consider reaching out to a trusted adult or a helpline, such as the National Eating Disorders Association (NEDA) Helpline (1-800-931-2237) or the Crisis Text Line (text ""HOME"" to 741741), for immediate support. You deserve to feel seen, heard, and supported.",questionID_346,"I feel like I'm this dumb fat girl that no one likes, and everything is my fault. Are these normal teenage girl feelings?","Everyone around me is much smarter and flaunts it. Everyone around me is skinny, and here I am trying to throw up so I'm not fat. Everything I do is wrong, and I can't seem to do anything right! No one else at school seems to feel the way I do! Is this normal teenage girls feelings? I don't think these feelings are normal.",self-esteem,llama3,0.2253444,0.5842083194121835
tfidf_correct_sbert_wrong,502,1,0.5011912511815004,1,0.3451018476573096,0,0.7252212,1,68,0,"Hello, There are many ways to approach a counselor and starting the process, however they all start with picking up the phone.",0,126,2,2,5,"Hello, There are many ways to approach a counselor and starting the process, however they all start with picking up the phone.  It's most definitely an uncomfortable feeling, but once that first step is taken it is often met with a wave of relief. My recommendation is always to call and speak with a therapist over the phone before scheduling an appointment. Listening to how they converse, use their tone and inflection, may give you a brief insight to how they will respond to you and increase your comfort right away. You may also discover, rather quickly, that this therapist is not the right match for you.Regardless of how you go about it, I like to remind all people who call, email, text or walk-in, therapists are a bit like pizzas - if you don't like the toppings, send it back! There are hundreds of therapists offering all kinds of styles of therapy - take the time to pick one that suits you.",questionID_936,How does someone approach a counselor?,How does a person start the counseling process?,counseling-fundamentals,human,0.2252212,0.5238380996129367
tfidf_correct_sbert_wrong,2151,0,0.4979052161652776,0,0.6118663933866123,1,0.27804658,0,287,0,"Generally, the ethical codes only prohibit relationships with clients.",0,70,0,0,5,"Generally, the ethical codes only prohibit relationships with clients. There are however a few types of counselor-to-counselor relationships that are prohibited by the ethics codes. Such prohibited relationships include those between supervisors and supervisees; between professors and students; or any time the relationship might negatively impact your (or their) clients. Lastly, some workplaces have rules against dating coworkers. It would be a good idea to check if there is such a rule that applies to you.",questionID_401,Is it unethical to have a relationship with a fellow counselor?,Does this go against any ethical codes? Are there legal ramifications?,workplace-relationships,human,0.22195342,0.4626060631839633
tfidf_correct_sbert_wrong,503,1,0.5027822545373895,1,0.3226553205411054,0,0.72165185,1,68,1,"It's most definitely an uncomfortable feeling, but once that first step is taken it is often met with a wave of relief.",128,247,3,3,5,"Hello, There are many ways to approach a counselor and starting the process, however they all start with picking up the phone.  It's most definitely an uncomfortable feeling, but once that first step is taken it is often met with a wave of relief. My recommendation is always to call and speak with a therapist over the phone before scheduling an appointment. Listening to how they converse, use their tone and inflection, may give you a brief insight to how they will respond to you and increase your comfort right away. You may also discover, rather quickly, that this therapist is not the right match for you.Regardless of how you go about it, I like to remind all people who call, email, text or walk-in, therapists are a bit like pizzas - if you don't like the toppings, send it back! There are hundreds of therapists offering all kinds of styles of therapy - take the time to pick one that suits you.",questionID_936,How does someone approach a counselor?,How does a person start the counseling process?,counseling-fundamentals,human,0.22165184999999998,0.5156964750261649
tfidf_correct_sbert_wrong,504,1,0.5018406295271214,1,0.2903297751062459,0,0.47852248,0,68,2,My recommendation is always to call and speak with a therapist over the phone before scheduling an appointment.,248,359,2,2,5,"Hello, There are many ways to approach a counselor and starting the process, however they all start with picking up the phone.  It's most definitely an uncomfortable feeling, but once that first step is taken it is often met with a wave of relief. My recommendation is always to call and speak with a therapist over the phone before scheduling an appointment. Listening to how they converse, use their tone and inflection, may give you a brief insight to how they will respond to you and increase your comfort right away. You may also discover, rather quickly, that this therapist is not the right match for you.Regardless of how you go about it, I like to remind all people who call, email, text or walk-in, therapists are a bit like pizzas - if you don't like the toppings, send it back! There are hundreds of therapists offering all kinds of styles of therapy - take the time to pick one that suits you.",questionID_936,How does someone approach a counselor?,How does a person start the counseling process?,counseling-fundamentals,human,0.2096702248937541,0.4235642948777891
tfidf_correct_sbert_wrong,1452,1,0.5075518381143402,1,0.5436497160880801,0,0.7054999,1,199,2,I would recommend to take the time to self reflect on what exactly it is that you are doing that is contributing to the mixup.,157,283,2,2,5,Here is the truth: You will never get her to understand! because that would mean changing her and we can't change other people we can only change ourselves. I would recommend to take the time to self reflect on what exactly it is that you are doing that is contributing to the mixup. You both have very valid feelings and those won't magically go away until you address the root problem (which could be many factors). I am curious to know more about past relationships the both of you have had and how that plays a role in your current relationship. Many times we don't realize how past relationships truly impact our current behaviors.,questionID_391,Why do I feel like I'm always wrong in everything in my relationship?,"My wife is always accusing me of cheating and telling me that I'm doing things she finds disrespectful even when I don't mean it like that. For example, she gets offended when I call someone at work ""sweetheart."" I wish I had a penny for every time she accused me of cheating on her. She doesn't, and never will say she was wrong. How do I get her to understand?",workplace-relationships,human,0.20549989999999996,0.5855671514008067
tfidf_correct_sbert_wrong,2100,0,0.4929302737721636,0,0.5915602759182882,1,0.29670534,0,280,5,"Regular, balanced meals can prevent extreme hunger that often leads to binging.",533,612,0,0,5,"I'm really sorry to hear that you're struggling with this, but please know that you're not alone and it's commendable that you're seeking help. Binge eating can often be a coping mechanism for stress and other emotions, so it's important to find healthy alternatives. Cognitive behavioral therapy (CBT) can be very effective in addressing binge eating by helping you to understand your triggers and develop healthier responses. Mindful eating, where you focus on the taste, texture, and feelings of fullness, can also be beneficial. Regular, balanced meals can prevent extreme hunger that often leads to binging. Physical activity is important for overall health, but try not to use exercise as a punishment for eating. Instead, view it as a way to strengthen and care for your body. Reach out to a mental health professional who can provide you with more personalized strategies and consider joining a support group where you can connect with others facing the same challenges. Remember, it's okay to seek help and recovery is absolutely possible.",questionID_712,How do I handle my binge eating?,"I have a problem with binge eating, especially during times of stress. I binge eat and feel so overwhelmed with shame and disappointment that I end up going to the gym and trying to exercise the calories off. I am in my late 20s, and I have been dealing with this since I was a teenager. Are there any coping mechanisms I can use to break this cycle?",eating-disorders,gpt4,0.20329466000000002,0.46039862989681724
tfidf_correct_sbert_wrong,937,0,0.4944313445706085,0,0.5545160547676671,1,0.30496117,0,127,2,A client may be resistant to change or unwilling to participate actively in their recovery process.,165,264,0,0,5,"Yes, as a therapist, it is common to find that some clients may be more difficult to work with than others. Several challenges can arise in the therapeutic process. A client may be resistant to change or unwilling to participate actively in their recovery process. They might be skeptical about therapy and lack trust in the process or the therapist. Some clients may have difficulties in expressing their feelings or thoughts, making it hard to understand their issues. Clients with complex mental health conditions or severe symptoms can also be challenging to manage. There could be cultural or language barriers that make communication difficult. Additionally, managing boundaries can be an issue if a client becomes overly dependent or if they cross personal boundaries. It's important to remember that these difficulties are part of the therapeutic process and provide opportunities for growth and learning for both the therapist and the client. By applying empathy, patience, respect, and professional skills, these challenges can be effectively navigated.",questionID_939,Are some clients more difficult than others?,What are some difficulties that a counselor can encounter when dealing with a client?,counseling-fundamentals,gpt4,0.19503883,0.4513028564460919
tfidf_correct_sbert_wrong,2550,0,0.4978488388453053,0,0.6935789882748643,1,0.53328735,0,332,7,"While it's certainly possible to rebuild a relationship after infidelity, it's a decision that both partners must fully commit to.",737,867,0,0,5,"I'm really sorry to hear that you're going through this. It's a very difficult situation and it's understandable that you're feeling upset and unsettled. It's important to remember that healing and rebuilding trust takes time and patience. If you both are committed to mending your relationship, consider seeking help from a professional counselor or therapist who specializes in relationship issues. They can guide you through open and honest communication, understanding each other's feelings, and establishing boundaries and trust. You might also consider individual therapy to help navigate your own feelings of betrayal and insecurity. It's crucial to take care of your own mental and emotional health during this challenging time. While it's certainly possible to rebuild a relationship after infidelity, it's a decision that both partners must fully commit to. Remember, it's perfectly okay to have doubts and to take the time you need to decide what's best for you.",questionID_732,My fiancé cheated. How can we mend our relationship?,"I'm in a relationship with my fiancé and I currently found out that she's been cheating on me with a co-worker. I was very upset none the less. I understand what she did was wrong, but I want to spend the rest of my life with her. So I'm willing to forgive and move on. We have been together for a little over 9 years, and we have a son. At the beginning of our relationship, I was unfaithful and she caught me cheating. She forgave me for what I've done to her and since then I been completely faithful. I'm worried about our relationship and want to move forward but its been very unsettling. All I can think about is her with another man. I don't know what to do or where to go for advice?",relationships,gpt4,0.1935789882748643,0.5749050590400566
tfidf_correct_sbert_wrong,2563,1,0.5036583015002533,1,0.4461593659458528,0,0.31527323,0,333,11,"Remember that healing is not about forgetting or condoning the infidelity but about working together to create a stronger, more resilient relationship.",1128,1279,1,1,5,"I'm so sorry to hear about the pain and betrayal you're experiencing. Given your history and desire to move forward, it's essential to approach this situation with care and honesty. First, acknowledge that forgiveness is a process, and it may take time for both of you to heal. Consider couples therapy to work through your feelings and rebuild trust. It's crucial to have open and honest conversations about what happened, why it happened, and how you both can work together to prevent it in the future.

Reflect on your past infidelity and how your fiancé forgave you. Recognize that her cheating may be a symptom of deeper issues in your relationship, and it's essential to address these underlying problems. Make sure you're both on the same page regarding your commitment to the relationship and your son.

To overcome the unsettling thoughts, try to focus on the present moment and the future you want to build together. Practice self-care, engage in activities that bring you joy, and prioritize quality time with your fiancé and son. Rebuilding trust will require effort, patience, and understanding from both parties.

Remember that healing is not about forgetting or condoning the infidelity but about working together to create a stronger, more resilient relationship. It's okay to seek help, and don't be afraid to reach out to a therapist or counselor who can provide guidance and support throughout this challenging time.",questionID_732,My fiancé cheated. How can we mend our relationship?,"I'm in a relationship with my fiancé and I currently found out that she's been cheating on me with a co-worker. I was very upset none the less. I understand what she did was wrong, but I want to spend the rest of my life with her. So I'm willing to forgive and move on. We have been together for a little over 9 years, and we have a son. At the beginning of our relationship, I was unfaithful and she caught me cheating. She forgave me for what I've done to her and since then I been completely faithful. I'm worried about our relationship and want to move forward but its been very unsettling. All I can think about is her with another man. I don't know what to do or where to go for advice?",relationships,llama3,0.18472676999999998,0.4216969658153687
tfidf_correct_sbert_wrong,1435,0,0.4994919666760432,0,0.6832367551594412,1,0.59039044,0,196,5,"You could try expressing your feelings using ""I"" statements to avoid sounding accusatory, such as ""I feel hurt when you accuse me of cheating"".",441,584,0,0,5,"I'm really sorry to hear that you're going through this. It sounds like you're experiencing a lot of stress and miscommunication in your relationship. It's important to remember that it's perfectly normal to feel hurt and confused in such situations. Trust and clear communication are key factors in a healthy relationship. It might be beneficial to sit down with your wife and have an open and honest conversation about how you're feeling. You could try expressing your feelings using ""I"" statements to avoid sounding accusatory, such as ""I feel hurt when you accuse me of cheating"". It might also be helpful to consider seeking couples therapy, where a professional can guide and mediate the conversation to help both of you understand each other's perspectives better.",questionID_391,Why do I feel like I'm always wrong in everything in my relationship?,"My wife is always accusing me of cheating and telling me that I'm doing things she finds disrespectful even when I don't mean it like that. For example, she gets offended when I call someone at work ""sweetheart."" I wish I had a penny for every time she accused me of cheating on her. She doesn't, and never will say she was wrong. How do I get her to understand?",workplace-relationships,gpt4,0.18323675515944116,0.5910397206118281
tfidf_correct_sbert_wrong,507,1,0.503699815777978,1,0.5264451146405003,0,0.6827156,1,68,5,"Regardless of how you go about it, I like to remind all people who call, email, text or walk-in, therapists are a bit like pizzas - if you don't like the toppings, send it back!",612,789,2,2,5,"Hello, There are many ways to approach a counselor and starting the process, however they all start with picking up the phone.  It's most definitely an uncomfortable feeling, but once that first step is taken it is often met with a wave of relief. My recommendation is always to call and speak with a therapist over the phone before scheduling an appointment. Listening to how they converse, use their tone and inflection, may give you a brief insight to how they will respond to you and increase your comfort right away. You may also discover, rather quickly, that this therapist is not the right match for you.Regardless of how you go about it, I like to remind all people who call, email, text or walk-in, therapists are a bit like pizzas - if you don't like the toppings, send it back! There are hundreds of therapists offering all kinds of styles of therapy - take the time to pick one that suits you.",questionID_936,How does someone approach a counselor?,How does a person start the counseling process?,counseling-fundamentals,human,0.18271559999999998,0.5709535101394927
tfidf_correct_sbert_wrong,1836,1,0.5107708023383717,1,0.4338628459797502,0,0.6821489,1,247,3,"First time being in therapy is scary, but you'll soon know if you are a good match.",126,209,1,1,5,"Oh, crying in therapy is very normal! I have a stack of kleenex boxes in my office. Cry away, therapist are very used to it:) First time being in therapy is scary, but you'll soon know if you are a good match.",questionID_144,Is it normal to cry during therapy?,"I start counseling/therapy in a few days (I'm freaking out) but my main fear is that I'll cry and embarrass myself, is it something to worry about?",anxiety,human,0.18214889999999995,0.542260849439374
tfidf_correct_sbert_wrong,957,1,0.501312884738379,1,0.4175768679992385,0,0.6722098,1,130,1,When I counseled and coached military I learned to relate to what style of coaching they seek.,88,182,1,1,5,"Each client brings their own style they like to a coaching or counseling relationship.  When I counseled and coached military I learned to relate to what style of coaching they seek.  Some were better at the Drill Sergeant style of coaching,  or a liberal style, integrative, humanistic, progressive, or conservative.  Some can be obsessed and try and cross the line.  When you are in the public eye it can be a bit much and you have to know what client is a good fit for your practice.  Some don't see you as human but we are.  We seek to do the best we can with our knowledge cause it is a calling and I am sure others will say on here that we have to have our go to place of healing also so we can be good for our clients.",questionID_939,Are some clients more difficult than others?,What are some difficulties that a counselor can encounter when dealing with a client?,counseling-fundamentals,human,0.17220979999999997,0.5303665175792057
tfidf_correct_sbert_wrong,963,1,0.5084749222191448,1,0.5466125339302019,0,0.67132956,1,130,7,and I am sure others will say on here that we have to have our go to place of healing also so we can be good for our clients.,600,725,1,1,5,"Each client brings their own style they like to a coaching or counseling relationship.  When I counseled and coached military I learned to relate to what style of coaching they seek.  Some were better at the Drill Sergeant style of coaching,  or a liberal style, integrative, humanistic, progressive, or conservative.  Some can be obsessed and try and cross the line.  When you are in the public eye it can be a bit much and you have to know what client is a good fit for your practice.  Some don't see you as human but we are.  We seek to do the best we can with our knowledge cause it is a calling and I am sure others will say on here that we have to have our go to place of healing also so we can be good for our clients.",questionID_939,Are some clients more difficult than others?,What are some difficulties that a counselor can encounter when dealing with a client?,counseling-fundamentals,human,0.17132956,0.5754723387164489
tfidf_correct_sbert_wrong,1914,0,0.4948210805409066,0,0.6650469880046039,1,0.52916175,0,259,2,"It's understandable to feel insecure or compare yourself to others, especially during adolescence when you're figuring out your identity.",164,301,0,0,5,"I'm so glad you reached out for support. What you're describing are common struggles that many teenage girls face, but that doesn't mean they're normal or healthy. It's understandable to feel insecure or compare yourself to others, especially during adolescence when you're figuring out your identity. However, the intensity of your feelings and the behaviors you're considering, such as throwing up to lose weight, are not normal or healthy.

It's essential to recognize that everyone has their unique strengths, weaknesses, and struggles, regardless of their appearance or intellect. The idea that everyone around you is smarter, skinnier, or more capable is likely an exaggerated perception. People often present a curated version of themselves, hiding their flaws and insecurities.

Your feelings of self-doubt, low self-esteem, and inadequacy are not uncommon, but they can be overwhelming and damaging if left unaddressed. It's crucial to talk to someone you trust, such as a parent, teacher, school counselor, or mental health professional, about how you're feeling. They can help you develop coping strategies, work through your emotions, and provide support and guidance.

Remember, you are not alone, and your feelings are valid. It takes courage to acknowledge and share your struggles, and I'm proud of you for taking this first step. Please consider reaching out to a trusted adult or a helpline, such as the National Eating Disorders Association (NEDA) Helpline (1-800-931-2237) or the Crisis Text Line (text ""HOME"" to 741741), for immediate support. You deserve to feel seen, heard, and supported.",questionID_346,"I feel like I'm this dumb fat girl that no one likes, and everything is my fault. Are these normal teenage girl feelings?","Everyone around me is much smarter and flaunts it. Everyone around me is skinny, and here I am trying to throw up so I'm not fat. Everything I do is wrong, and I can't seem to do anything right! No one else at school seems to feel the way I do! Is this normal teenage girls feelings? I don't think these feelings are normal.",self-esteem,llama3,0.16504698800460393,0.5630099395151702
tfidf_correct_sbert_wrong,2575,1,0.5021271713326172,1,0.4352913603975368,0,0.6637761,1,335,7,Sometimes the initial consult session offers enough new understanding that a second session wouldn't be necessary for a while.,888,1014,1,1,5,"I'm sorry for the stress and unhappiness stemming the problem you describe.Trust your instinct that there is more complexity to feeling good about being in a partnership than simply wanting this to happen.In any relationship, the complexities of each person combine.   Often people accept when this feels good and are lost as to what to do when natural human complexity, doesn't match up with our partner in the way we'd like.A couples' therapist would be able to help each of you talk about the factors motivating the cheating, as well as clarify the reasons you each have for continuing to stay together. The unique advantage of couple's therapy is that each person is able to hear their partner talk out loud about themselves and their partner.This is sometimes enormously helpful since our inner thoughts are often hidden yet very dominant in how we direct ourselves in relationships.Sometimes the initial consult session offers enough new understanding that a second session wouldn't be necessary for a while.Good luck in finding your relationship happiness!",questionID_732,My fiancé cheated. How can we mend our relationship?,"I'm in a relationship with my fiancé and I currently found out that she's been cheating on me with a co-worker. I was very upset none the less. I understand what she did was wrong, but I want to spend the rest of my life with her. So I'm willing to forgive and move on. We have been together for a little over 9 years, and we have a son. At the beginning of our relationship, I was unfaithful and she caught me cheating. She forgave me for what I've done to her and since then I been completely faithful. I'm worried about our relationship and want to move forward but its been very unsettling. All I can think about is her with another man. I don't know what to do or where to go for advice?",relationships,human,0.16377609999999998,0.5337315439100513
tfidf_correct_sbert_wrong,380,0,0.4942691764163116,0,0.6603054828756502,1,0.5225304,0,51,5,This can help you become more aware of when you're actually full.,280,345,0,0,5,"It sounds like you're struggling with mindful eating, and I want to assure you that you're not alone in this. Here are a few strategies that might help:

1. Practice Mindful Eating: Pay attention to your hunger and fullness cues. Eat slowly and deliberately, savoring every bite. This can help you become more aware of when you're actually full.

2. Eat Regular, Balanced Meals: Skipping meals or eating irregularly can lead to overeating. Try to have regular, balanced meals filled with protein, fiber, and healthy fats to keep you satisfied.

3. Manage Your Environment: Limit the availability of sweets or tempting foods in your home. If they're not readily accessible, you're less likely to overindulge.

4. Seek Support: Sometimes, it helps to talk about these issues. A support group, a dietitian, or a mental health professional can provide additional strategies and coping mechanisms.

5. Practice Self-Compassion: It's okay to have off days. Don't be too hard on yourself if you slip up. Remember, it's about progress, not perfection.

If you find that these strategies aren't enough or if your eating habits are causing you distress, it might be beneficial to seek help from a mental health professional. They can provide you with more personalized strategies and could also explore if there's an underlying emotional issue that needs to be addressed.",questionID_714,How can I train myself to stop eating when I'm full?,"I have no self control over food. Most people stop when they've had enough, but I keep eating for the pleasure of it. Especially with sweets - I'm never done eating dessert.",eating-disorders,gpt4,0.16030548287565016,0.5590350197639872
tfidf_correct_sbert_wrong,1918,0,0.497378457152082,0,0.6569329896808274,1,0.39286822,0,259,6,"People often present a curated version of themselves, hiding their flaws and insecurities.",695,785,0,0,5,"I'm so glad you reached out for support. What you're describing are common struggles that many teenage girls face, but that doesn't mean they're normal or healthy. It's understandable to feel insecure or compare yourself to others, especially during adolescence when you're figuring out your identity. However, the intensity of your feelings and the behaviors you're considering, such as throwing up to lose weight, are not normal or healthy.

It's essential to recognize that everyone has their unique strengths, weaknesses, and struggles, regardless of their appearance or intellect. The idea that everyone around you is smarter, skinnier, or more capable is likely an exaggerated perception. People often present a curated version of themselves, hiding their flaws and insecurities.

Your feelings of self-doubt, low self-esteem, and inadequacy are not uncommon, but they can be overwhelming and damaging if left unaddressed. It's crucial to talk to someone you trust, such as a parent, teacher, school counselor, or mental health professional, about how you're feeling. They can help you develop coping strategies, work through your emotions, and provide support and guidance.

Remember, you are not alone, and your feelings are valid. It takes courage to acknowledge and share your struggles, and I'm proud of you for taking this first step. Please consider reaching out to a trusted adult or a helpline, such as the National Eating Disorders Association (NEDA) Helpline (1-800-931-2237) or the Crisis Text Line (text ""HOME"" to 741741), for immediate support. You deserve to feel seen, heard, and supported.",questionID_346,"I feel like I'm this dumb fat girl that no one likes, and everything is my fault. Are these normal teenage girl feelings?","Everyone around me is much smarter and flaunts it. Everyone around me is skinny, and here I am trying to throw up so I'm not fat. Everything I do is wrong, and I can't seem to do anything right! No one else at school seems to feel the way I do! Is this normal teenage girls feelings? I don't think these feelings are normal.",self-esteem,llama3,0.15693298968082736,0.5157265556109698
tfidf_correct_sbert_wrong,1437,0,0.497674167503825,0,0.6482745550824177,1,0.36611408,0,197,0,"It sounds like you're feeling frustrated, hurt, and possibly even defensive in your relationship.",0,97,0,0,5,"It sounds like you're feeling frustrated, hurt, and possibly even defensive in your relationship. The constant accusations and lack of acknowledgment of her own mistakes can be draining. To address this, consider having an open and honest conversation with your wife about how her behavior is affecting you. Use ""I"" statements to express your feelings, such as ""I feel disrespected when you accuse me of cheating without any evidence"" or ""I feel like I'm walking on eggshells around you, never knowing what will trigger an argument."" 

It's also essential to understand that her behavior might be a sign of her own insecurities or past experiences. Approach the conversation with empathy, but also set clear boundaries and expectations for how you want to be treated in the relationship. Regarding the ""sweetheart"" example, you could explain that it's a harmless term you use in a professional setting, and reassure her that it doesn't imply any romantic or intimate intentions.

However, it's crucial to recognize that you can't force someone to understand or admit their mistakes. If your wife is unwilling to listen, reflect on her actions, or work on rebuilding trust, it may be a sign of deeper issues in the relationship. In such cases, couples therapy can be beneficial in addressing these concerns and improving communication. Remember that your emotional well-being is important, and it's okay to prioritize your own needs and seek support if the relationship becomes toxic or unsustainable.",questionID_391,Why do I feel like I'm always wrong in everything in my relationship?,"My wife is always accusing me of cheating and telling me that I'm doing things she finds disrespectful even when I don't mean it like that. For example, she gets offended when I call someone at work ""sweetheart."" I wish I had a penny for every time she accused me of cheating on her. She doesn't, and never will say she was wrong. How do I get her to understand?",workplace-relationships,llama3,0.1482745550824177,0.5040209341954142
tfidf_correct_sbert_wrong,1443,0,0.4985948550151446,0,0.5822150213889685,1,0.6332024,0,197,6,"Regarding the ""sweetheart"" example, you could explain that it's a harmless term you use in a professional setting, and reassure her that it doesn't imply any romantic or intimate intentions.",788,978,0,0,5,"It sounds like you're feeling frustrated, hurt, and possibly even defensive in your relationship. The constant accusations and lack of acknowledgment of her own mistakes can be draining. To address this, consider having an open and honest conversation with your wife about how her behavior is affecting you. Use ""I"" statements to express your feelings, such as ""I feel disrespected when you accuse me of cheating without any evidence"" or ""I feel like I'm walking on eggshells around you, never knowing what will trigger an argument."" 

It's also essential to understand that her behavior might be a sign of her own insecurities or past experiences. Approach the conversation with empathy, but also set clear boundaries and expectations for how you want to be treated in the relationship. Regarding the ""sweetheart"" example, you could explain that it's a harmless term you use in a professional setting, and reassure her that it doesn't imply any romantic or intimate intentions.

However, it's crucial to recognize that you can't force someone to understand or admit their mistakes. If your wife is unwilling to listen, reflect on her actions, or work on rebuilding trust, it may be a sign of deeper issues in the relationship. In such cases, couples therapy can be beneficial in addressing these concerns and improving communication. Remember that your emotional well-being is important, and it's okay to prioritize your own needs and seek support if the relationship becomes toxic or unsustainable.",questionID_391,Why do I feel like I'm always wrong in everything in my relationship?,"My wife is always accusing me of cheating and telling me that I'm doing things she finds disrespectful even when I don't mean it like that. For example, she gets offended when I call someone at work ""sweetheart."" I wish I had a penny for every time she accused me of cheating on her. She doesn't, and never will say she was wrong. How do I get her to understand?",workplace-relationships,llama3,0.13320240000000005,0.5713374254680378
tfidf_correct_sbert_wrong,1448,0,0.4961230127500657,0,0.5588684089031976,1,0.59507686,0,198,0,It sounds incredibly frustrating to feel constantly accused and misunderstood in your relationship; consider seeking couples counseling to help you both communicate more effectively and address the underlying trust issues that seem to be present.,0,246,0,0,5,"It sounds incredibly frustrating to feel constantly accused and misunderstood in your relationship; consider seeking couples counseling to help you both communicate more effectively and address the underlying trust issues that seem to be present. If your wife is unwilling to participate, individual therapy could provide you with tools and support to navigate this difficult situation.",questionID_391,Why do I feel like I'm always wrong in everything in my relationship?,"My wife is always accusing me of cheating and telling me that I'm doing things she finds disrespectful even when I don't mean it like that. For example, she gets offended when I call someone at work ""sweetheart."" I wish I had a penny for every time she accused me of cheating on her. She doesn't, and never will say she was wrong. How do I get her to understand?",workplace-relationships,gemini,0.09507686000000004,0.5500227605510878
tfidf_correct_sbert_wrong,400,0,0.4987503795863635,0,0.5548679723374347,1,0.40823823,0,52,5,"Another strategy is to identify your emotional triggers for overeating, such as stress, boredom, or emotional events.",571,688,0,0,5,"Developing self-control around food, especially sweets, can be challenging, but it's achievable with practice, patience, and the right strategies. To start, try to tune into your body's hunger and fullness cues by eating slowly and mindfully. Savor each bite, pay attention to the flavors, textures, and aromas, and stop eating when you feel satisfied, rather than stuffed. It can also be helpful to use a hunger-fullness scale, where 1 is extremely hungry and 10 is extremely full. Aim to stop eating when you reach a 7 or 8, when you feel content but not overly full.

Another strategy is to identify your emotional triggers for overeating, such as stress, boredom, or emotional events. Once you're aware of your triggers, you can develop alternative coping mechanisms, like going for a walk, practicing deep breathing, or engaging in a hobby. It's also essential to set realistic expectations and allow yourself to enjoy your favorite sweets in moderation, rather than depriving yourself and then overindulging.

Additionally, consider implementing some practical tips, such as using smaller plates, eating regular meals to avoid extreme hunger, and removing distractions while eating, like turning off the TV or putting away your phone. Remember that it takes time and effort to develop new habits, so be gentle with yourself and don't expect to change overnight. With consistent practice and self-compassion, you can develop a healthier relationship with food and learn to stop eating when you're full, rather than relying on willpower or self-control.",questionID_714,How can I train myself to stop eating when I'm full?,"I have no self control over food. Most people stop when they've had enough, but I keep eating for the pleasure of it. Especially with sweets - I'm never done eating dessert.",eating-disorders,llama3,0.09176177000000002,0.4872855273079328
tfidf_correct_sbert_wrong,1468,0,0.4977488253180115,0,0.5541791456304257,1,0.58709985,0,201,5,"It might help to remember that your therapist is there to support and guide you, not to judge you.",589,687,0,0,5,"It's completely normal to feel nervous or anxious when attending therapy sessions, especially in the initial stages. This is a common phenomenon, and many people experience it. The nervousness can stem from various factors, such as fear of vulnerability, uncertainty about the therapy process, or concerns about being judged. Even after a few sessions, it's not unusual to still feel some level of apprehension. 

This nervousness can actually be a sign that you're taking a significant step towards addressing your mental health, which can be a daunting but ultimately rewarding process. It might help to remember that your therapist is there to support and guide you, not to judge you. They are trained to create a safe and non-judgmental space for you to express yourself.

If you feel comfortable, you could discuss your nervousness with your therapist. They can offer reassurance, help you understand the source of your anxiety, and work with you to develop coping strategies to manage your nerves. Remember, therapy is a process, and it's okay to take things at your own pace. With time and as you become more comfortable with the process and your therapist, your nervousness may decrease, allowing you to fully engage with and benefit from your therapy sessions.",questionID_146,Is it normal to go into therapy feeling nervous?,I've gone to a couple therapy sessions so far and still everytime I walk in I get nervous and shaky. Is this normal? Should I still be feeling like this?,anxiety,llama3,0.08709984999999998,0.5463426069828125
tfidf_correct_sbert_wrong,57,0,0.4946683432030037,0,0.5531273266104799,1,0.41870502,0,8,0,I'm really sorry to hear about your boyfriend.,0,46,0,0,5,"I'm really sorry to hear about your boyfriend. It sounds like you're going through a particularly stressful and uncertain time. It's important for you to understand that you can't control everything, especially health situations of others. What you can do right now is to take care of yourself, try to stay connected with your boyfriend through messages or phone calls if possible, and seek support from your friends and family. It might also help to engage in activities that can help you cope with stress, like reading, listening to music, doing some physical exercise, or meditation. Remember, it's okay to feel scared and worried, but try not to let your worry consume you. You're stronger than you think.",questionID_886,My boyfriend is in the hospital. They won’t tell me what’s wrong and if or when he’s coming back,,legal-regulatory,gpt4,0.08129498000000002,0.4888335632711612
tfidf_correct_sbert_wrong,1115,0,0.4984064457691899,0,0.5765398122861689,1,0.42866448,0,152,0,"It's concerning to hear that your boyfriend often ends arguments by saying he doesn't love you, as this can be emotionally distressing and damaging to your relationship.",0,169,0,0,5,"It's concerning to hear that your boyfriend often ends arguments by saying he doesn't love you, as this can be emotionally distressing and damaging to your relationship. This pattern suggests that he may be using a form of emotional manipulation to control or punish you during conflicts. To address this issue, consider having an open and honest conversation with your boyfriend about how his words affect you. It's essential to express your feelings and concerns in a non-accusatory manner, focusing on the specific behavior that's causing harm.

Given your commitment to resolving problems and your desire to maintain a healthy family environment for your kids, it might be helpful to establish some ground rules for conflict resolution. This could include active listening, avoiding hurtful language, and making a genuine effort to understand each other's perspectives. Since you're willing to apologize and move forward, it's crucial that your boyfriend also learns to let go of grudges and work towards resolving issues rather than dwelling on them.

Couples therapy could be a valuable resource for you both, providing a safe and guided environment to explore your communication dynamics and work on developing healthier conflict resolution strategies. A professional therapist can help you identify patterns and behaviors that contribute to your communication challenges and offer tools and techniques to improve your interaction. By addressing these issues and learning to communicate more effectively, you can work towards strengthening your relationship and creating a more stable and loving environment for your family.",questionID_754,Why do my boyfriend and I have such trouble communicating?,"We’ve been together almost three years. We argue and he ends it by telling me he doesn’t love me. It's hurtful because I am all about resolving the problem, and he dwells on the issue even if I drop what he's done and just swallow my pride and say I am sorry. How can this be resolved? We have kids, and I don't want a broken family because we can't communicate.",relationships,llama3,0.0765398122861689,0.5012035793517863
tfidf_correct_sbert_wrong,2352,1,0.5004748705529907,1,0.5381444376352378,0,0.4256264,0,311,0,"While it's understandable to feel disappointed when a long-held dream doesn't match reality, focusing on acceptance and open communication with your husband about your lingering feelings, rather than suppressing them, is key to moving forward and enjoying your marriage.",0,270,1,1,5,"While it's understandable to feel disappointed when a long-held dream doesn't match reality, focusing on acceptance and open communication with your husband about your lingering feelings, rather than suppressing them, is key to moving forward and enjoying your marriage. Consider exploring these feelings further with a therapist to develop coping strategies and strengthen your communication skills.",questionID_707,How can I let go of my dream wedding?,"I have been with my husband for almost 7 years. We got engaged a little after 5 years of being together. I had always been clear that I wanted to get married and I sadly would drop hints about how i wanted him to propose. When he did propose it was during a random vacation that I had planned. I was happy but I couldn't help feeling disappointed too. I had told him numerous times before that I wanted him to do it in front of my friends and family. I know it sounds dumb to be upset but I couldn't help how I was feeling. We are now married but the wedding and ring were also far from what I wanted and it wasn't due to lack of funds. I know this is all material and the marriage is the most important thing but I cant help but get jealous and envious every time I see someone get a proposal or wedding that I had wanted. I cant help my anger because I know we only get one proposal and one wedding. What I wanted will never happen. I have been working on my feelings for the past year and half to get over it. I try to focus on our marriage but every time I see someone have the best proposals and weddings I get upset. I know it is selfish and I know its petty but I just can't control it. It's ruining our relationship because I constantly think about it. Plus, I get mad at him for small things because I am trying to hide the fact that I am so disappointed. Why can't I move on?",marriage,gemini,0.07437359999999998,0.4880819027294095
tfidf_correct_sbert_wrong,2365,0,0.4974903008120436,0,0.5707549789714924,1,0.5407384,0,312,11,It sounds like you have a wonderful companion and you certainly don't want to lose this due to a situation that is impossible to change.,986,1122,0,0,5,"It's hard to let go of the dreams you had regarding your wedding and engagement. This was something that you and most women think about for years, so it's understandable to be disappointed. But please be aware that it is rare that any wedding is perfect. You may envy your friends' weddings but more than likely they had a few mishaps of their own and/or it wasn't as perfect as they had planned it either. However, like you know, the marriage is the most important thing. How many women are envious that you are in a happy, stable relationship? I assure you that there are plenty. Try to live in the present considering that dwelling on the past can still not change how you were proposed to or how your wedding day transpired. Focus on what you can control NOW. Perhaps, you can plan an extravagant renewal of your vows or change the look of your ring?I would also be upfront with your husband and explain why you've been short lately. But after that, close that chapter and move on. It sounds like you have a wonderful companion and you certainly don't want to lose this due to a situation that is impossible to change.",questionID_707,How can I let go of my dream wedding?,"I have been with my husband for almost 7 years. We got engaged a little after 5 years of being together. I had always been clear that I wanted to get married and I sadly would drop hints about how i wanted him to propose. When he did propose it was during a random vacation that I had planned. I was happy but I couldn't help feeling disappointed too. I had told him numerous times before that I wanted him to do it in front of my friends and family. I know it sounds dumb to be upset but I couldn't help how I was feeling. We are now married but the wedding and ring were also far from what I wanted and it wasn't due to lack of funds. I know this is all material and the marriage is the most important thing but I cant help but get jealous and envious every time I see someone get a proposal or wedding that I had wanted. I cant help my anger because I know we only get one proposal and one wedding. What I wanted will never happen. I have been working on my feelings for the past year and half to get over it. I try to focus on our marriage but every time I see someone have the best proposals and weddings I get upset. I know it is selfish and I know its petty but I just can't control it. It's ruining our relationship because I constantly think about it. Plus, I get mad at him for small things because I am trying to hide the fact that I am so disappointed. Why can't I move on?",marriage,human,0.07075497897149241,0.5363278932611787
tfidf_correct_sbert_wrong,1464,0,0.4983168751452992,0,0.5673612834966612,1,0.54066503,0,201,1,"This is a common phenomenon, and many people experience it.",117,176,0,0,5,"It's completely normal to feel nervous or anxious when attending therapy sessions, especially in the initial stages. This is a common phenomenon, and many people experience it. The nervousness can stem from various factors, such as fear of vulnerability, uncertainty about the therapy process, or concerns about being judged. Even after a few sessions, it's not unusual to still feel some level of apprehension. 

This nervousness can actually be a sign that you're taking a significant step towards addressing your mental health, which can be a daunting but ultimately rewarding process. It might help to remember that your therapist is there to support and guide you, not to judge you. They are trained to create a safe and non-judgmental space for you to express yourself.

If you feel comfortable, you could discuss your nervousness with your therapist. They can offer reassurance, help you understand the source of your anxiety, and work with you to develop coping strategies to manage your nerves. Remember, therapy is a process, and it's okay to take things at your own pace. With time and as you become more comfortable with the process and your therapist, your nervousness may decrease, allowing you to fully engage with and benefit from your therapy sessions.",questionID_146,Is it normal to go into therapy feeling nervous?,I've gone to a couple therapy sessions so far and still everytime I walk in I get nervous and shaky. Is this normal? Should I still be feeling like this?,anxiety,llama3,0.06736128349666115,0.5354477295473201
tfidf_correct_sbert_wrong,2562,1,0.5006633237693461,1,0.4844163319613818,0,0.43318036,0,333,10,"Rebuilding trust will require effort, patience, and understanding from both parties.",1042,1126,1,1,5,"I'm so sorry to hear about the pain and betrayal you're experiencing. Given your history and desire to move forward, it's essential to approach this situation with care and honesty. First, acknowledge that forgiveness is a process, and it may take time for both of you to heal. Consider couples therapy to work through your feelings and rebuild trust. It's crucial to have open and honest conversations about what happened, why it happened, and how you both can work together to prevent it in the future.

Reflect on your past infidelity and how your fiancé forgave you. Recognize that her cheating may be a symptom of deeper issues in your relationship, and it's essential to address these underlying problems. Make sure you're both on the same page regarding your commitment to the relationship and your son.

To overcome the unsettling thoughts, try to focus on the present moment and the future you want to build together. Practice self-care, engage in activities that bring you joy, and prioritize quality time with your fiancé and son. Rebuilding trust will require effort, patience, and understanding from both parties.

Remember that healing is not about forgetting or condoning the infidelity but about working together to create a stronger, more resilient relationship. It's okay to seek help, and don't be afraid to reach out to a therapist or counselor who can provide guidance and support throughout this challenging time.",questionID_732,My fiancé cheated. How can we mend our relationship?,"I'm in a relationship with my fiancé and I currently found out that she's been cheating on me with a co-worker. I was very upset none the less. I understand what she did was wrong, but I want to spend the rest of my life with her. So I'm willing to forgive and move on. We have been together for a little over 9 years, and we have a son. At the beginning of our relationship, I was unfaithful and she caught me cheating. She forgave me for what I've done to her and since then I been completely faithful. I'm worried about our relationship and want to move forward but its been very unsettling. All I can think about is her with another man. I don't know what to do or where to go for advice?",relationships,llama3,0.06681964000000001,0.4727533385769093
tfidf_correct_sbert_wrong,259,1,0.5013702592324899,1,0.4340737629134634,0,0.4881694,0,35,2,Her use of marijuana during pregnancy could potentially affect the health of the unborn child.,163,257,1,1,5,"I'm really sorry to hear about your mom's passing and the situation you're currently facing with your daughter-in-law. It's understandable that you are concerned. Her use of marijuana during pregnancy could potentially affect the health of the unborn child. It's generally recommended to approach such situations with calm and understanding. You might start by expressing your concern, letting her know you're coming from a place of care for her and the baby. Perhaps encourage her to consult with a healthcare provider about safer alternatives for managing her morning sickness. Remember, this is a delicate situation and it's important to maintain respect and empathy throughout the conversation.",questionID_624,My daughter-in-law is smoking marijuana while pregnant,"My new daughter-in-law just informed me that she is smoking marijuana while pregnant because of her morning sickness. I’m in shock and I don’t know how to respond. I just lost my mom, and she was good with advice.",substance-abuse,gpt4,0.06592623708653661,0.4745378073819844
tfidf_correct_sbert_wrong,1927,0,0.4998277677413344,0,0.5593347792408209,1,0.49192226,0,260,1,"While some insecurity is common during teenage years, the intensity of your feelings, particularly regarding your body image and potential self-harm (throwing up), suggests reaching out for support is crucial.",146,355,0,0,5,"It sounds like you're experiencing a lot of difficult emotions right now, and it's important to know that you're not alone and help is available. While some insecurity is common during teenage years, the intensity of your feelings, particularly regarding your body image and potential self-harm (throwing up), suggests reaching out for support is crucial. I strongly recommend talking to a trusted adult like a parent, school counselor, or teacher, and consider contacting a crisis hotline or seeking professional help from a therapist or counselor. They can provide you with a safe space to explore these feelings and develop healthy coping strategies. You deserve to feel better, and there are people who care and want to help.",questionID_346,"I feel like I'm this dumb fat girl that no one likes, and everything is my fault. Are these normal teenage girl feelings?","Everyone around me is much smarter and flaunts it. Everyone around me is skinny, and here I am trying to throw up so I'm not fat. Everything I do is wrong, and I can't seem to do anything right! No one else at school seems to feel the way I do! Is this normal teenage girls feelings? I don't think these feelings are normal.",self-esteem,gemini,0.05933477924082087,0.5170282689940517
sbert_correct_tfidf_wrong,2128,0,0.5097089777622412,1,0.3919063832372651,0,0.8426029,1,283,4,"There is a large body of evidence supporting the use of this approach to alleviating many of the aspects you identified in your post as well of a wide variety of tools that you can choose from and utilize that are able to practiced and assimilated into your daily tool box of coping mechanisms that end up becoming new behaviors and ways of thinking about issues that become automatic, the best possible outcome you can hope for if you want the solution to be sustainable.",610,1082,0,0,5,"In dealing with an eating disorder you are far from alone.  It is more common than you might think and tied to so many variables that it is easy for an individual to become overwhelmed in trying to navigate the influences of such variables.  I have been working with individuals dealing with such challenges since 1998 and have found over the years that behavioral analysis is highly effective in helping you begin to isolate, understand and then be able to address many of these variable impacting your behavioral and cognitive choices.  Consider finding someone trained in Dialectic Behavior Therapy (DBT).  There is a large body of evidence supporting the use of this approach to alleviating many of the aspects you identified in your post as well of a wide variety of tools that you can choose from and utilize that are able to practiced and assimilated into your daily tool box of coping mechanisms that end up becoming new behaviors and ways of thinking about issues that become automatic, the best possible outcome you can hope for if you want the solution to be sustainable.",questionID_712,How do I handle my binge eating?,"I have a problem with binge eating, especially during times of stress. I binge eat and feel so overwhelmed with shame and disappointment that I end up going to the gym and trying to exercise the calories off. I am in my late 20s, and I have been dealing with this since I was a teenager. Are there any coping mechanisms I can use to break this cycle?",eating-disorders,human,0.34260290000000004,0.5814060869998355
sbert_correct_tfidf_wrong,1817,0,0.5007333076029106,1,0.3608034551957873,0,0.19350034,0,244,2,"Crying can often be a part of the healing process, allowing us to release pent-up emotions.",180,271,0,0,5,"It's absolutely normal to cry during therapy, and there's absolutely nothing to be embarrassed about. Therapy is a safe space for you to express your emotions and feelings openly. Crying can often be a part of the healing process, allowing us to release pent-up emotions. A good therapist will understand and support you through this. Remember, therapy is about helping you, and there's no right or wrong way to feel. It's natural to feel anxious about starting therapy, but try to see it as a positive step towards better understanding and managing your emotions.",questionID_144,Is it normal to cry during therapy?,"I start counseling/therapy in a few days (I'm freaking out) but my main fear is that I'll cry and embarrass myself, is it something to worry about?",anxiety,gpt4,0.30649966,0.3516790342662326
sbert_correct_tfidf_wrong,566,0,0.5017486714116349,1,0.4271466150121483,0,0.20752972,0,77,4,"There are exceptions, such as when a person's life is in immediate danger, but these are generally guided by local laws and regulations.",395,531,0,0,5,"As a therapist, my primary role is to provide guidance, support, and therapeutic intervention for my clients. I can certainly recommend that a client seek specialized treatment for an eating disorder if it's necessary for their health and well-being. However, I cannot forcibly admit anyone into treatment against their will. In most cases, a person must voluntarily agree to receive treatment. There are exceptions, such as when a person's life is in immediate danger, but these are generally guided by local laws and regulations. It's important to have open conversations about the benefits of treatment, and to encourage and support individuals to make choices that prioritize their health.",questionID_708,Can a therapist have a client admitted to an eating disorder treatment center if the client does not want to go?,,eating-disorders,gpt4,0.29247027999999997,0.37880833547459436
sbert_correct_tfidf_wrong,569,0,0.5009470100777366,1,0.3040208584375363,0,0.20929866,0,78,1,"However, there are exceptions and variations depending on the jurisdiction and specific circumstances.",117,219,0,0,5,"In most cases, a therapist cannot forcibly admit a client to an eating disorder treatment center against their will. However, there are exceptions and variations depending on the jurisdiction and specific circumstances. 

If the client is a minor, parents or legal guardians may have the authority to admit them to a treatment center, even if the minor resists. 

For adults, therapists can encourage and support clients in seeking treatment, but ultimately, the decision to admit themselves to a facility is the client's. That being said, if the therapist believes the client is at imminent risk of harming themselves or others due to their eating disorder, they may be able to initiate an involuntary commitment process, which typically involves notifying emergency services or a crisis hotline. 

Involuntary commitment laws vary by state and country, so it's essential for therapists to be familiar with local regulations and procedures. It's also crucial for therapists to maintain a collaborative and non-coercive therapeutic relationship, focusing on empowering clients to make informed decisions about their care. 

If you're concerned about a client's safety or well-being, it's best to consult with a supervisor, colleagues, or local mental health authorities to determine the most appropriate course of action. Prioritizing the client's autonomy while ensuring their safety is a delicate balance that requires careful consideration and expertise.",questionID_708,Can a therapist have a client admitted to an eating disorder treatment center if the client does not want to go?,,eating-disorders,llama3,0.29070134000000003,0.3380888428384243
sbert_correct_tfidf_wrong,2357,0,0.5024421187660082,1,0.3950695636900697,0,0.7846909,1,312,3,You may envy your friends' weddings but more than likely they had a few mishaps of their own and/or it wasn't as perfect as they had planned it either.,255,406,0,0,5,"It's hard to let go of the dreams you had regarding your wedding and engagement. This was something that you and most women think about for years, so it's understandable to be disappointed. But please be aware that it is rare that any wedding is perfect. You may envy your friends' weddings but more than likely they had a few mishaps of their own and/or it wasn't as perfect as they had planned it either. However, like you know, the marriage is the most important thing. How many women are envious that you are in a happy, stable relationship? I assure you that there are plenty. Try to live in the present considering that dwelling on the past can still not change how you were proposed to or how your wedding day transpired. Focus on what you can control NOW. Perhaps, you can plan an extravagant renewal of your vows or change the look of your ring?I would also be upfront with your husband and explain why you've been short lately. But after that, close that chapter and move on. It sounds like you have a wonderful companion and you certainly don't want to lose this due to a situation that is impossible to change.",questionID_707,How can I let go of my dream wedding?,"I have been with my husband for almost 7 years. We got engaged a little after 5 years of being together. I had always been clear that I wanted to get married and I sadly would drop hints about how i wanted him to propose. When he did propose it was during a random vacation that I had planned. I was happy but I couldn't help feeling disappointed too. I had told him numerous times before that I wanted him to do it in front of my friends and family. I know it sounds dumb to be upset but I couldn't help how I was feeling. We are now married but the wedding and ring were also far from what I wanted and it wasn't due to lack of funds. I know this is all material and the marriage is the most important thing but I cant help but get jealous and envious every time I see someone get a proposal or wedding that I had wanted. I cant help my anger because I know we only get one proposal and one wedding. What I wanted will never happen. I have been working on my feelings for the past year and half to get over it. I try to focus on our marriage but every time I see someone have the best proposals and weddings I get upset. I know it is selfish and I know its petty but I just can't control it. It's ruining our relationship because I constantly think about it. Plus, I get mad at him for small things because I am trying to hide the fact that I am so disappointed. Why can't I move on?",marriage,human,0.28469089999999997,0.560734194152026
sbert_correct_tfidf_wrong,2125,0,0.5068287733719107,1,0.4369074023538311,0,0.75938976,1,283,1,It is more common than you might think and tied to so many variables that it is easy for an individual to become overwhelmed in trying to navigate the influences of such variables.,60,240,0,0,5,"In dealing with an eating disorder you are far from alone.  It is more common than you might think and tied to so many variables that it is easy for an individual to become overwhelmed in trying to navigate the influences of such variables.  I have been working with individuals dealing with such challenges since 1998 and have found over the years that behavioral analysis is highly effective in helping you begin to isolate, understand and then be able to address many of these variable impacting your behavioral and cognitive choices.  Consider finding someone trained in Dialectic Behavior Therapy (DBT).  There is a large body of evidence supporting the use of this approach to alleviating many of the aspects you identified in your post as well of a wide variety of tools that you can choose from and utilize that are able to practiced and assimilated into your daily tool box of coping mechanisms that end up becoming new behaviors and ways of thinking about issues that become automatic, the best possible outcome you can hope for if you want the solution to be sustainable.",questionID_712,How do I handle my binge eating?,"I have a problem with binge eating, especially during times of stress. I binge eat and feel so overwhelmed with shame and disappointment that I end up going to the gym and trying to exercise the calories off. I am in my late 20s, and I have been dealing with this since I was a teenager. Are there any coping mechanisms I can use to break this cycle?",eating-disorders,human,0.25938976,0.5677086452419139
sbert_correct_tfidf_wrong,1940,1,0.4990458514542447,0,0.7536780898321468,1,0.3516527,0,261,9,Hope this helps!,1049,1065,1,1,5,"There are some struggles that are less ""obvious"" than others, an eating disorder being one of them. From just your personal experience alone you might realize how easy it may seem to keep such a secret from those around you. In the same way, there are many people who struggle secretly with this problem and not many people know or even notice. So you are definitely not alone. Low self-esteem or lack of confidence in some areas are issues that EVERY teen, in fact EVERY person, has experienced at some point. These feelings are ""normal."" It sounds, though, as if these feelings of insecurity and inadequacy have begun to consume your every day thoughts and behaviors bringing you to where you are today - comparing yourself to others, purging, and feeling extreme guilt. Sometimes it's best if we seek outside help, instead of trying to tackle problems on our own. Breaking habits that come along with an eating disorder really requires the help of a doctor, nutritionist, and a therapist who can help change your perspective from the inside out! Hope this helps!",questionID_346,"I feel like I'm this dumb fat girl that no one likes, and everything is my fault. Are these normal teenage girl feelings?","Everyone around me is much smarter and flaunts it. Everyone around me is skinny, and here I am trying to throw up so I'm not fat. Everything I do is wrong, and I can't seem to do anything right! No one else at school seems to feel the way I do! Is this normal teenage girls feelings? I don't think these feelings are normal.",self-esteem,human,0.2536780898321468,0.5347922137621305
sbert_correct_tfidf_wrong,493,0,0.5068737299427762,1,0.249141131227466,0,0.2975497,0,66,5,"Before the first session, it's a good idea to prepare by thinking about what brings you to counseling, what your goals are, and what you hope to achieve.",656,809,0,0,5,"Approaching a counselor can seem daunting, but it's a brave and important step towards prioritizing your mental health. To start the counseling process, you can begin by asking for referrals from your primary care physician, friends, family members, or online directories like Psychology Today. You can also check with your insurance provider to see if they have a list of in-network counselors. Once you've identified a few potential counselors, you can visit their websites or make phone calls to ask questions about their specialty, approach, and availability. 

When you're ready to schedule an appointment, you can typically do so by phone or online. Before the first session, it's a good idea to prepare by thinking about what brings you to counseling, what your goals are, and what you hope to achieve. During the initial session, the counselor will likely introduce themselves, explain their approach and boundaries, and ask you questions to get to know you and understand your concerns. This is also an opportunity for you to get a sense of the counselor's style and see if you feel comfortable working with them.

Remember, counseling is a collaborative process, and it's okay to take your time finding the right fit. Be patient, kind, and compassionate with yourself as you take this important step towards seeking support. You deserve to prioritize your mental health and well-being, and seeking counseling is a sign of strength, not weakness.",questionID_936,How does someone approach a counselor?,How does a person start the counseling process?,counseling-fundamentals,llama3,0.250858868772534,0.3511881870567474
sbert_correct_tfidf_wrong,1113,0,0.5022221762315039,1,0.4150640514230239,0,0.24943557,0,151,7,"Remember, it's not your responsibility to bear all the weight of these issues.",761,839,0,0,5,"I'm really sorry to hear that you're going through this. Communication issues can be quite challenging in a relationship. It's important to remember that resolution and effective communication require effort from both parties. It might be helpful to consider seeking assistance from a couples counselor or therapist to facilitate open, respectful, and productive conversations. This professional guidance could provide both of you with the tools and strategies needed to express feelings and address issues constructively. In the meantime, try to approach conversations with empathy, patience, and the intention to understand each other's perspectives. It's also important to ensure your own wellbeing, so please consider individual therapy or support as well. Remember, it's not your responsibility to bear all the weight of these issues. This needs to be a mutual effort, and professional help can often be the catalyst for that change.",questionID_754,Why do my boyfriend and I have such trouble communicating?,"We’ve been together almost three years. We argue and he ends it by telling me he doesn’t love me. It's hurtful because I am all about resolving the problem, and he dwells on the issue even if I drop what he's done and just swallow my pride and say I am sorry. How can this be resolved? We have kids, and I don't want a broken family because we can't communicate.",relationships,gpt4,0.25056443,0.38890726588484253
sbert_correct_tfidf_wrong,2570,0,0.5067986217347705,1,0.4312387963967442,0,0.7465759,1,335,2,"In any relationship, the complexities of each person combine.",205,266,0,0,5,"I'm sorry for the stress and unhappiness stemming the problem you describe.Trust your instinct that there is more complexity to feeling good about being in a partnership than simply wanting this to happen.In any relationship, the complexities of each person combine.   Often people accept when this feels good and are lost as to what to do when natural human complexity, doesn't match up with our partner in the way we'd like.A couples' therapist would be able to help each of you talk about the factors motivating the cheating, as well as clarify the reasons you each have for continuing to stay together. The unique advantage of couple's therapy is that each person is able to hear their partner talk out loud about themselves and their partner.This is sometimes enormously helpful since our inner thoughts are often hidden yet very dominant in how we direct ourselves in relationships.Sometimes the initial consult session offers enough new understanding that a second session wouldn't be necessary for a while.Good luck in finding your relationship happiness!",questionID_732,My fiancé cheated. How can we mend our relationship?,"I'm in a relationship with my fiancé and I currently found out that she's been cheating on me with a co-worker. I was very upset none the less. I understand what she did was wrong, but I want to spend the rest of my life with her. So I'm willing to forgive and move on. We have been together for a little over 9 years, and we have a son. At the beginning of our relationship, I was unfaithful and she caught me cheating. She forgave me for what I've done to her and since then I been completely faithful. I'm worried about our relationship and want to move forward but its been very unsettling. All I can think about is her with another man. I don't know what to do or where to go for advice?",relationships,human,0.24657589999999996,0.5615377727105049
sbert_correct_tfidf_wrong,2147,0,0.5003996966029859,1,0.3324553855220349,0,0.25733188,0,285,10,"If you're unsure about the ethics or potential consequences of a relationship with a fellow counselor, it's recommended that you consult with a supervisor, a professional organization, or a licensed attorney for guidance.",1324,1545,0,0,5,"Having a romantic or intimate relationship with a fellow counselor can be a complex issue, and its ethics depend on various factors. The American Counseling Association (ACA) and other professional organizations have established codes of ethics to guide counselors' behavior. 

According to the ACA Code of Ethics, there is no explicit prohibition against relationships between colleagues. However, Section C.3.a. (Avoiding Harm and Imposing Values) and Section F.10.a. (Dual Relationships) emphasize the importance of avoiding harm, exploitation, or conflicts of interest that may arise in such relationships. 

If the relationship involves a power imbalance, such as a supervisor-supervisee or instructor-student relationship, it's generally considered unethical and may be prohibited by the organization or institution. 

In terms of legal ramifications, laws and regulations vary by jurisdiction, but generally, there are no specific laws prohibiting relationships between counselors. However, if the relationship leads to favoritism, discrimination, or creates a hostile work environment, it may result in legal issues, such as lawsuits or complaints to licensing boards. 

To navigate these situations, it's essential to consider the potential impact on your professional relationships, work environment, and clients. If you're unsure about the ethics or potential consequences of a relationship with a fellow counselor, it's recommended that you consult with a supervisor, a professional organization, or a licensed attorney for guidance. Ultimately, prioritize maintaining professional boundaries, respecting colleagues, and upholding the principles of your profession to avoid any potential harm or conflicts of interest.",questionID_401,Is it unethical to have a relationship with a fellow counselor?,Does this go against any ethical codes? Are there legal ramifications?,workplace-relationships,llama3,0.24266812,0.3633956540416736
sbert_correct_tfidf_wrong,1932,1,0.4989899528990774,0,0.7385271682026033,1,0.66596156,1,261,1,From just your personal experience alone you might realize how easy it may seem to keep such a secret from those around you.,100,224,1,1,5,"There are some struggles that are less ""obvious"" than others, an eating disorder being one of them. From just your personal experience alone you might realize how easy it may seem to keep such a secret from those around you. In the same way, there are many people who struggle secretly with this problem and not many people know or even notice. So you are definitely not alone. Low self-esteem or lack of confidence in some areas are issues that EVERY teen, in fact EVERY person, has experienced at some point. These feelings are ""normal."" It sounds, though, as if these feelings of insecurity and inadequacy have begun to consume your every day thoughts and behaviors bringing you to where you are today - comparing yourself to others, purging, and feeling extreme guilt. Sometimes it's best if we seek outside help, instead of trying to tackle problems on our own. Breaking habits that come along with an eating disorder really requires the help of a doctor, nutritionist, and a therapist who can help change your perspective from the inside out! Hope this helps!",questionID_346,"I feel like I'm this dumb fat girl that no one likes, and everything is my fault. Are these normal teenage girl feelings?","Everyone around me is much smarter and flaunts it. Everyone around me is skinny, and here I am trying to throw up so I'm not fat. Everything I do is wrong, and I can't seem to do anything right! No one else at school seems to feel the way I do! Is this normal teenage girls feelings? I don't think these feelings are normal.",self-esteem,human,0.23852716820260333,0.6344928937005602
sbert_correct_tfidf_wrong,565,0,0.500949304982611,1,0.4189525556172984,0,0.2627697,0,77,3,"In most cases, a person must voluntarily agree to receive treatment.",326,394,0,0,5,"As a therapist, my primary role is to provide guidance, support, and therapeutic intervention for my clients. I can certainly recommend that a client seek specialized treatment for an eating disorder if it's necessary for their health and well-being. However, I cannot forcibly admit anyone into treatment against their will. In most cases, a person must voluntarily agree to receive treatment. There are exceptions, such as when a person's life is in immediate danger, but these are generally guided by local laws and regulations. It's important to have open conversations about the benefits of treatment, and to encourage and support individuals to make choices that prioritize their health.",questionID_708,Can a therapist have a client admitted to an eating disorder treatment center if the client does not want to go?,,eating-disorders,gpt4,0.2372303,0.39422385353330314
sbert_correct_tfidf_wrong,2135,0,0.500876726847303,1,0.2702877537633458,0,0.2674001,0,284,6,Always ensure you act professionally and ethically in all aspects of your work.,1018,1097,0,0,5,"As a therapist, it's important to maintain professional boundaries and adhere to ethical guidelines in all circumstances. In terms of having a romantic relationship with a fellow counselor, it's not inherently unethical, provided it doesn't interfere with your ability to provide effective and unbiased care to your clients. It's crucial to avoid any conflicts of interest and ensure that your personal life doesn't affect your professional responsibilities. 

However, it's important to know that different organizations, workplaces, and professional bodies may have their own specific rules or guidelines about relationships between colleagues, so you should consult your organization's policies or your professional body's ethical guidelines for clarity.

In terms of legality, generally there aren't any legal ramifications for having a relationship with a fellow counselor. However, situations that involve harassment, discrimination, or violation of workplace policies could potentially have legal implications. Always ensure you act professionally and ethically in all aspects of your work. If you're uncertain, consider seeking advice from a mentor, supervisor, or legal counsel.",questionID_401,Is it unethical to have a relationship with a fellow counselor?,Does this go against any ethical codes? Are there legal ramifications?,workplace-relationships,gpt4,0.23259990000000003,0.3461881935368829
sbert_correct_tfidf_wrong,506,0,0.5074749763656804,1,0.5420708498066438,0,0.7294982,1,68,4,"You may also discover, rather quickly, that this therapist is not the right match for you.",522,612,0,0,5,"Hello, There are many ways to approach a counselor and starting the process, however they all start with picking up the phone.  It's most definitely an uncomfortable feeling, but once that first step is taken it is often met with a wave of relief. My recommendation is always to call and speak with a therapist over the phone before scheduling an appointment. Listening to how they converse, use their tone and inflection, may give you a brief insight to how they will respond to you and increase your comfort right away. You may also discover, rather quickly, that this therapist is not the right match for you.Regardless of how you go about it, I like to remind all people who call, email, text or walk-in, therapists are a bit like pizzas - if you don't like the toppings, send it back! There are hundreds of therapists offering all kinds of styles of therapy - take the time to pick one that suits you.",questionID_936,How does someone approach a counselor?,How does a person start the counseling process?,counseling-fundamentals,human,0.22949819999999999,0.5930146753907747
sbert_correct_tfidf_wrong,2356,0,0.5046702552244107,1,0.2730192272443833,0,0.67567307,1,312,2,But please be aware that it is rare that any wedding is perfect.,190,254,0,0,5,"It's hard to let go of the dreams you had regarding your wedding and engagement. This was something that you and most women think about for years, so it's understandable to be disappointed. But please be aware that it is rare that any wedding is perfect. You may envy your friends' weddings but more than likely they had a few mishaps of their own and/or it wasn't as perfect as they had planned it either. However, like you know, the marriage is the most important thing. How many women are envious that you are in a happy, stable relationship? I assure you that there are plenty. Try to live in the present considering that dwelling on the past can still not change how you were proposed to or how your wedding day transpired. Focus on what you can control NOW. Perhaps, you can plan an extravagant renewal of your vows or change the look of your ring?I would also be upfront with your husband and explain why you've been short lately. But after that, close that chapter and move on. It sounds like you have a wonderful companion and you certainly don't want to lose this due to a situation that is impossible to change.",questionID_707,How can I let go of my dream wedding?,"I have been with my husband for almost 7 years. We got engaged a little after 5 years of being together. I had always been clear that I wanted to get married and I sadly would drop hints about how i wanted him to propose. When he did propose it was during a random vacation that I had planned. I was happy but I couldn't help feeling disappointed too. I had told him numerous times before that I wanted him to do it in front of my friends and family. I know it sounds dumb to be upset but I couldn't help how I was feeling. We are now married but the wedding and ring were also far from what I wanted and it wasn't due to lack of funds. I know this is all material and the marriage is the most important thing but I cant help but get jealous and envious every time I see someone get a proposal or wedding that I had wanted. I cant help my anger because I know we only get one proposal and one wedding. What I wanted will never happen. I have been working on my feelings for the past year and half to get over it. I try to focus on our marriage but every time I see someone have the best proposals and weddings I get upset. I know it is selfish and I know its petty but I just can't control it. It's ruining our relationship because I constantly think about it. Plus, I get mad at him for small things because I am trying to hide the fact that I am so disappointed. Why can't I move on?",marriage,human,0.22698077275561668,0.4844541841562647
sbert_correct_tfidf_wrong,578,0,0.5015769486225718,1,0.4759717523453563,0,0.72597575,1,79,1,"A therapist can be part of this process, but they cannot unilaterally admit someone against their will.",227,330,0,0,5,"Involuntary admission to a treatment center for an eating disorder is complex and varies by location, but generally requires a legal process involving demonstrating imminent danger to self or others due to the eating disorder. A therapist can be part of this process, but they cannot unilaterally admit someone against their will.",questionID_708,Can a therapist have a client admitted to an eating disorder treatment center if the client does not want to go?,,eating-disorders,gemini,0.22597575000000003,0.5678414836559761
sbert_correct_tfidf_wrong,948,0,0.5012389513711933,1,0.3674731990874575,0,0.27423498,0,128,3,"Other challenges may arise from clients who are mandated to attend therapy, such as those involved in the legal system, as they may not be invested in the therapeutic process.",472,647,0,0,5,"As a counselor, I can attest that every client presents unique challenges, and some may be more difficult to work with than others. Some common difficulties that a counselor can encounter when dealing with a client include resistance to change, lack of motivation, or unrealistic expectations. Additionally, clients with severe mental health issues, such as borderline personality disorder or trauma, may require specialized training and expertise to manage effectively.

Other challenges may arise from clients who are mandated to attend therapy, such as those involved in the legal system, as they may not be invested in the therapeutic process. Cultural or language barriers can also create difficulties, as can differences in values or worldview between the client and counselor.

Furthermore, some clients may exhibit behaviors that are challenging to manage, such as aggression, manipulation, or emotional dysregulation. In these cases, the counselor must prioritize their own emotional safety and well-being while still providing a supportive and non-judgmental space for the client.

To navigate these challenges, it's essential for counselors to maintain a strong therapeutic alliance, establish clear boundaries, and engage in ongoing self-reflection and professional development. By doing so, counselors can build resilience, improve their skills, and provide effective support to even the most difficult clients. Ultimately, every client deserves compassion, empathy, and understanding, regardless of the challenges they may present.",questionID_939,Are some clients more difficult than others?,What are some difficulties that a counselor can encounter when dealing with a client?,counseling-fundamentals,llama3,0.22576501999999998,0.38098237681955033
sbert_correct_tfidf_wrong,411,1,0.4990458514542447,0,0.7250028943212082,1,0.6189719,0,54,3,I hope this helps.,394,412,2,2,5,"I would recommend removing yourself from the environment you are in after you have finished eating. A simple walk around the block, calling up a friend and going to visit, or even going to another room in the house can help. If you find that you truly have no self control over food, I recommend attending Overeaters Anonymous; a 12 step group for those with compulsive issues related to food. I hope this helps.",questionID_714,How can I train myself to stop eating when I'm full?,"I have no self control over food. Most people stop when they've had enough, but I keep eating for the pleasure of it. Especially with sweets - I'm never done eating dessert.",eating-disorders,human,0.22500289432120824,0.6143402152584844
sbert_correct_tfidf_wrong,1442,0,0.505291384703569,1,0.4678908727094178,0,0.72430676,1,197,5,"Approach the conversation with empathy, but also set clear boundaries and expectations for how you want to be treated in the relationship.",649,787,0,0,5,"It sounds like you're feeling frustrated, hurt, and possibly even defensive in your relationship. The constant accusations and lack of acknowledgment of her own mistakes can be draining. To address this, consider having an open and honest conversation with your wife about how her behavior is affecting you. Use ""I"" statements to express your feelings, such as ""I feel disrespected when you accuse me of cheating without any evidence"" or ""I feel like I'm walking on eggshells around you, never knowing what will trigger an argument."" 

It's also essential to understand that her behavior might be a sign of her own insecurities or past experiences. Approach the conversation with empathy, but also set clear boundaries and expectations for how you want to be treated in the relationship. Regarding the ""sweetheart"" example, you could explain that it's a harmless term you use in a professional setting, and reassure her that it doesn't imply any romantic or intimate intentions.

However, it's crucial to recognize that you can't force someone to understand or admit their mistakes. If your wife is unwilling to listen, reflect on her actions, or work on rebuilding trust, it may be a sign of deeper issues in the relationship. In such cases, couples therapy can be beneficial in addressing these concerns and improving communication. Remember that your emotional well-being is important, and it's okay to prioritize your own needs and seek support if the relationship becomes toxic or unsustainable.",questionID_391,Why do I feel like I'm always wrong in everything in my relationship?,"My wife is always accusing me of cheating and telling me that I'm doing things she finds disrespectful even when I don't mean it like that. For example, she gets offended when I call someone at work ""sweetheart."" I wish I had a penny for every time she accused me of cheating on her. She doesn't, and never will say she was wrong. How do I get her to understand?",workplace-relationships,llama3,0.22430676000000005,0.5658296724709957
sbert_correct_tfidf_wrong,1819,0,0.5022979156759894,1,0.5039245648843284,0,0.2814485,0,244,4,"Remember, therapy is about helping you, and there's no right or wrong way to feel.",335,417,0,0,5,"It's absolutely normal to cry during therapy, and there's absolutely nothing to be embarrassed about. Therapy is a safe space for you to express your emotions and feelings openly. Crying can often be a part of the healing process, allowing us to release pent-up emotions. A good therapist will understand and support you through this. Remember, therapy is about helping you, and there's no right or wrong way to feel. It's natural to feel anxious about starting therapy, but try to see it as a positive step towards better understanding and managing your emotions.",questionID_144,Is it normal to cry during therapy?,"I start counseling/therapy in a few days (I'm freaking out) but my main fear is that I'll cry and embarrass myself, is it something to worry about?",anxiety,gpt4,0.2185515,0.42922366018677255
sbert_correct_tfidf_wrong,66,0,0.5001398263680067,1,0.2845142389585134,0,0.33048537,0,9,2,"The lack of information from the hospital can be frustrating, but it's likely due to patient confidentiality laws and protocols.",191,319,0,0,5,"I'm so sorry to hear that you're going through this uncertain and stressful situation. It's completely understandable that you're feeling anxious and concerned about your boyfriend's health. The lack of information from the hospital can be frustrating, but it's likely due to patient confidentiality laws and protocols. 

In the meantime, take care of yourself during this challenging time. Reach out to friends, family, or a support group for emotional support. You can also try contacting the hospital's social work department or patient advocate to see if they can provide any guidance or support. 

Remember that you have the right to be informed about your boyfriend's condition if he has designated you as his emergency contact or healthcare proxy. If you haven't already, you may want to ask him if he has completed any advance directives or if he would like you to be his representative. 

Try to stay calm, focus on what you can control, and prioritize your own well-being. Keep in mind that the hospital staff is working to provide the best care for your boyfriend, and it's possible that they will be able to share more information with you soon. Sending you positive thoughts and hoping for your boyfriend's speedy recovery.",questionID_886,My boyfriend is in the hospital. They won’t tell me what’s wrong and if or when he’s coming back,,legal-regulatory,llama3,0.2154857610414866,0.37171314510884007
sbert_correct_tfidf_wrong,2347,0,0.501195922841696,1,0.2854100356945896,0,0.5377567,0,310,4,"It may also be helpful to reflect on what specifically you felt was missing from your wedding and proposal, and see if there are ways to recreate or celebrate those aspects in other ways, such as a vow renewal or a special anniversary celebration.",656,903,0,0,5,"It's completely understandable that you're struggling to let go of your dream wedding, especially when it feels like a once-in-a-lifetime experience that didn't meet your expectations. It's not about being selfish or petty, but rather about acknowledging and processing your unmet emotional needs. It's possible that your feelings of disappointment and jealousy are rooted in a sense of grief for the wedding and proposal you had envisioned, which is a valid emotion. 

To move forward, consider having an open and honest conversation with your husband about your feelings, using ""I"" statements to express your emotions and avoid blaming or resenting him. It may also be helpful to reflect on what specifically you felt was missing from your wedding and proposal, and see if there are ways to recreate or celebrate those aspects in other ways, such as a vow renewal or a special anniversary celebration. 

Additionally, practicing self-compassion and acknowledging that it's okay to have these feelings can help you work through them. Remind yourself that your marriage is not defined by one event, but by the daily choices and commitments you and your husband make to each other. Focus on nurturing your relationship and building positive experiences together, rather than comparing your wedding to others. Lastly, consider seeking the help of a couples therapist who can provide a safe and supportive environment to explore these feelings and work through them together.",questionID_707,How can I let go of my dream wedding?,"I have been with my husband for almost 7 years. We got engaged a little after 5 years of being together. I had always been clear that I wanted to get married and I sadly would drop hints about how i wanted him to propose. When he did propose it was during a random vacation that I had planned. I was happy but I couldn't help feeling disappointed too. I had told him numerous times before that I wanted him to do it in front of my friends and family. I know it sounds dumb to be upset but I couldn't help how I was feeling. We are now married but the wedding and ring were also far from what I wanted and it wasn't due to lack of funds. I know this is all material and the marriage is the most important thing but I cant help but get jealous and envious every time I see someone get a proposal or wedding that I had wanted. I cant help my anger because I know we only get one proposal and one wedding. What I wanted will never happen. I have been working on my feelings for the past year and half to get over it. I try to focus on our marriage but every time I see someone have the best proposals and weddings I get upset. I know it is selfish and I know its petty but I just can't control it. It's ruining our relationship because I constantly think about it. Plus, I get mad at him for small things because I am trying to hide the fact that I am so disappointed. Why can't I move on?",marriage,llama3,0.21458996430541039,0.44145421951209524
sbert_correct_tfidf_wrong,397,0,0.5018244026948847,1,0.5349620701223773,0,0.7096315,1,52,2,"Savor each bite, pay attention to the flavors, textures, and aromas, and stop eating when you feel satisfied, rather than stuffed.",243,373,0,0,5,"Developing self-control around food, especially sweets, can be challenging, but it's achievable with practice, patience, and the right strategies. To start, try to tune into your body's hunger and fullness cues by eating slowly and mindfully. Savor each bite, pay attention to the flavors, textures, and aromas, and stop eating when you feel satisfied, rather than stuffed. It can also be helpful to use a hunger-fullness scale, where 1 is extremely hungry and 10 is extremely full. Aim to stop eating when you reach a 7 or 8, when you feel content but not overly full.

Another strategy is to identify your emotional triggers for overeating, such as stress, boredom, or emotional events. Once you're aware of your triggers, you can develop alternative coping mechanisms, like going for a walk, practicing deep breathing, or engaging in a hobby. It's also essential to set realistic expectations and allow yourself to enjoy your favorite sweets in moderation, rather than depriving yourself and then overindulging.

Additionally, consider implementing some practical tips, such as using smaller plates, eating regular meals to avoid extreme hunger, and removing distractions while eating, like turning off the TV or putting away your phone. Remember that it takes time and effort to develop new habits, so be gentle with yourself and don't expect to change overnight. With consistent practice and self-compassion, you can develop a healthier relationship with food and learn to stop eating when you're full, rather than relying on willpower or self-control.",questionID_714,How can I train myself to stop eating when I'm full?,"I have no self control over food. Most people stop when they've had enough, but I keep eating for the pleasure of it. Especially with sweets - I'm never done eating dessert.",eating-disorders,llama3,0.20963149999999997,0.5821393242724207
sbert_correct_tfidf_wrong,396,0,0.5001714633544267,1,0.4892445957182343,0,0.70886326,1,52,1,"To start, try to tune into your body's hunger and fullness cues by eating slowly and mindfully.",147,242,0,0,5,"Developing self-control around food, especially sweets, can be challenging, but it's achievable with practice, patience, and the right strategies. To start, try to tune into your body's hunger and fullness cues by eating slowly and mindfully. Savor each bite, pay attention to the flavors, textures, and aromas, and stop eating when you feel satisfied, rather than stuffed. It can also be helpful to use a hunger-fullness scale, where 1 is extremely hungry and 10 is extremely full. Aim to stop eating when you reach a 7 or 8, when you feel content but not overly full.

Another strategy is to identify your emotional triggers for overeating, such as stress, boredom, or emotional events. Once you're aware of your triggers, you can develop alternative coping mechanisms, like going for a walk, practicing deep breathing, or engaging in a hobby. It's also essential to set realistic expectations and allow yourself to enjoy your favorite sweets in moderation, rather than depriving yourself and then overindulging.

Additionally, consider implementing some practical tips, such as using smaller plates, eating regular meals to avoid extreme hunger, and removing distractions while eating, like turning off the TV or putting away your phone. Remember that it takes time and effort to develop new habits, so be gentle with yourself and don't expect to change overnight. With consistent practice and self-compassion, you can develop a healthier relationship with food and learn to stop eating when you're full, rather than relying on willpower or self-control.",questionID_714,How can I train myself to stop eating when I'm full?,"I have no self control over food. Most people stop when they've had enough, but I keep eating for the pleasure of it. Especially with sweets - I'm never done eating dessert.",eating-disorders,llama3,0.20886326,0.5660931063575537
sbert_correct_tfidf_wrong,494,0,0.5035318455707708,1,0.3027827632340948,0,0.43760324,0,66,6,"During the initial session, the counselor will likely introduce themselves, explain their approach and boundaries, and ask you questions to get to know you and understand your concerns.",810,995,0,0,5,"Approaching a counselor can seem daunting, but it's a brave and important step towards prioritizing your mental health. To start the counseling process, you can begin by asking for referrals from your primary care physician, friends, family members, or online directories like Psychology Today. You can also check with your insurance provider to see if they have a list of in-network counselors. Once you've identified a few potential counselors, you can visit their websites or make phone calls to ask questions about their specialty, approach, and availability. 

When you're ready to schedule an appointment, you can typically do so by phone or online. Before the first session, it's a good idea to prepare by thinking about what brings you to counseling, what your goals are, and what you hope to achieve. During the initial session, the counselor will likely introduce themselves, explain their approach and boundaries, and ask you questions to get to know you and understand your concerns. This is also an opportunity for you to get a sense of the counselor's style and see if you feel comfortable working with them.

Remember, counseling is a collaborative process, and it's okay to take your time finding the right fit. Be patient, kind, and compassionate with yourself as you take this important step towards seeking support. You deserve to prioritize your mental health and well-being, and seeking counseling is a sign of strength, not weakness.",questionID_936,How does someone approach a counselor?,How does a person start the counseling process?,counseling-fundamentals,llama3,0.1972172367659052,0.4146392829349552
sbert_correct_tfidf_wrong,261,0,0.5020259195340694,1,0.4479334552946774,0,0.69703674,1,35,4,"You might start by expressing your concern, letting her know you're coming from a place of care for her and the baby.",342,459,0,0,5,"I'm really sorry to hear about your mom's passing and the situation you're currently facing with your daughter-in-law. It's understandable that you are concerned. Her use of marijuana during pregnancy could potentially affect the health of the unborn child. It's generally recommended to approach such situations with calm and understanding. You might start by expressing your concern, letting her know you're coming from a place of care for her and the baby. Perhaps encourage her to consult with a healthcare provider about safer alternatives for managing her morning sickness. Remember, this is a delicate situation and it's important to maintain respect and empathy throughout the conversation.",questionID_624,My daughter-in-law is smoking marijuana while pregnant,"My new daughter-in-law just informed me that she is smoking marijuana while pregnant because of her morning sickness. I’m in shock and I don’t know how to respond. I just lost my mom, and she was good with advice.",substance-abuse,gpt4,0.19703674000000004,0.5489987049429156
sbert_correct_tfidf_wrong,564,0,0.5006383165603449,1,0.5446596525651489,0,0.69683623,1,77,2,"However, I cannot forcibly admit anyone into treatment against their will.",251,325,0,0,5,"As a therapist, my primary role is to provide guidance, support, and therapeutic intervention for my clients. I can certainly recommend that a client seek specialized treatment for an eating disorder if it's necessary for their health and well-being. However, I cannot forcibly admit anyone into treatment against their will. In most cases, a person must voluntarily agree to receive treatment. There are exceptions, such as when a person's life is in immediate danger, but these are generally guided by local laws and regulations. It's important to have open conversations about the benefits of treatment, and to encourage and support individuals to make choices that prioritize their health.",questionID_708,Can a therapist have a client admitted to an eating disorder treatment center if the client does not want to go?,,eating-disorders,gpt4,0.19683622999999995,0.5807113997084979
sbert_correct_tfidf_wrong,508,0,0.5035317369432225,1,0.304965407710828,0,0.37745,0,68,6,There are hundreds of therapists offering all kinds of styles of therapy - take the time to pick one that suits you.,790,906,0,0,5,"Hello, There are many ways to approach a counselor and starting the process, however they all start with picking up the phone.  It's most definitely an uncomfortable feeling, but once that first step is taken it is often met with a wave of relief. My recommendation is always to call and speak with a therapist over the phone before scheduling an appointment. Listening to how they converse, use their tone and inflection, may give you a brief insight to how they will respond to you and increase your comfort right away. You may also discover, rather quickly, that this therapist is not the right match for you.Regardless of how you go about it, I like to remind all people who call, email, text or walk-in, therapists are a bit like pizzas - if you don't like the toppings, send it back! There are hundreds of therapists offering all kinds of styles of therapy - take the time to pick one that suits you.",questionID_936,How does someone approach a counselor?,How does a person start the counseling process?,counseling-fundamentals,human,0.19503459228917203,0.39531571488468353
sbert_correct_tfidf_wrong,73,0,0.5080463114034178,1,0.5014955347116311,0,0.30664396,0,9,9,"Keep in mind that the hospital staff is working to provide the best care for your boyfriend, and it's possible that they will be able to share more information with you soon.",983,1157,0,0,5,"I'm so sorry to hear that you're going through this uncertain and stressful situation. It's completely understandable that you're feeling anxious and concerned about your boyfriend's health. The lack of information from the hospital can be frustrating, but it's likely due to patient confidentiality laws and protocols. 

In the meantime, take care of yourself during this challenging time. Reach out to friends, family, or a support group for emotional support. You can also try contacting the hospital's social work department or patient advocate to see if they can provide any guidance or support. 

Remember that you have the right to be informed about your boyfriend's condition if he has designated you as his emergency contact or healthcare proxy. If you haven't already, you may want to ask him if he has completed any advance directives or if he would like you to be his representative. 

Try to stay calm, focus on what you can control, and prioritize your own well-being. Keep in mind that the hospital staff is working to provide the best care for your boyfriend, and it's possible that they will be able to share more information with you soon. Sending you positive thoughts and hoping for your boyfriend's speedy recovery.",questionID_886,My boyfriend is in the hospital. They won’t tell me what’s wrong and if or when he’s coming back,,legal-regulatory,llama3,0.19335604,0.4387286020383496
sbert_correct_tfidf_wrong,2119,0,0.5021302623439556,1,0.5379177010869028,0,0.69114894,1,281,14,You deserve to develop a positive and loving relationship with food and your body.,1460,1542,0,0,5,"I'm so glad you're reaching out for help with this challenging issue. First, please know that you're not alone, and binge eating is a common struggle for many people. It's great that you're acknowledging the pattern and seeking ways to break the cycle. To start, it's essential to address the emotional aspect of binge eating. When you feel stressed, try to pause and recognize the emotional trigger. Take a few deep breaths, and ask yourself what you're feeling and what you need in that moment. 

Consider alternative coping mechanisms, such as journaling, meditation, or talking to a trusted friend or family member. Physical activity can be helpful, but it's crucial to separate exercise from punishment or calorie compensation. Instead, focus on gentle, self-care activities like yoga or walking, which can help you connect with your body in a positive way.

It might be helpful to work with a registered dietitian or a therapist who specializes in eating disorders to develop a personalized plan. They can help you identify your triggers, develop a healthier relationship with food, and work through the shame and guilt associated with binge eating. Additionally, consider keeping a food and mood journal to track your eating patterns and identify potential triggers.

Remember, recovery from binge eating is a journey, and it's okay to take it one step at a time. Be patient and compassionate with yourself, and celebrate small victories along the way. You deserve to develop a positive and loving relationship with food and your body.",questionID_712,How do I handle my binge eating?,"I have a problem with binge eating, especially during times of stress. I binge eat and feel so overwhelmed with shame and disappointment that I end up going to the gym and trying to exercise the calories off. I am in my late 20s, and I have been dealing with this since I was a teenager. Are there any coping mechanisms I can use to break this cycle?",eating-disorders,llama3,0.19114894000000004,0.5770656344769529
sbert_correct_tfidf_wrong,79,0,0.5068639539910332,1,0.4000078811596662,0,0.6869645,1,11,0,I know it can be really tough when a loved one is in the hospital and you aren't being told what is going on.,0,109,0,0,5,"I know it can be really tough when a loved one is in the hospital and you aren't being told what is going on.In general, both Federal and State confidentiality laws prohibit health care providers from giving out private information about patients to non-family members.Unfortunately, you will probably just have to wait until he is released (or until you can visit him) to find out from him what is going on.",questionID_886,My boyfriend is in the hospital. They won’t tell me what’s wrong and if or when he’s coming back,,legal-regulatory,human,0.18696449999999998,0.5312787783835665
sbert_correct_tfidf_wrong,2354,0,0.5034423554517853,1,0.3145110450677218,0,0.5156863,0,312,0,It's hard to let go of the dreams you had regarding your wedding and engagement.,0,80,0,0,5,"It's hard to let go of the dreams you had regarding your wedding and engagement. This was something that you and most women think about for years, so it's understandable to be disappointed. But please be aware that it is rare that any wedding is perfect. You may envy your friends' weddings but more than likely they had a few mishaps of their own and/or it wasn't as perfect as they had planned it either. However, like you know, the marriage is the most important thing. How many women are envious that you are in a happy, stable relationship? I assure you that there are plenty. Try to live in the present considering that dwelling on the past can still not change how you were proposed to or how your wedding day transpired. Focus on what you can control NOW. Perhaps, you can plan an extravagant renewal of your vows or change the look of your ring?I would also be upfront with your husband and explain why you've been short lately. But after that, close that chapter and move on. It sounds like you have a wonderful companion and you certainly don't want to lose this due to a situation that is impossible to change.",questionID_707,How can I let go of my dream wedding?,"I have been with my husband for almost 7 years. We got engaged a little after 5 years of being together. I had always been clear that I wanted to get married and I sadly would drop hints about how i wanted him to propose. When he did propose it was during a random vacation that I had planned. I was happy but I couldn't help feeling disappointed too. I had told him numerous times before that I wanted him to do it in front of my friends and family. I know it sounds dumb to be upset but I couldn't help how I was feeling. We are now married but the wedding and ring were also far from what I wanted and it wasn't due to lack of funds. I know this is all material and the marriage is the most important thing but I cant help but get jealous and envious every time I see someone get a proposal or wedding that I had wanted. I cant help my anger because I know we only get one proposal and one wedding. What I wanted will never happen. I have been working on my feelings for the past year and half to get over it. I try to focus on our marriage but every time I see someone have the best proposals and weddings I get upset. I know it is selfish and I know its petty but I just can't control it. It's ruining our relationship because I constantly think about it. Plus, I get mad at him for small things because I am trying to hide the fact that I am so disappointed. Why can't I move on?",marriage,human,0.18548895493227818,0.4445465668398357
sbert_correct_tfidf_wrong,935,0,0.5003174684732489,1,0.3162906643303091,0,0.6086025,0,127,0,"Yes, as a therapist, it is common to find that some clients may be more difficult to work with than others.",0,107,0,0,5,"Yes, as a therapist, it is common to find that some clients may be more difficult to work with than others. Several challenges can arise in the therapeutic process. A client may be resistant to change or unwilling to participate actively in their recovery process. They might be skeptical about therapy and lack trust in the process or the therapist. Some clients may have difficulties in expressing their feelings or thoughts, making it hard to understand their issues. Clients with complex mental health conditions or severe symptoms can also be challenging to manage. There could be cultural or language barriers that make communication difficult. Additionally, managing boundaries can be an issue if a client becomes overly dependent or if they cross personal boundaries. It's important to remember that these difficulties are part of the therapeutic process and provide opportunities for growth and learning for both the therapist and the client. By applying empathy, patience, respect, and professional skills, these challenges can be effectively navigated.",questionID_939,Are some clients more difficult than others?,What are some difficulties that a counselor can encounter when dealing with a client?,counseling-fundamentals,gpt4,0.1837093356696909,0.4750702109345193
sbert_correct_tfidf_wrong,2109,0,0.5024294628711781,1,0.4408097116301942,0,0.67580587,1,281,4,"When you feel stressed, try to pause and recognize the emotional trigger.",327,400,0,0,5,"I'm so glad you're reaching out for help with this challenging issue. First, please know that you're not alone, and binge eating is a common struggle for many people. It's great that you're acknowledging the pattern and seeking ways to break the cycle. To start, it's essential to address the emotional aspect of binge eating. When you feel stressed, try to pause and recognize the emotional trigger. Take a few deep breaths, and ask yourself what you're feeling and what you need in that moment. 

Consider alternative coping mechanisms, such as journaling, meditation, or talking to a trusted friend or family member. Physical activity can be helpful, but it's crucial to separate exercise from punishment or calorie compensation. Instead, focus on gentle, self-care activities like yoga or walking, which can help you connect with your body in a positive way.

It might be helpful to work with a registered dietitian or a therapist who specializes in eating disorders to develop a personalized plan. They can help you identify your triggers, develop a healthier relationship with food, and work through the shame and guilt associated with binge eating. Additionally, consider keeping a food and mood journal to track your eating patterns and identify potential triggers.

Remember, recovery from binge eating is a journey, and it's okay to take it one step at a time. Be patient and compassionate with yourself, and celebrate small victories along the way. You deserve to develop a positive and loving relationship with food and your body.",questionID_712,How do I handle my binge eating?,"I have a problem with binge eating, especially during times of stress. I binge eat and feel so overwhelmed with shame and disappointment that I end up going to the gym and trying to exercise the calories off. I am in my late 20s, and I have been dealing with this since I was a teenager. Are there any coping mechanisms I can use to break this cycle?",eating-disorders,llama3,0.17580587000000003,0.5396816815004574
sbert_correct_tfidf_wrong,2127,0,0.5000988445787014,1,0.495431411786159,0,0.331998,0,283,3,Consider finding someone trained in Dialectic Behavior Therapy (DBT).,539,608,0,0,5,"In dealing with an eating disorder you are far from alone.  It is more common than you might think and tied to so many variables that it is easy for an individual to become overwhelmed in trying to navigate the influences of such variables.  I have been working with individuals dealing with such challenges since 1998 and have found over the years that behavioral analysis is highly effective in helping you begin to isolate, understand and then be able to address many of these variable impacting your behavioral and cognitive choices.  Consider finding someone trained in Dialectic Behavior Therapy (DBT).  There is a large body of evidence supporting the use of this approach to alleviating many of the aspects you identified in your post as well of a wide variety of tools that you can choose from and utilize that are able to practiced and assimilated into your daily tool box of coping mechanisms that end up becoming new behaviors and ways of thinking about issues that become automatic, the best possible outcome you can hope for if you want the solution to be sustainable.",questionID_712,How do I handle my binge eating?,"I have a problem with binge eating, especially during times of stress. I binge eat and feel so overwhelmed with shame and disappointment that I end up going to the gym and trying to exercise the calories off. I am in my late 20s, and I have been dealing with this since I was a teenager. Are there any coping mechanisms I can use to break this cycle?",eating-disorders,human,0.16800199999999998,0.4425094187882868
sbert_correct_tfidf_wrong,72,0,0.5030800801545922,1,0.4373453715643071,0,0.66644603,1,9,8,"Try to stay calm, focus on what you can control, and prioritize your own well-being.",898,982,0,0,5,"I'm so sorry to hear that you're going through this uncertain and stressful situation. It's completely understandable that you're feeling anxious and concerned about your boyfriend's health. The lack of information from the hospital can be frustrating, but it's likely due to patient confidentiality laws and protocols. 

In the meantime, take care of yourself during this challenging time. Reach out to friends, family, or a support group for emotional support. You can also try contacting the hospital's social work department or patient advocate to see if they can provide any guidance or support. 

Remember that you have the right to be informed about your boyfriend's condition if he has designated you as his emergency contact or healthcare proxy. If you haven't already, you may want to ask him if he has completed any advance directives or if he would like you to be his representative. 

Try to stay calm, focus on what you can control, and prioritize your own well-being. Keep in mind that the hospital staff is working to provide the best care for your boyfriend, and it's possible that they will be able to share more information with you soon. Sending you positive thoughts and hoping for your boyfriend's speedy recovery.",questionID_886,My boyfriend is in the hospital. They won’t tell me what’s wrong and if or when he’s coming back,,legal-regulatory,llama3,0.16644603000000002,0.5356238272396331
sbert_correct_tfidf_wrong,77,0,0.5111488369347087,1,0.4085781894406004,0,0.665374,1,10,2,"If you're able to find out who his designated contact person is at the hospital, they might be able to provide you with more information.",187,324,0,0,5,"I'm truly sorry you're going through this; the uncertainty and lack of information must be incredibly distressing. It's understandable to feel overwhelmed and helpless in this situation. If you're able to find out who his designated contact person is at the hospital, they might be able to provide you with more information. In the meantime, please remember to take care of yourself and consider reaching out to your support network or a crisis hotline for emotional support during this difficult time.",questionID_886,My boyfriend is in the hospital. They won’t tell me what’s wrong and if or when he’s coming back,,legal-regulatory,gemini,0.16537400000000002,0.5283670087917697
sbert_correct_tfidf_wrong,1934,0,0.5020591607993039,1,0.4473982248114224,0,0.33529735,0,261,3,So you are definitely not alone.,345,377,0,0,5,"There are some struggles that are less ""obvious"" than others, an eating disorder being one of them. From just your personal experience alone you might realize how easy it may seem to keep such a secret from those around you. In the same way, there are many people who struggle secretly with this problem and not many people know or even notice. So you are definitely not alone. Low self-esteem or lack of confidence in some areas are issues that EVERY teen, in fact EVERY person, has experienced at some point. These feelings are ""normal."" It sounds, though, as if these feelings of insecurity and inadequacy have begun to consume your every day thoughts and behaviors bringing you to where you are today - comparing yourself to others, purging, and feeling extreme guilt. Sometimes it's best if we seek outside help, instead of trying to tackle problems on our own. Breaking habits that come along with an eating disorder really requires the help of a doctor, nutritionist, and a therapist who can help change your perspective from the inside out! Hope this helps!",questionID_346,"I feel like I'm this dumb fat girl that no one likes, and everything is my fault. Are these normal teenage girl feelings?","Everyone around me is much smarter and flaunts it. Everyone around me is skinny, and here I am trying to throw up so I'm not fat. Everything I do is wrong, and I can't seem to do anything right! No one else at school seems to feel the way I do! Is this normal teenage girls feelings? I don't think these feelings are normal.",self-esteem,human,0.16470265,0.42825157853690876
sbert_correct_tfidf_wrong,281,0,0.5021857397519758,1,0.3391144072028026,0,0.6142652,0,38,4,"Also, during your discussion, find out the exact ways the morning sickness affects your daughter in law.",505,609,0,0,5,"Have you reached your own conclusions and reasons for these, regarding the topic?   When you feel confident in your own reasons for your conclusions, then obviously ask your daughter in law for some time together and tell her what you think and your reasons for opinions.Plan for this meeting according to the type of relationship you have with your daughter in law.Since your son will also be affected by the prenatal conditions of his child, he may also be interested in being part of this conversation.Also, during your discussion, find out the exact ways the morning sickness affects your daughter in law.It is possible that scheduling adjustments in routines can be made so your daughter has more time to rest or fewer responsibilities for a while until she feels better.Maybe you and other family members can lighten her daily routines so she has more time for herself to manage her morning sickness in a less risky way.Sending Good luck!",questionID_624,My daughter-in-law is smoking marijuana while pregnant,"My new daughter-in-law just informed me that she is smoking marijuana while pregnant because of her morning sickness. I’m in shock and I don’t know how to respond. I just lost my mom, and she was good with advice.",substance-abuse,human,0.16088559279719739,0.4851884489849261
sbert_correct_tfidf_wrong,2126,0,0.5007851109765667,1,0.3420791267235699,0,0.40041736,0,283,2,"I have been working with individuals dealing with such challenges since 1998 and have found over the years that behavioral analysis is highly effective in helping you begin to isolate, understand and then be able to address many of these variable impacting your behavioral and cognitive choices.",242,537,0,0,5,"In dealing with an eating disorder you are far from alone.  It is more common than you might think and tied to so many variables that it is easy for an individual to become overwhelmed in trying to navigate the influences of such variables.  I have been working with individuals dealing with such challenges since 1998 and have found over the years that behavioral analysis is highly effective in helping you begin to isolate, understand and then be able to address many of these variable impacting your behavioral and cognitive choices.  Consider finding someone trained in Dialectic Behavior Therapy (DBT).  There is a large body of evidence supporting the use of this approach to alleviating many of the aspects you identified in your post as well of a wide variety of tools that you can choose from and utilize that are able to practiced and assimilated into your daily tool box of coping mechanisms that end up becoming new behaviors and ways of thinking about issues that become automatic, the best possible outcome you can hope for if you want the solution to be sustainable.",questionID_712,How do I handle my binge eating?,"I have a problem with binge eating, especially during times of stress. I binge eat and feel so overwhelmed with shame and disappointment that I end up going to the gym and trying to exercise the calories off. I am in my late 20s, and I have been dealing with this since I was a teenager. Are there any coping mechanisms I can use to break this cycle?",eating-disorders,human,0.15792087327643012,0.41442719923337884
sbert_correct_tfidf_wrong,2152,0,0.5005630751024445,1,0.4153178410670508,0,0.3431449,0,287,1,There are however a few types of counselor-to-counselor relationships that are prohibited by the ethics codes.,71,181,0,0,5,"Generally, the ethical codes only prohibit relationships with clients. There are however a few types of counselor-to-counselor relationships that are prohibited by the ethics codes. Such prohibited relationships include those between supervisors and supervisees; between professors and students; or any time the relationship might negatively impact your (or their) clients. Lastly, some workplaces have rules against dating coworkers. It would be a good idea to check if there is such a rule that applies to you.",questionID_401,Is it unethical to have a relationship with a fellow counselor?,Does this go against any ethical codes? Are there legal ramifications?,workplace-relationships,human,0.15685510000000003,0.4196752720564984
sbert_correct_tfidf_wrong,282,0,0.5067562172865635,1,0.4784867679566728,0,0.6536274,1,38,5,It is possible that scheduling adjustments in routines can be made so your daughter has more time to rest or fewer responsibilities for a while until she feels better.,609,776,0,0,5,"Have you reached your own conclusions and reasons for these, regarding the topic?   When you feel confident in your own reasons for your conclusions, then obviously ask your daughter in law for some time together and tell her what you think and your reasons for opinions.Plan for this meeting according to the type of relationship you have with your daughter in law.Since your son will also be affected by the prenatal conditions of his child, he may also be interested in being part of this conversation.Also, during your discussion, find out the exact ways the morning sickness affects your daughter in law.It is possible that scheduling adjustments in routines can be made so your daughter has more time to rest or fewer responsibilities for a while until she feels better.Maybe you and other family members can lighten her daily routines so she has more time for herself to manage her morning sickness in a less risky way.Sending Good luck!",questionID_624,My daughter-in-law is smoking marijuana while pregnant,"My new daughter-in-law just informed me that she is smoking marijuana while pregnant because of her morning sickness. I’m in shock and I don’t know how to respond. I just lost my mom, and she was good with advice.",substance-abuse,human,0.15362739999999997,0.546290128414412
sbert_correct_tfidf_wrong,269,0,0.500575868821778,1,0.360438202946181,0,0.61045194,0,36,5,"I've heard that marijuana can have unknown effects on the fetus, and I'm worried about the potential risks.",825,932,0,0,5,"I'm so sorry to hear about your loss, and I can understand why you're seeking guidance during this challenging time. Regarding your daughter-in-law's situation, it's natural to feel concerned about her decision to smoke marijuana while pregnant. While some studies suggest that marijuana may help alleviate morning sickness, the American College of Obstetricians and Gynecologists (ACOG) and other reputable health organizations recommend avoiding marijuana use during pregnancy due to potential risks to the fetus, such as low birth weight and developmental delays.

When responding to your daughter-in-law, approach the conversation with empathy and concern for her well-being, rather than judgment or criticism. You might say something like, ""I care about you and the baby, and I want to make sure you're both doing well. I've heard that marijuana can have unknown effects on the fetus, and I'm worried about the potential risks. Have you talked to your doctor about your morning sickness and explored other treatment options?"" This can help open a dialogue and encourage her to consult with her healthcare provider about safer alternatives for managing her symptoms. Remember to prioritize your relationship with your daughter-in-law and avoid being confrontational, as this may lead to defensiveness and make the situation more challenging to navigate.",questionID_624,My daughter-in-law is smoking marijuana while pregnant,"My new daughter-in-law just informed me that she is smoking marijuana while pregnant because of her morning sickness. I’m in shock and I don’t know how to respond. I just lost my mom, and she was good with advice.",substance-abuse,llama3,0.139561797053819,0.49048867058931966
sbert_correct_tfidf_wrong,1919,0,0.5002285021853556,1,0.361438047630121,0,0.40735143,0,259,7,"Your feelings of self-doubt, low self-esteem, and inadequacy are not uncommon, but they can be overwhelming and damaging if left unaddressed.",787,928,0,0,5,"I'm so glad you reached out for support. What you're describing are common struggles that many teenage girls face, but that doesn't mean they're normal or healthy. It's understandable to feel insecure or compare yourself to others, especially during adolescence when you're figuring out your identity. However, the intensity of your feelings and the behaviors you're considering, such as throwing up to lose weight, are not normal or healthy.

It's essential to recognize that everyone has their unique strengths, weaknesses, and struggles, regardless of their appearance or intellect. The idea that everyone around you is smarter, skinnier, or more capable is likely an exaggerated perception. People often present a curated version of themselves, hiding their flaws and insecurities.

Your feelings of self-doubt, low self-esteem, and inadequacy are not uncommon, but they can be overwhelming and damaging if left unaddressed. It's crucial to talk to someone you trust, such as a parent, teacher, school counselor, or mental health professional, about how you're feeling. They can help you develop coping strategies, work through your emotions, and provide support and guidance.

Remember, you are not alone, and your feelings are valid. It takes courage to acknowledge and share your struggles, and I'm proud of you for taking this first step. Please consider reaching out to a trusted adult or a helpline, such as the National Eating Disorders Association (NEDA) Helpline (1-800-931-2237) or the Crisis Text Line (text ""HOME"" to 741741), for immediate support. You deserve to feel seen, heard, and supported.",questionID_346,"I feel like I'm this dumb fat girl that no one likes, and everything is my fault. Are these normal teenage girl feelings?","Everyone around me is much smarter and flaunts it. Everyone around me is skinny, and here I am trying to throw up so I'm not fat. Everything I do is wrong, and I can't seem to do anything right! No one else at school seems to feel the way I do! Is this normal teenage girls feelings? I don't think these feelings are normal.",self-esteem,llama3,0.138561952369879,0.42300599327182553
sbert_correct_tfidf_wrong,1466,0,0.5014248810509921,1,0.4976728111355352,0,0.36532357,0,201,3,"Even after a few sessions, it's not unusual to still feel some level of apprehension.",326,411,0,0,5,"It's completely normal to feel nervous or anxious when attending therapy sessions, especially in the initial stages. This is a common phenomenon, and many people experience it. The nervousness can stem from various factors, such as fear of vulnerability, uncertainty about the therapy process, or concerns about being judged. Even after a few sessions, it's not unusual to still feel some level of apprehension. 

This nervousness can actually be a sign that you're taking a significant step towards addressing your mental health, which can be a daunting but ultimately rewarding process. It might help to remember that your therapist is there to support and guide you, not to judge you. They are trained to create a safe and non-judgmental space for you to express yourself.

If you feel comfortable, you could discuss your nervousness with your therapist. They can offer reassurance, help you understand the source of your anxiety, and work with you to develop coping strategies to manage your nerves. Remember, therapy is a process, and it's okay to take things at your own pace. With time and as you become more comfortable with the process and your therapist, your nervousness may decrease, allowing you to fully engage with and benefit from your therapy sessions.",questionID_146,Is it normal to go into therapy feeling nervous?,I've gone to a couple therapy sessions so far and still everytime I walk in I get nervous and shaky. Is this normal? Should I still be feeling like this?,anxiety,llama3,0.13467643,0.45480708739550907
sbert_correct_tfidf_wrong,1470,0,0.500039908415246,1,0.3685966175660837,0,0.4080859,0,201,7,"If you feel comfortable, you could discuss your nervousness with your therapist.",777,857,0,0,5,"It's completely normal to feel nervous or anxious when attending therapy sessions, especially in the initial stages. This is a common phenomenon, and many people experience it. The nervousness can stem from various factors, such as fear of vulnerability, uncertainty about the therapy process, or concerns about being judged. Even after a few sessions, it's not unusual to still feel some level of apprehension. 

This nervousness can actually be a sign that you're taking a significant step towards addressing your mental health, which can be a daunting but ultimately rewarding process. It might help to remember that your therapist is there to support and guide you, not to judge you. They are trained to create a safe and non-judgmental space for you to express yourself.

If you feel comfortable, you could discuss your nervousness with your therapist. They can offer reassurance, help you understand the source of your anxiety, and work with you to develop coping strategies to manage your nerves. Remember, therapy is a process, and it's okay to take things at your own pace. With time and as you become more comfortable with the process and your therapist, your nervousness may decrease, allowing you to fully engage with and benefit from your therapy sessions.",questionID_146,Is it normal to go into therapy feeling nervous?,I've gone to a couple therapy sessions so far and still everytime I walk in I get nervous and shaky. Is this normal? Should I still be feeling like this?,anxiety,llama3,0.1314033824339163,0.4255741419937766
sbert_correct_tfidf_wrong,258,0,0.5015366590027942,1,0.4962997092438498,0,0.63028556,0,35,1,It's understandable that you are concerned.,119,162,0,0,5,"I'm really sorry to hear about your mom's passing and the situation you're currently facing with your daughter-in-law. It's understandable that you are concerned. Her use of marijuana during pregnancy could potentially affect the health of the unborn child. It's generally recommended to approach such situations with calm and understanding. You might start by expressing your concern, letting her know you're coming from a place of care for her and the baby. Perhaps encourage her to consult with a healthcare provider about safer alternatives for managing her morning sickness. Remember, this is a delicate situation and it's important to maintain respect and empathy throughout the conversation.",questionID_624,My daughter-in-law is smoking marijuana while pregnant,"My new daughter-in-law just informed me that she is smoking marijuana while pregnant because of her morning sickness. I’m in shock and I don’t know how to respond. I just lost my mom, and she was good with advice.",substance-abuse,gpt4,0.13028556000000002,0.542707309415548
sbert_correct_tfidf_wrong,1439,0,0.5019653095893144,1,0.5341059264507662,0,0.37956202,0,197,2,"To address this, consider having an open and honest conversation with your wife about how her behavior is affecting you.",187,307,0,0,5,"It sounds like you're feeling frustrated, hurt, and possibly even defensive in your relationship. The constant accusations and lack of acknowledgment of her own mistakes can be draining. To address this, consider having an open and honest conversation with your wife about how her behavior is affecting you. Use ""I"" statements to express your feelings, such as ""I feel disrespected when you accuse me of cheating without any evidence"" or ""I feel like I'm walking on eggshells around you, never knowing what will trigger an argument."" 

It's also essential to understand that her behavior might be a sign of her own insecurities or past experiences. Approach the conversation with empathy, but also set clear boundaries and expectations for how you want to be treated in the relationship. Regarding the ""sweetheart"" example, you could explain that it's a harmless term you use in a professional setting, and reassure her that it doesn't imply any romantic or intimate intentions.

However, it's crucial to recognize that you can't force someone to understand or admit their mistakes. If your wife is unwilling to listen, reflect on her actions, or work on rebuilding trust, it may be a sign of deeper issues in the relationship. In such cases, couples therapy can be beneficial in addressing these concerns and improving communication. Remember that your emotional well-being is important, and it's okay to prioritize your own needs and seek support if the relationship becomes toxic or unsustainable.",questionID_391,Why do I feel like I'm always wrong in everything in my relationship?,"My wife is always accusing me of cheating and telling me that I'm doing things she finds disrespectful even when I don't mean it like that. For example, she gets offended when I call someone at work ""sweetheart."" I wish I had a penny for every time she accused me of cheating on her. She doesn't, and never will say she was wrong. How do I get her to understand?",workplace-relationships,llama3,0.12043798,0.4718777520133602
sbert_correct_tfidf_wrong,1111,0,0.5014583786461488,1,0.3825296776802737,0,0.48792702,0,151,5,"In the meantime, try to approach conversations with empathy, patience, and the intention to understand each other's perspectives.",523,652,0,0,5,"I'm really sorry to hear that you're going through this. Communication issues can be quite challenging in a relationship. It's important to remember that resolution and effective communication require effort from both parties. It might be helpful to consider seeking assistance from a couples counselor or therapist to facilitate open, respectful, and productive conversations. This professional guidance could provide both of you with the tools and strategies needed to express feelings and address issues constructively. In the meantime, try to approach conversations with empathy, patience, and the intention to understand each other's perspectives. It's also important to ensure your own wellbeing, so please consider individual therapy or support as well. Remember, it's not your responsibility to bear all the weight of these issues. This needs to be a mutual effort, and professional help can often be the catalyst for that change.",questionID_754,Why do my boyfriend and I have such trouble communicating?,"We’ve been together almost three years. We argue and he ends it by telling me he doesn’t love me. It's hurtful because I am all about resolving the problem, and he dwells on the issue even if I drop what he's done and just swallow my pride and say I am sorry. How can this be resolved? We have kids, and I don't want a broken family because we can't communicate.",relationships,gpt4,0.11747032231972632,0.45730502544214086
tfidf_correct_albert_wrong,268,0,0.4976577612871484,0,0.5011826389873872,0,0.8113571,1,36,4,"You might say something like, ""I care about you and the baby, and I want to make sure you're both doing well.",715,824,0,0,5,"I'm so sorry to hear about your loss, and I can understand why you're seeking guidance during this challenging time. Regarding your daughter-in-law's situation, it's natural to feel concerned about her decision to smoke marijuana while pregnant. While some studies suggest that marijuana may help alleviate morning sickness, the American College of Obstetricians and Gynecologists (ACOG) and other reputable health organizations recommend avoiding marijuana use during pregnancy due to potential risks to the fetus, such as low birth weight and developmental delays.

When responding to your daughter-in-law, approach the conversation with empathy and concern for her well-being, rather than judgment or criticism. You might say something like, ""I care about you and the baby, and I want to make sure you're both doing well. I've heard that marijuana can have unknown effects on the fetus, and I'm worried about the potential risks. Have you talked to your doctor about your morning sickness and explored other treatment options?"" This can help open a dialogue and encourage her to consult with her healthcare provider about safer alternatives for managing her symptoms. Remember to prioritize your relationship with your daughter-in-law and avoid being confrontational, as this may lead to defensiveness and make the situation more challenging to navigate.",questionID_624,My daughter-in-law is smoking marijuana while pregnant,"My new daughter-in-law just informed me that she is smoking marijuana while pregnant because of her morning sickness. I’m in shock and I don’t know how to respond. I just lost my mom, and she was good with advice.",substance-abuse,llama3,0.31135710000000005,0.6033991667581785
tfidf_correct_albert_wrong,1936,0,0.4987150203328419,0,0.5227996946156744,0,0.78428197,1,261,5,"These feelings are ""normal.""",511,539,0,0,5,"There are some struggles that are less ""obvious"" than others, an eating disorder being one of them. From just your personal experience alone you might realize how easy it may seem to keep such a secret from those around you. In the same way, there are many people who struggle secretly with this problem and not many people know or even notice. So you are definitely not alone. Low self-esteem or lack of confidence in some areas are issues that EVERY teen, in fact EVERY person, has experienced at some point. These feelings are ""normal."" It sounds, though, as if these feelings of insecurity and inadequacy have begun to consume your every day thoughts and behaviors bringing you to where you are today - comparing yourself to others, purging, and feeling extreme guilt. Sometimes it's best if we seek outside help, instead of trying to tackle problems on our own. Breaking habits that come along with an eating disorder really requires the help of a doctor, nutritionist, and a therapist who can help change your perspective from the inside out! Hope this helps!",questionID_346,"I feel like I'm this dumb fat girl that no one likes, and everything is my fault. Are these normal teenage girl feelings?","Everyone around me is much smarter and flaunts it. Everyone around me is skinny, and here I am trying to throw up so I'm not fat. Everything I do is wrong, and I can't seem to do anything right! No one else at school seems to feel the way I do! Is this normal teenage girls feelings? I don't think these feelings are normal.",self-esteem,human,0.28428197,0.601932228316172
tfidf_correct_albert_wrong,378,0,0.4982853579583817,0,0.6235093734796768,1,0.77959085,1,51,3,Pay attention to your hunger and fullness cues.,182,229,0,0,5,"It sounds like you're struggling with mindful eating, and I want to assure you that you're not alone in this. Here are a few strategies that might help:

1. Practice Mindful Eating: Pay attention to your hunger and fullness cues. Eat slowly and deliberately, savoring every bite. This can help you become more aware of when you're actually full.

2. Eat Regular, Balanced Meals: Skipping meals or eating irregularly can lead to overeating. Try to have regular, balanced meals filled with protein, fiber, and healthy fats to keep you satisfied.

3. Manage Your Environment: Limit the availability of sweets or tempting foods in your home. If they're not readily accessible, you're less likely to overindulge.

4. Seek Support: Sometimes, it helps to talk about these issues. A support group, a dietitian, or a mental health professional can provide additional strategies and coping mechanisms.

5. Practice Self-Compassion: It's okay to have off days. Don't be too hard on yourself if you slip up. Remember, it's about progress, not perfection.

If you find that these strategies aren't enough or if your eating habits are causing you distress, it might be beneficial to seek help from a mental health professional. They can provide you with more personalized strategies and could also explore if there's an underlying emotional issue that needs to be addressed.",questionID_714,How can I train myself to stop eating when I'm full?,"I have no self control over food. Most people stop when they've had enough, but I keep eating for the pleasure of it. Especially with sweets - I'm never done eating dessert.",eating-disorders,gpt4,0.27959084999999995,0.6337951938126861
tfidf_correct_albert_wrong,2576,1,0.5078962227879311,1,0.7559251083290117,1,0.32025638,0,335,8,Good luck in finding your relationship happiness!,1014,1063,1,1,5,"I'm sorry for the stress and unhappiness stemming the problem you describe.Trust your instinct that there is more complexity to feeling good about being in a partnership than simply wanting this to happen.In any relationship, the complexities of each person combine.   Often people accept when this feels good and are lost as to what to do when natural human complexity, doesn't match up with our partner in the way we'd like.A couples' therapist would be able to help each of you talk about the factors motivating the cheating, as well as clarify the reasons you each have for continuing to stay together. The unique advantage of couple's therapy is that each person is able to hear their partner talk out loud about themselves and their partner.This is sometimes enormously helpful since our inner thoughts are often hidden yet very dominant in how we direct ourselves in relationships.Sometimes the initial consult session offers enough new understanding that a second session wouldn't be necessary for a while.Good luck in finding your relationship happiness!",questionID_732,My fiancé cheated. How can we mend our relationship?,"I'm in a relationship with my fiancé and I currently found out that she's been cheating on me with a co-worker. I was very upset none the less. I understand what she did was wrong, but I want to spend the rest of my life with her. So I'm willing to forgive and move on. We have been together for a little over 9 years, and we have a son. At the beginning of our relationship, I was unfaithful and she caught me cheating. She forgave me for what I've done to her and since then I been completely faithful. I'm worried about our relationship and want to move forward but its been very unsettling. All I can think about is her with another man. I don't know what to do or where to go for advice?",relationships,human,0.2559251083290117,0.5280259037056476
tfidf_correct_albert_wrong,2102,0,0.4983004822762976,0,0.6547476766813278,1,0.7386644,1,280,7,"Instead, view it as a way to strengthen and care for your body.",720,783,0,0,5,"I'm really sorry to hear that you're struggling with this, but please know that you're not alone and it's commendable that you're seeking help. Binge eating can often be a coping mechanism for stress and other emotions, so it's important to find healthy alternatives. Cognitive behavioral therapy (CBT) can be very effective in addressing binge eating by helping you to understand your triggers and develop healthier responses. Mindful eating, where you focus on the taste, texture, and feelings of fullness, can also be beneficial. Regular, balanced meals can prevent extreme hunger that often leads to binging. Physical activity is important for overall health, but try not to use exercise as a punishment for eating. Instead, view it as a way to strengthen and care for your body. Reach out to a mental health professional who can provide you with more personalized strategies and consider joining a support group where you can connect with others facing the same challenges. Remember, it's okay to seek help and recovery is absolutely possible.",questionID_712,How do I handle my binge eating?,"I have a problem with binge eating, especially during times of stress. I binge eat and feel so overwhelmed with shame and disappointment that I end up going to the gym and trying to exercise the calories off. I am in my late 20s, and I have been dealing with this since I was a teenager. Are there any coping mechanisms I can use to break this cycle?",eating-disorders,gpt4,0.2386644,0.6305708529858751
tfidf_correct_albert_wrong,379,0,0.496201771402249,0,0.3817503256973602,0,0.7274371,1,51,4,"Eat slowly and deliberately, savoring every bite.",230,279,0,0,5,"It sounds like you're struggling with mindful eating, and I want to assure you that you're not alone in this. Here are a few strategies that might help:

1. Practice Mindful Eating: Pay attention to your hunger and fullness cues. Eat slowly and deliberately, savoring every bite. This can help you become more aware of when you're actually full.

2. Eat Regular, Balanced Meals: Skipping meals or eating irregularly can lead to overeating. Try to have regular, balanced meals filled with protein, fiber, and healthy fats to keep you satisfied.

3. Manage Your Environment: Limit the availability of sweets or tempting foods in your home. If they're not readily accessible, you're less likely to overindulge.

4. Seek Support: Sometimes, it helps to talk about these issues. A support group, a dietitian, or a mental health professional can provide additional strategies and coping mechanisms.

5. Practice Self-Compassion: It's okay to have off days. Don't be too hard on yourself if you slip up. Remember, it's about progress, not perfection.

If you find that these strategies aren't enough or if your eating habits are causing you distress, it might be beneficial to seek help from a mental health professional. They can provide you with more personalized strategies and could also explore if there's an underlying emotional issue that needs to be addressed.",questionID_714,How can I train myself to stop eating when I'm full?,"I have no self control over food. Most people stop when they've had enough, but I keep eating for the pleasure of it. Especially with sweets - I'm never done eating dessert.",eating-disorders,gpt4,0.22743709999999995,0.5351297323665364
tfidf_correct_albert_wrong,277,1,0.5025374250854331,1,0.6840035506256152,1,0.28009352,0,38,0,"Have you reached your own conclusions and reasons for these, regarding the topic?",0,81,1,1,5,"Have you reached your own conclusions and reasons for these, regarding the topic?   When you feel confident in your own reasons for your conclusions, then obviously ask your daughter in law for some time together and tell her what you think and your reasons for opinions.Plan for this meeting according to the type of relationship you have with your daughter in law.Since your son will also be affected by the prenatal conditions of his child, he may also be interested in being part of this conversation.Also, during your discussion, find out the exact ways the morning sickness affects your daughter in law.It is possible that scheduling adjustments in routines can be made so your daughter has more time to rest or fewer responsibilities for a while until she feels better.Maybe you and other family members can lighten her daily routines so she has more time for herself to manage her morning sickness in a less risky way.Sending Good luck!",questionID_624,My daughter-in-law is smoking marijuana while pregnant,"My new daughter-in-law just informed me that she is smoking marijuana while pregnant because of her morning sickness. I’m in shock and I don’t know how to respond. I just lost my mom, and she was good with advice.",substance-abuse,human,0.21990648000000002,0.48887816523701605
tfidf_correct_albert_wrong,504,1,0.5018406295271214,1,0.2903297751062459,0,0.47852248,0,68,2,My recommendation is always to call and speak with a therapist over the phone before scheduling an appointment.,248,359,2,2,5,"Hello, There are many ways to approach a counselor and starting the process, however they all start with picking up the phone.  It's most definitely an uncomfortable feeling, but once that first step is taken it is often met with a wave of relief. My recommendation is always to call and speak with a therapist over the phone before scheduling an appointment. Listening to how they converse, use their tone and inflection, may give you a brief insight to how they will respond to you and increase your comfort right away. You may also discover, rather quickly, that this therapist is not the right match for you.Regardless of how you go about it, I like to remind all people who call, email, text or walk-in, therapists are a bit like pizzas - if you don't like the toppings, send it back! There are hundreds of therapists offering all kinds of styles of therapy - take the time to pick one that suits you.",questionID_936,How does someone approach a counselor?,How does a person start the counseling process?,counseling-fundamentals,human,0.2096702248937541,0.4235642948777891
tfidf_correct_albert_wrong,1930,0,0.4942423482642807,0,0.4895555880987394,0,0.70642835,1,260,4,"You deserve to feel better, and there are people who care and want to help.",654,729,0,0,5,"It sounds like you're experiencing a lot of difficult emotions right now, and it's important to know that you're not alone and help is available. While some insecurity is common during teenage years, the intensity of your feelings, particularly regarding your body image and potential self-harm (throwing up), suggests reaching out for support is crucial. I strongly recommend talking to a trusted adult like a parent, school counselor, or teacher, and consider contacting a crisis hotline or seeking professional help from a therapist or counselor. They can provide you with a safe space to explore these feelings and develop healthy coping strategies. You deserve to feel better, and there are people who care and want to help.",questionID_346,"I feel like I'm this dumb fat girl that no one likes, and everything is my fault. Are these normal teenage girl feelings?","Everyone around me is much smarter and flaunts it. Everyone around me is skinny, and here I am trying to throw up so I'm not fat. Everything I do is wrong, and I can't seem to do anything right! No one else at school seems to feel the way I do! Is this normal teenage girls feelings? I don't think these feelings are normal.",self-esteem,gemini,0.20642835000000004,0.5634087621210067
tfidf_correct_albert_wrong,1114,0,0.4988330751861972,0,0.3729155761518405,0,0.6986869,1,151,8,"This needs to be a mutual effort, and professional help can often be the catalyst for that change.",840,938,0,0,5,"I'm really sorry to hear that you're going through this. Communication issues can be quite challenging in a relationship. It's important to remember that resolution and effective communication require effort from both parties. It might be helpful to consider seeking assistance from a couples counselor or therapist to facilitate open, respectful, and productive conversations. This professional guidance could provide both of you with the tools and strategies needed to express feelings and address issues constructively. In the meantime, try to approach conversations with empathy, patience, and the intention to understand each other's perspectives. It's also important to ensure your own wellbeing, so please consider individual therapy or support as well. Remember, it's not your responsibility to bear all the weight of these issues. This needs to be a mutual effort, and professional help can often be the catalyst for that change.",questionID_754,Why do my boyfriend and I have such trouble communicating?,"We’ve been together almost three years. We argue and he ends it by telling me he doesn’t love me. It's hurtful because I am all about resolving the problem, and he dwells on the issue even if I drop what he's done and just swallow my pride and say I am sorry. How can this be resolved? We have kids, and I don't want a broken family because we can't communicate.",relationships,gpt4,0.1986869,0.5234785171126792
tfidf_correct_albert_wrong,2563,1,0.5036583015002533,1,0.4461593659458528,0,0.31527323,0,333,11,"Remember that healing is not about forgetting or condoning the infidelity but about working together to create a stronger, more resilient relationship.",1128,1279,1,1,5,"I'm so sorry to hear about the pain and betrayal you're experiencing. Given your history and desire to move forward, it's essential to approach this situation with care and honesty. First, acknowledge that forgiveness is a process, and it may take time for both of you to heal. Consider couples therapy to work through your feelings and rebuild trust. It's crucial to have open and honest conversations about what happened, why it happened, and how you both can work together to prevent it in the future.

Reflect on your past infidelity and how your fiancé forgave you. Recognize that her cheating may be a symptom of deeper issues in your relationship, and it's essential to address these underlying problems. Make sure you're both on the same page regarding your commitment to the relationship and your son.

To overcome the unsettling thoughts, try to focus on the present moment and the future you want to build together. Practice self-care, engage in activities that bring you joy, and prioritize quality time with your fiancé and son. Rebuilding trust will require effort, patience, and understanding from both parties.

Remember that healing is not about forgetting or condoning the infidelity but about working together to create a stronger, more resilient relationship. It's okay to seek help, and don't be afraid to reach out to a therapist or counselor who can provide guidance and support throughout this challenging time.",questionID_732,My fiancé cheated. How can we mend our relationship?,"I'm in a relationship with my fiancé and I currently found out that she's been cheating on me with a co-worker. I was very upset none the less. I understand what she did was wrong, but I want to spend the rest of my life with her. So I'm willing to forgive and move on. We have been together for a little over 9 years, and we have a son. At the beginning of our relationship, I was unfaithful and she caught me cheating. She forgave me for what I've done to her and since then I been completely faithful. I'm worried about our relationship and want to move forward but its been very unsettling. All I can think about is her with another man. I don't know what to do or where to go for advice?",relationships,llama3,0.18472676999999998,0.4216969658153687
tfidf_correct_albert_wrong,398,0,0.4968518780505811,0,0.3724079546172718,0,0.6754709,1,52,3,"It can also be helpful to use a hunger-fullness scale, where 1 is extremely hungry and 10 is extremely full.",374,482,0,0,5,"Developing self-control around food, especially sweets, can be challenging, but it's achievable with practice, patience, and the right strategies. To start, try to tune into your body's hunger and fullness cues by eating slowly and mindfully. Savor each bite, pay attention to the flavors, textures, and aromas, and stop eating when you feel satisfied, rather than stuffed. It can also be helpful to use a hunger-fullness scale, where 1 is extremely hungry and 10 is extremely full. Aim to stop eating when you reach a 7 or 8, when you feel content but not overly full.

Another strategy is to identify your emotional triggers for overeating, such as stress, boredom, or emotional events. Once you're aware of your triggers, you can develop alternative coping mechanisms, like going for a walk, practicing deep breathing, or engaging in a hobby. It's also essential to set realistic expectations and allow yourself to enjoy your favorite sweets in moderation, rather than depriving yourself and then overindulging.

Additionally, consider implementing some practical tips, such as using smaller plates, eating regular meals to avoid extreme hunger, and removing distractions while eating, like turning off the TV or putting away your phone. Remember that it takes time and effort to develop new habits, so be gentle with yourself and don't expect to change overnight. With consistent practice and self-compassion, you can develop a healthier relationship with food and learn to stop eating when you're full, rather than relying on willpower or self-control.",questionID_714,How can I train myself to stop eating when I'm full?,"I have no self control over food. Most people stop when they've had enough, but I keep eating for the pleasure of it. Especially with sweets - I'm never done eating dessert.",eating-disorders,llama3,0.17547089999999999,0.5149102442226177
tfidf_correct_albert_wrong,2559,1,0.5016682150338309,1,0.605116551377236,1,0.32721546,0,333,7,Make sure you're both on the same page regarding your commitment to the relationship and your son.,712,810,1,1,5,"I'm so sorry to hear about the pain and betrayal you're experiencing. Given your history and desire to move forward, it's essential to approach this situation with care and honesty. First, acknowledge that forgiveness is a process, and it may take time for both of you to heal. Consider couples therapy to work through your feelings and rebuild trust. It's crucial to have open and honest conversations about what happened, why it happened, and how you both can work together to prevent it in the future.

Reflect on your past infidelity and how your fiancé forgave you. Recognize that her cheating may be a symptom of deeper issues in your relationship, and it's essential to address these underlying problems. Make sure you're both on the same page regarding your commitment to the relationship and your son.

To overcome the unsettling thoughts, try to focus on the present moment and the future you want to build together. Practice self-care, engage in activities that bring you joy, and prioritize quality time with your fiancé and son. Rebuilding trust will require effort, patience, and understanding from both parties.

Remember that healing is not about forgetting or condoning the infidelity but about working together to create a stronger, more resilient relationship. It's okay to seek help, and don't be afraid to reach out to a therapist or counselor who can provide guidance and support throughout this challenging time.",questionID_732,My fiancé cheated. How can we mend our relationship?,"I'm in a relationship with my fiancé and I currently found out that she's been cheating on me with a co-worker. I was very upset none the less. I understand what she did was wrong, but I want to spend the rest of my life with her. So I'm willing to forgive and move on. We have been together for a little over 9 years, and we have a son. At the beginning of our relationship, I was unfaithful and she caught me cheating. She forgave me for what I've done to her and since then I been completely faithful. I'm worried about our relationship and want to move forward but its been very unsettling. All I can think about is her with another man. I don't know what to do or where to go for advice?",relationships,llama3,0.17278454,0.47800007547035567
tfidf_correct_albert_wrong,1913,0,0.4990120841380113,0,0.5213512993778531,0,0.66782683,1,259,1,"What you're describing are common struggles that many teenage girls face, but that doesn't mean they're normal or healthy.",41,163,0,0,5,"I'm so glad you reached out for support. What you're describing are common struggles that many teenage girls face, but that doesn't mean they're normal or healthy. It's understandable to feel insecure or compare yourself to others, especially during adolescence when you're figuring out your identity. However, the intensity of your feelings and the behaviors you're considering, such as throwing up to lose weight, are not normal or healthy.

It's essential to recognize that everyone has their unique strengths, weaknesses, and struggles, regardless of their appearance or intellect. The idea that everyone around you is smarter, skinnier, or more capable is likely an exaggerated perception. People often present a curated version of themselves, hiding their flaws and insecurities.

Your feelings of self-doubt, low self-esteem, and inadequacy are not uncommon, but they can be overwhelming and damaging if left unaddressed. It's crucial to talk to someone you trust, such as a parent, teacher, school counselor, or mental health professional, about how you're feeling. They can help you develop coping strategies, work through your emotions, and provide support and guidance.

Remember, you are not alone, and your feelings are valid. It takes courage to acknowledge and share your struggles, and I'm proud of you for taking this first step. Please consider reaching out to a trusted adult or a helpline, such as the National Eating Disorders Association (NEDA) Helpline (1-800-931-2237) or the Crisis Text Line (text ""HOME"" to 741741), for immediate support. You deserve to feel seen, heard, and supported.",questionID_346,"I feel like I'm this dumb fat girl that no one likes, and everything is my fault. Are these normal teenage girl feelings?","Everyone around me is much smarter and flaunts it. Everyone around me is skinny, and here I am trying to throw up so I'm not fat. Everything I do is wrong, and I can't seem to do anything right! No one else at school seems to feel the way I do! Is this normal teenage girls feelings? I don't think these feelings are normal.",self-esteem,llama3,0.16782682999999998,0.5627300711719547
tfidf_correct_albert_wrong,571,0,0.4963630972711735,0,0.5347791768184157,0,0.65947783,1,78,3,"For adults, therapists can encourage and support clients in seeking treatment, but ultimately, the decision to admit themselves to a facility is the client's.",364,522,0,0,5,"In most cases, a therapist cannot forcibly admit a client to an eating disorder treatment center against their will. However, there are exceptions and variations depending on the jurisdiction and specific circumstances. 

If the client is a minor, parents or legal guardians may have the authority to admit them to a treatment center, even if the minor resists. 

For adults, therapists can encourage and support clients in seeking treatment, but ultimately, the decision to admit themselves to a facility is the client's. That being said, if the therapist believes the client is at imminent risk of harming themselves or others due to their eating disorder, they may be able to initiate an involuntary commitment process, which typically involves notifying emergency services or a crisis hotline. 

Involuntary commitment laws vary by state and country, so it's essential for therapists to be familiar with local regulations and procedures. It's also crucial for therapists to maintain a collaborative and non-coercive therapeutic relationship, focusing on empowering clients to make informed decisions about their care. 

If you're concerned about a client's safety or well-being, it's best to consult with a supervisor, colleagues, or local mental health authorities to determine the most appropriate course of action. Prioritizing the client's autonomy while ensuring their safety is a delicate balance that requires careful consideration and expertise.",questionID_708,Can a therapist have a client admitted to an eating disorder treatment center if the client does not want to go?,,eating-disorders,llama3,0.15947783000000004,0.5635400346965298
tfidf_correct_albert_wrong,1121,0,0.4979104463817699,0,0.5459509699716915,0,0.6578776,1,152,6,"Since you're willing to apologize and move forward, it's crucial that your boyfriend also learns to let go of grudges and work towards resolving issues rather than dwelling on them.",874,1055,0,0,5,"It's concerning to hear that your boyfriend often ends arguments by saying he doesn't love you, as this can be emotionally distressing and damaging to your relationship. This pattern suggests that he may be using a form of emotional manipulation to control or punish you during conflicts. To address this issue, consider having an open and honest conversation with your boyfriend about how his words affect you. It's essential to express your feelings and concerns in a non-accusatory manner, focusing on the specific behavior that's causing harm.

Given your commitment to resolving problems and your desire to maintain a healthy family environment for your kids, it might be helpful to establish some ground rules for conflict resolution. This could include active listening, avoiding hurtful language, and making a genuine effort to understand each other's perspectives. Since you're willing to apologize and move forward, it's crucial that your boyfriend also learns to let go of grudges and work towards resolving issues rather than dwelling on them.

Couples therapy could be a valuable resource for you both, providing a safe and guided environment to explore your communication dynamics and work on developing healthier conflict resolution strategies. A professional therapist can help you identify patterns and behaviors that contribute to your communication challenges and offer tools and techniques to improve your interaction. By addressing these issues and learning to communicate more effectively, you can work towards strengthening your relationship and creating a more stable and loving environment for your family.",questionID_754,Why do my boyfriend and I have such trouble communicating?,"We’ve been together almost three years. We argue and he ends it by telling me he doesn’t love me. It's hurtful because I am all about resolving the problem, and he dwells on the issue even if I drop what he's done and just swallow my pride and say I am sorry. How can this be resolved? We have kids, and I don't want a broken family because we can't communicate.",relationships,llama3,0.15787759999999995,0.5672463387844872
tfidf_correct_albert_wrong,2558,1,0.5008848622694281,1,0.6098068894286778,1,0.4437573,0,333,6,"Recognize that her cheating may be a symptom of deeper issues in your relationship, and it's essential to address these underlying problems.",571,711,1,1,5,"I'm so sorry to hear about the pain and betrayal you're experiencing. Given your history and desire to move forward, it's essential to approach this situation with care and honesty. First, acknowledge that forgiveness is a process, and it may take time for both of you to heal. Consider couples therapy to work through your feelings and rebuild trust. It's crucial to have open and honest conversations about what happened, why it happened, and how you both can work together to prevent it in the future.

Reflect on your past infidelity and how your fiancé forgave you. Recognize that her cheating may be a symptom of deeper issues in your relationship, and it's essential to address these underlying problems. Make sure you're both on the same page regarding your commitment to the relationship and your son.

To overcome the unsettling thoughts, try to focus on the present moment and the future you want to build together. Practice self-care, engage in activities that bring you joy, and prioritize quality time with your fiancé and son. Rebuilding trust will require effort, patience, and understanding from both parties.

Remember that healing is not about forgetting or condoning the infidelity but about working together to create a stronger, more resilient relationship. It's okay to seek help, and don't be afraid to reach out to a therapist or counselor who can provide guidance and support throughout this challenging time.",questionID_732,My fiancé cheated. How can we mend our relationship?,"I'm in a relationship with my fiancé and I currently found out that she's been cheating on me with a co-worker. I was very upset none the less. I understand what she did was wrong, but I want to spend the rest of my life with her. So I'm willing to forgive and move on. We have been together for a little over 9 years, and we have a son. At the beginning of our relationship, I was unfaithful and she caught me cheating. She forgave me for what I've done to her and since then I been completely faithful. I'm worried about our relationship and want to move forward but its been very unsettling. All I can think about is her with another man. I don't know what to do or where to go for advice?",relationships,llama3,0.10980688942867778,0.5181496838993686
tfidf_correct_albert_wrong,410,1,0.504585350360691,1,0.5943942003977201,1,0.4041058,0,54,2,"If you find that you truly have no self control over food, I recommend attending Overeaters Anonymous; a 12 step group for those with compulsive issues related to food.",225,393,3,3,5,"I would recommend removing yourself from the environment you are in after you have finished eating. A simple walk around the block, calling up a friend and going to visit, or even going to another room in the house can help. If you find that you truly have no self control over food, I recommend attending Overeaters Anonymous; a 12 step group for those with compulsive issues related to food. I hope this helps.",questionID_714,How can I train myself to stop eating when I'm full?,"I have no self control over food. Most people stop when they've had enough, but I keep eating for the pleasure of it. Especially with sweets - I'm never done eating dessert.",eating-disorders,human,0.09589419999999999,0.5010284502528036
tfidf_correct_albert_wrong,279,1,0.5042632664642244,1,0.554610450719248,1,0.41341192,0,38,2,Plan for this meeting according to the type of relationship you have with your daughter in law.,271,366,1,1,5,"Have you reached your own conclusions and reasons for these, regarding the topic?   When you feel confident in your own reasons for your conclusions, then obviously ask your daughter in law for some time together and tell her what you think and your reasons for opinions.Plan for this meeting according to the type of relationship you have with your daughter in law.Since your son will also be affected by the prenatal conditions of his child, he may also be interested in being part of this conversation.Also, during your discussion, find out the exact ways the morning sickness affects your daughter in law.It is possible that scheduling adjustments in routines can be made so your daughter has more time to rest or fewer responsibilities for a while until she feels better.Maybe you and other family members can lighten her daily routines so she has more time for herself to manage her morning sickness in a less risky way.Sending Good luck!",questionID_624,My daughter-in-law is smoking marijuana while pregnant,"My new daughter-in-law just informed me that she is smoking marijuana while pregnant because of her morning sickness. I’m in shock and I don’t know how to respond. I just lost my mom, and she was good with advice.",substance-abuse,human,0.08658808000000001,0.4907618790611574
tfidf_correct_albert_wrong,2352,1,0.5004748705529907,1,0.5381444376352378,0,0.4256264,0,311,0,"While it's understandable to feel disappointed when a long-held dream doesn't match reality, focusing on acceptance and open communication with your husband about your lingering feelings, rather than suppressing them, is key to moving forward and enjoying your marriage.",0,270,1,1,5,"While it's understandable to feel disappointed when a long-held dream doesn't match reality, focusing on acceptance and open communication with your husband about your lingering feelings, rather than suppressing them, is key to moving forward and enjoying your marriage. Consider exploring these feelings further with a therapist to develop coping strategies and strengthen your communication skills.",questionID_707,How can I let go of my dream wedding?,"I have been with my husband for almost 7 years. We got engaged a little after 5 years of being together. I had always been clear that I wanted to get married and I sadly would drop hints about how i wanted him to propose. When he did propose it was during a random vacation that I had planned. I was happy but I couldn't help feeling disappointed too. I had told him numerous times before that I wanted him to do it in front of my friends and family. I know it sounds dumb to be upset but I couldn't help how I was feeling. We are now married but the wedding and ring were also far from what I wanted and it wasn't due to lack of funds. I know this is all material and the marriage is the most important thing but I cant help but get jealous and envious every time I see someone get a proposal or wedding that I had wanted. I cant help my anger because I know we only get one proposal and one wedding. What I wanted will never happen. I have been working on my feelings for the past year and half to get over it. I try to focus on our marriage but every time I see someone have the best proposals and weddings I get upset. I know it is selfish and I know its petty but I just can't control it. It's ruining our relationship because I constantly think about it. Plus, I get mad at him for small things because I am trying to hide the fact that I am so disappointed. Why can't I move on?",marriage,gemini,0.07437359999999998,0.4880819027294095
tfidf_correct_albert_wrong,2562,1,0.5006633237693461,1,0.4844163319613818,0,0.43318036,0,333,10,"Rebuilding trust will require effort, patience, and understanding from both parties.",1042,1126,1,1,5,"I'm so sorry to hear about the pain and betrayal you're experiencing. Given your history and desire to move forward, it's essential to approach this situation with care and honesty. First, acknowledge that forgiveness is a process, and it may take time for both of you to heal. Consider couples therapy to work through your feelings and rebuild trust. It's crucial to have open and honest conversations about what happened, why it happened, and how you both can work together to prevent it in the future.

Reflect on your past infidelity and how your fiancé forgave you. Recognize that her cheating may be a symptom of deeper issues in your relationship, and it's essential to address these underlying problems. Make sure you're both on the same page regarding your commitment to the relationship and your son.

To overcome the unsettling thoughts, try to focus on the present moment and the future you want to build together. Practice self-care, engage in activities that bring you joy, and prioritize quality time with your fiancé and son. Rebuilding trust will require effort, patience, and understanding from both parties.

Remember that healing is not about forgetting or condoning the infidelity but about working together to create a stronger, more resilient relationship. It's okay to seek help, and don't be afraid to reach out to a therapist or counselor who can provide guidance and support throughout this challenging time.",questionID_732,My fiancé cheated. How can we mend our relationship?,"I'm in a relationship with my fiancé and I currently found out that she's been cheating on me with a co-worker. I was very upset none the less. I understand what she did was wrong, but I want to spend the rest of my life with her. So I'm willing to forgive and move on. We have been together for a little over 9 years, and we have a son. At the beginning of our relationship, I was unfaithful and she caught me cheating. She forgave me for what I've done to her and since then I been completely faithful. I'm worried about our relationship and want to move forward but its been very unsettling. All I can think about is her with another man. I don't know what to do or where to go for advice?",relationships,llama3,0.06681964000000001,0.4727533385769093
tfidf_correct_albert_wrong,259,1,0.5013702592324899,1,0.4340737629134634,0,0.4881694,0,35,2,Her use of marijuana during pregnancy could potentially affect the health of the unborn child.,163,257,1,1,5,"I'm really sorry to hear about your mom's passing and the situation you're currently facing with your daughter-in-law. It's understandable that you are concerned. Her use of marijuana during pregnancy could potentially affect the health of the unborn child. It's generally recommended to approach such situations with calm and understanding. You might start by expressing your concern, letting her know you're coming from a place of care for her and the baby. Perhaps encourage her to consult with a healthcare provider about safer alternatives for managing her morning sickness. Remember, this is a delicate situation and it's important to maintain respect and empathy throughout the conversation.",questionID_624,My daughter-in-law is smoking marijuana while pregnant,"My new daughter-in-law just informed me that she is smoking marijuana while pregnant because of her morning sickness. I’m in shock and I don’t know how to respond. I just lost my mom, and she was good with advice.",substance-abuse,gpt4,0.06592623708653661,0.4745378073819844
tfidf_correct_albert_wrong,280,1,0.5057484793615645,1,0.5569581571824045,1,0.55735046,0,38,3,"Since your son will also be affected by the prenatal conditions of his child, he may also be interested in being part of this conversation.",366,505,1,1,5,"Have you reached your own conclusions and reasons for these, regarding the topic?   When you feel confident in your own reasons for your conclusions, then obviously ask your daughter in law for some time together and tell her what you think and your reasons for opinions.Plan for this meeting according to the type of relationship you have with your daughter in law.Since your son will also be affected by the prenatal conditions of his child, he may also be interested in being part of this conversation.Also, during your discussion, find out the exact ways the morning sickness affects your daughter in law.It is possible that scheduling adjustments in routines can be made so your daughter has more time to rest or fewer responsibilities for a while until she feels better.Maybe you and other family members can lighten her daily routines so she has more time for herself to manage her morning sickness in a less risky way.Sending Good luck!",questionID_624,My daughter-in-law is smoking marijuana while pregnant,"My new daughter-in-law just informed me that she is smoking marijuana while pregnant because of her morning sickness. I’m in shock and I don’t know how to respond. I just lost my mom, and she was good with advice.",substance-abuse,human,0.05735045999999999,0.540019032181323
albert_correct_tfidf_wrong,1835,1,0.4995077725452988,0,0.5345783398357353,0,0.84516835,1,247,2,"Cry away, therapist are very used to it:)",84,125,3,3,5,"Oh, crying in therapy is very normal! I have a stack of kleenex boxes in my office. Cry away, therapist are very used to it:) First time being in therapy is scary, but you'll soon know if you are a good match.",questionID_144,Is it normal to cry during therapy?,"I start counseling/therapy in a few days (I'm freaking out) but my main fear is that I'll cry and embarrass myself, is it something to worry about?",anxiety,human,0.34516835,0.6264181541270114
albert_correct_tfidf_wrong,1817,0,0.5007333076029106,1,0.3608034551957873,0,0.19350034,0,244,2,"Crying can often be a part of the healing process, allowing us to release pent-up emotions.",180,271,0,0,5,"It's absolutely normal to cry during therapy, and there's absolutely nothing to be embarrassed about. Therapy is a safe space for you to express your emotions and feelings openly. Crying can often be a part of the healing process, allowing us to release pent-up emotions. A good therapist will understand and support you through this. Remember, therapy is about helping you, and there's no right or wrong way to feel. It's natural to feel anxious about starting therapy, but try to see it as a positive step towards better understanding and managing your emotions.",questionID_144,Is it normal to cry during therapy?,"I start counseling/therapy in a few days (I'm freaking out) but my main fear is that I'll cry and embarrass myself, is it something to worry about?",anxiety,gpt4,0.30649966,0.3516790342662326
albert_correct_tfidf_wrong,566,0,0.5017486714116349,1,0.4271466150121483,0,0.20752972,0,77,4,"There are exceptions, such as when a person's life is in immediate danger, but these are generally guided by local laws and regulations.",395,531,0,0,5,"As a therapist, my primary role is to provide guidance, support, and therapeutic intervention for my clients. I can certainly recommend that a client seek specialized treatment for an eating disorder if it's necessary for their health and well-being. However, I cannot forcibly admit anyone into treatment against their will. In most cases, a person must voluntarily agree to receive treatment. There are exceptions, such as when a person's life is in immediate danger, but these are generally guided by local laws and regulations. It's important to have open conversations about the benefits of treatment, and to encourage and support individuals to make choices that prioritize their health.",questionID_708,Can a therapist have a client admitted to an eating disorder treatment center if the client does not want to go?,,eating-disorders,gpt4,0.29247027999999997,0.37880833547459436
albert_correct_tfidf_wrong,569,0,0.5009470100777366,1,0.3040208584375363,0,0.20929866,0,78,1,"However, there are exceptions and variations depending on the jurisdiction and specific circumstances.",117,219,0,0,5,"In most cases, a therapist cannot forcibly admit a client to an eating disorder treatment center against their will. However, there are exceptions and variations depending on the jurisdiction and specific circumstances. 

If the client is a minor, parents or legal guardians may have the authority to admit them to a treatment center, even if the minor resists. 

For adults, therapists can encourage and support clients in seeking treatment, but ultimately, the decision to admit themselves to a facility is the client's. That being said, if the therapist believes the client is at imminent risk of harming themselves or others due to their eating disorder, they may be able to initiate an involuntary commitment process, which typically involves notifying emergency services or a crisis hotline. 

Involuntary commitment laws vary by state and country, so it's essential for therapists to be familiar with local regulations and procedures. It's also crucial for therapists to maintain a collaborative and non-coercive therapeutic relationship, focusing on empowering clients to make informed decisions about their care. 

If you're concerned about a client's safety or well-being, it's best to consult with a supervisor, colleagues, or local mental health authorities to determine the most appropriate course of action. Prioritizing the client's autonomy while ensuring their safety is a delicate balance that requires careful consideration and expertise.",questionID_708,Can a therapist have a client admitted to an eating disorder treatment center if the client does not want to go?,,eating-disorders,llama3,0.29070134000000003,0.3380888428384243
albert_correct_tfidf_wrong,409,1,0.498387715546286,0,0.4967752748770226,0,0.78031546,1,54,1,"A simple walk around the block, calling up a friend and going to visit, or even going to another room in the house can help.",100,224,2,2,5,"I would recommend removing yourself from the environment you are in after you have finished eating. A simple walk around the block, calling up a friend and going to visit, or even going to another room in the house can help. If you find that you truly have no self control over food, I recommend attending Overeaters Anonymous; a 12 step group for those with compulsive issues related to food. I hope this helps.",questionID_714,How can I train myself to stop eating when I'm full?,"I have no self control over food. Most people stop when they've had enough, but I keep eating for the pleasure of it. Especially with sweets - I'm never done eating dessert.",eating-disorders,human,0.28031545999999996,0.5918261501411028
albert_correct_tfidf_wrong,493,0,0.5068737299427762,1,0.249141131227466,0,0.2975497,0,66,5,"Before the first session, it's a good idea to prepare by thinking about what brings you to counseling, what your goals are, and what you hope to achieve.",656,809,0,0,5,"Approaching a counselor can seem daunting, but it's a brave and important step towards prioritizing your mental health. To start the counseling process, you can begin by asking for referrals from your primary care physician, friends, family members, or online directories like Psychology Today. You can also check with your insurance provider to see if they have a list of in-network counselors. Once you've identified a few potential counselors, you can visit their websites or make phone calls to ask questions about their specialty, approach, and availability. 

When you're ready to schedule an appointment, you can typically do so by phone or online. Before the first session, it's a good idea to prepare by thinking about what brings you to counseling, what your goals are, and what you hope to achieve. During the initial session, the counselor will likely introduce themselves, explain their approach and boundaries, and ask you questions to get to know you and understand your concerns. This is also an opportunity for you to get a sense of the counselor's style and see if you feel comfortable working with them.

Remember, counseling is a collaborative process, and it's okay to take your time finding the right fit. Be patient, kind, and compassionate with yourself as you take this important step towards seeking support. You deserve to prioritize your mental health and well-being, and seeking counseling is a sign of strength, not weakness.",questionID_936,How does someone approach a counselor?,How does a person start the counseling process?,counseling-fundamentals,llama3,0.250858868772534,0.3511881870567474
albert_correct_tfidf_wrong,1113,0,0.5022221762315039,1,0.4150640514230239,0,0.24943557,0,151,7,"Remember, it's not your responsibility to bear all the weight of these issues.",761,839,0,0,5,"I'm really sorry to hear that you're going through this. Communication issues can be quite challenging in a relationship. It's important to remember that resolution and effective communication require effort from both parties. It might be helpful to consider seeking assistance from a couples counselor or therapist to facilitate open, respectful, and productive conversations. This professional guidance could provide both of you with the tools and strategies needed to express feelings and address issues constructively. In the meantime, try to approach conversations with empathy, patience, and the intention to understand each other's perspectives. It's also important to ensure your own wellbeing, so please consider individual therapy or support as well. Remember, it's not your responsibility to bear all the weight of these issues. This needs to be a mutual effort, and professional help can often be the catalyst for that change.",questionID_754,Why do my boyfriend and I have such trouble communicating?,"We’ve been together almost three years. We argue and he ends it by telling me he doesn’t love me. It's hurtful because I am all about resolving the problem, and he dwells on the issue even if I drop what he's done and just swallow my pride and say I am sorry. How can this be resolved? We have kids, and I don't want a broken family because we can't communicate.",relationships,gpt4,0.25056443,0.38890726588484253
albert_correct_tfidf_wrong,2147,0,0.5003996966029859,1,0.3324553855220349,0,0.25733188,0,285,10,"If you're unsure about the ethics or potential consequences of a relationship with a fellow counselor, it's recommended that you consult with a supervisor, a professional organization, or a licensed attorney for guidance.",1324,1545,0,0,5,"Having a romantic or intimate relationship with a fellow counselor can be a complex issue, and its ethics depend on various factors. The American Counseling Association (ACA) and other professional organizations have established codes of ethics to guide counselors' behavior. 

According to the ACA Code of Ethics, there is no explicit prohibition against relationships between colleagues. However, Section C.3.a. (Avoiding Harm and Imposing Values) and Section F.10.a. (Dual Relationships) emphasize the importance of avoiding harm, exploitation, or conflicts of interest that may arise in such relationships. 

If the relationship involves a power imbalance, such as a supervisor-supervisee or instructor-student relationship, it's generally considered unethical and may be prohibited by the organization or institution. 

In terms of legal ramifications, laws and regulations vary by jurisdiction, but generally, there are no specific laws prohibiting relationships between counselors. However, if the relationship leads to favoritism, discrimination, or creates a hostile work environment, it may result in legal issues, such as lawsuits or complaints to licensing boards. 

To navigate these situations, it's essential to consider the potential impact on your professional relationships, work environment, and clients. If you're unsure about the ethics or potential consequences of a relationship with a fellow counselor, it's recommended that you consult with a supervisor, a professional organization, or a licensed attorney for guidance. Ultimately, prioritize maintaining professional boundaries, respecting colleagues, and upholding the principles of your profession to avoid any potential harm or conflicts of interest.",questionID_401,Is it unethical to have a relationship with a fellow counselor?,Does this go against any ethical codes? Are there legal ramifications?,workplace-relationships,llama3,0.24266812,0.3633956540416736
albert_correct_tfidf_wrong,1932,1,0.4989899528990774,0,0.7385271682026033,1,0.66596156,1,261,1,From just your personal experience alone you might realize how easy it may seem to keep such a secret from those around you.,100,224,1,1,5,"There are some struggles that are less ""obvious"" than others, an eating disorder being one of them. From just your personal experience alone you might realize how easy it may seem to keep such a secret from those around you. In the same way, there are many people who struggle secretly with this problem and not many people know or even notice. So you are definitely not alone. Low self-esteem or lack of confidence in some areas are issues that EVERY teen, in fact EVERY person, has experienced at some point. These feelings are ""normal."" It sounds, though, as if these feelings of insecurity and inadequacy have begun to consume your every day thoughts and behaviors bringing you to where you are today - comparing yourself to others, purging, and feeling extreme guilt. Sometimes it's best if we seek outside help, instead of trying to tackle problems on our own. Breaking habits that come along with an eating disorder really requires the help of a doctor, nutritionist, and a therapist who can help change your perspective from the inside out! Hope this helps!",questionID_346,"I feel like I'm this dumb fat girl that no one likes, and everything is my fault. Are these normal teenage girl feelings?","Everyone around me is much smarter and flaunts it. Everyone around me is skinny, and here I am trying to throw up so I'm not fat. Everything I do is wrong, and I can't seem to do anything right! No one else at school seems to feel the way I do! Is this normal teenage girls feelings? I don't think these feelings are normal.",self-esteem,human,0.23852716820260333,0.6344928937005602
albert_correct_tfidf_wrong,565,0,0.500949304982611,1,0.4189525556172984,0,0.2627697,0,77,3,"In most cases, a person must voluntarily agree to receive treatment.",326,394,0,0,5,"As a therapist, my primary role is to provide guidance, support, and therapeutic intervention for my clients. I can certainly recommend that a client seek specialized treatment for an eating disorder if it's necessary for their health and well-being. However, I cannot forcibly admit anyone into treatment against their will. In most cases, a person must voluntarily agree to receive treatment. There are exceptions, such as when a person's life is in immediate danger, but these are generally guided by local laws and regulations. It's important to have open conversations about the benefits of treatment, and to encourage and support individuals to make choices that prioritize their health.",questionID_708,Can a therapist have a client admitted to an eating disorder treatment center if the client does not want to go?,,eating-disorders,gpt4,0.2372303,0.39422385353330314
albert_correct_tfidf_wrong,2135,0,0.500876726847303,1,0.2702877537633458,0,0.2674001,0,284,6,Always ensure you act professionally and ethically in all aspects of your work.,1018,1097,0,0,5,"As a therapist, it's important to maintain professional boundaries and adhere to ethical guidelines in all circumstances. In terms of having a romantic relationship with a fellow counselor, it's not inherently unethical, provided it doesn't interfere with your ability to provide effective and unbiased care to your clients. It's crucial to avoid any conflicts of interest and ensure that your personal life doesn't affect your professional responsibilities. 

However, it's important to know that different organizations, workplaces, and professional bodies may have their own specific rules or guidelines about relationships between colleagues, so you should consult your organization's policies or your professional body's ethical guidelines for clarity.

In terms of legality, generally there aren't any legal ramifications for having a relationship with a fellow counselor. However, situations that involve harassment, discrimination, or violation of workplace policies could potentially have legal implications. Always ensure you act professionally and ethically in all aspects of your work. If you're uncertain, consider seeking advice from a mentor, supervisor, or legal counsel.",questionID_401,Is it unethical to have a relationship with a fellow counselor?,Does this go against any ethical codes? Are there legal ramifications?,workplace-relationships,gpt4,0.23259990000000003,0.3461881935368829
albert_correct_tfidf_wrong,948,0,0.5012389513711933,1,0.3674731990874575,0,0.27423498,0,128,3,"Other challenges may arise from clients who are mandated to attend therapy, such as those involved in the legal system, as they may not be invested in the therapeutic process.",472,647,0,0,5,"As a counselor, I can attest that every client presents unique challenges, and some may be more difficult to work with than others. Some common difficulties that a counselor can encounter when dealing with a client include resistance to change, lack of motivation, or unrealistic expectations. Additionally, clients with severe mental health issues, such as borderline personality disorder or trauma, may require specialized training and expertise to manage effectively.

Other challenges may arise from clients who are mandated to attend therapy, such as those involved in the legal system, as they may not be invested in the therapeutic process. Cultural or language barriers can also create difficulties, as can differences in values or worldview between the client and counselor.

Furthermore, some clients may exhibit behaviors that are challenging to manage, such as aggression, manipulation, or emotional dysregulation. In these cases, the counselor must prioritize their own emotional safety and well-being while still providing a supportive and non-judgmental space for the client.

To navigate these challenges, it's essential for counselors to maintain a strong therapeutic alliance, establish clear boundaries, and engage in ongoing self-reflection and professional development. By doing so, counselors can build resilience, improve their skills, and provide effective support to even the most difficult clients. Ultimately, every client deserves compassion, empathy, and understanding, regardless of the challenges they may present.",questionID_939,Are some clients more difficult than others?,What are some difficulties that a counselor can encounter when dealing with a client?,counseling-fundamentals,llama3,0.22576501999999998,0.38098237681955033
albert_correct_tfidf_wrong,1819,0,0.5022979156759894,1,0.5039245648843284,0,0.2814485,0,244,4,"Remember, therapy is about helping you, and there's no right or wrong way to feel.",335,417,0,0,5,"It's absolutely normal to cry during therapy, and there's absolutely nothing to be embarrassed about. Therapy is a safe space for you to express your emotions and feelings openly. Crying can often be a part of the healing process, allowing us to release pent-up emotions. A good therapist will understand and support you through this. Remember, therapy is about helping you, and there's no right or wrong way to feel. It's natural to feel anxious about starting therapy, but try to see it as a positive step towards better understanding and managing your emotions.",questionID_144,Is it normal to cry during therapy?,"I start counseling/therapy in a few days (I'm freaking out) but my main fear is that I'll cry and embarrass myself, is it something to worry about?",anxiety,gpt4,0.2185515,0.42922366018677255
albert_correct_tfidf_wrong,66,0,0.5001398263680067,1,0.2845142389585134,0,0.33048537,0,9,2,"The lack of information from the hospital can be frustrating, but it's likely due to patient confidentiality laws and protocols.",191,319,0,0,5,"I'm so sorry to hear that you're going through this uncertain and stressful situation. It's completely understandable that you're feeling anxious and concerned about your boyfriend's health. The lack of information from the hospital can be frustrating, but it's likely due to patient confidentiality laws and protocols. 

In the meantime, take care of yourself during this challenging time. Reach out to friends, family, or a support group for emotional support. You can also try contacting the hospital's social work department or patient advocate to see if they can provide any guidance or support. 

Remember that you have the right to be informed about your boyfriend's condition if he has designated you as his emergency contact or healthcare proxy. If you haven't already, you may want to ask him if he has completed any advance directives or if he would like you to be his representative. 

Try to stay calm, focus on what you can control, and prioritize your own well-being. Keep in mind that the hospital staff is working to provide the best care for your boyfriend, and it's possible that they will be able to share more information with you soon. Sending you positive thoughts and hoping for your boyfriend's speedy recovery.",questionID_886,My boyfriend is in the hospital. They won’t tell me what’s wrong and if or when he’s coming back,,legal-regulatory,llama3,0.2154857610414866,0.37171314510884007
albert_correct_tfidf_wrong,2347,0,0.501195922841696,1,0.2854100356945896,0,0.5377567,0,310,4,"It may also be helpful to reflect on what specifically you felt was missing from your wedding and proposal, and see if there are ways to recreate or celebrate those aspects in other ways, such as a vow renewal or a special anniversary celebration.",656,903,0,0,5,"It's completely understandable that you're struggling to let go of your dream wedding, especially when it feels like a once-in-a-lifetime experience that didn't meet your expectations. It's not about being selfish or petty, but rather about acknowledging and processing your unmet emotional needs. It's possible that your feelings of disappointment and jealousy are rooted in a sense of grief for the wedding and proposal you had envisioned, which is a valid emotion. 

To move forward, consider having an open and honest conversation with your husband about your feelings, using ""I"" statements to express your emotions and avoid blaming or resenting him. It may also be helpful to reflect on what specifically you felt was missing from your wedding and proposal, and see if there are ways to recreate or celebrate those aspects in other ways, such as a vow renewal or a special anniversary celebration. 

Additionally, practicing self-compassion and acknowledging that it's okay to have these feelings can help you work through them. Remind yourself that your marriage is not defined by one event, but by the daily choices and commitments you and your husband make to each other. Focus on nurturing your relationship and building positive experiences together, rather than comparing your wedding to others. Lastly, consider seeking the help of a couples therapist who can provide a safe and supportive environment to explore these feelings and work through them together.",questionID_707,How can I let go of my dream wedding?,"I have been with my husband for almost 7 years. We got engaged a little after 5 years of being together. I had always been clear that I wanted to get married and I sadly would drop hints about how i wanted him to propose. When he did propose it was during a random vacation that I had planned. I was happy but I couldn't help feeling disappointed too. I had told him numerous times before that I wanted him to do it in front of my friends and family. I know it sounds dumb to be upset but I couldn't help how I was feeling. We are now married but the wedding and ring were also far from what I wanted and it wasn't due to lack of funds. I know this is all material and the marriage is the most important thing but I cant help but get jealous and envious every time I see someone get a proposal or wedding that I had wanted. I cant help my anger because I know we only get one proposal and one wedding. What I wanted will never happen. I have been working on my feelings for the past year and half to get over it. I try to focus on our marriage but every time I see someone have the best proposals and weddings I get upset. I know it is selfish and I know its petty but I just can't control it. It's ruining our relationship because I constantly think about it. Plus, I get mad at him for small things because I am trying to hide the fact that I am so disappointed. Why can't I move on?",marriage,llama3,0.21458996430541039,0.44145421951209524
albert_correct_tfidf_wrong,1440,0,0.5029406515448926,1,0.7104295630470032,1,0.56326765,0,197,3,"Use ""I"" statements to express your feelings, such as ""I feel disrespected when you accuse me of cheating without any evidence"" or ""I feel like I'm walking on eggshells around you, never knowing what will trigger an argument.""",308,533,0,0,5,"It sounds like you're feeling frustrated, hurt, and possibly even defensive in your relationship. The constant accusations and lack of acknowledgment of her own mistakes can be draining. To address this, consider having an open and honest conversation with your wife about how her behavior is affecting you. Use ""I"" statements to express your feelings, such as ""I feel disrespected when you accuse me of cheating without any evidence"" or ""I feel like I'm walking on eggshells around you, never knowing what will trigger an argument."" 

It's also essential to understand that her behavior might be a sign of her own insecurities or past experiences. Approach the conversation with empathy, but also set clear boundaries and expectations for how you want to be treated in the relationship. Regarding the ""sweetheart"" example, you could explain that it's a harmless term you use in a professional setting, and reassure her that it doesn't imply any romantic or intimate intentions.

However, it's crucial to recognize that you can't force someone to understand or admit their mistakes. If your wife is unwilling to listen, reflect on her actions, or work on rebuilding trust, it may be a sign of deeper issues in the relationship. In such cases, couples therapy can be beneficial in addressing these concerns and improving communication. Remember that your emotional well-being is important, and it's okay to prioritize your own needs and seek support if the relationship becomes toxic or unsustainable.",questionID_391,Why do I feel like I'm always wrong in everything in my relationship?,"My wife is always accusing me of cheating and telling me that I'm doing things she finds disrespectful even when I don't mean it like that. For example, she gets offended when I call someone at work ""sweetheart."" I wish I had a penny for every time she accused me of cheating on her. She doesn't, and never will say she was wrong. How do I get her to understand?",workplace-relationships,llama3,0.21042956304700322,0.5922126215306319
albert_correct_tfidf_wrong,63,0,0.5024876312579537,1,0.7016644380490653,1,0.63769275,0,8,6,You're stronger than you think.,678,709,0,0,5,"I'm really sorry to hear about your boyfriend. It sounds like you're going through a particularly stressful and uncertain time. It's important for you to understand that you can't control everything, especially health situations of others. What you can do right now is to take care of yourself, try to stay connected with your boyfriend through messages or phone calls if possible, and seek support from your friends and family. It might also help to engage in activities that can help you cope with stress, like reading, listening to music, doing some physical exercise, or meditation. Remember, it's okay to feel scared and worried, but try not to let your worry consume you. You're stronger than you think.",questionID_886,My boyfriend is in the hospital. They won’t tell me what’s wrong and if or when he’s coming back,,legal-regulatory,gpt4,0.2016644380490653,0.6139482731023397
albert_correct_tfidf_wrong,494,0,0.5035318455707708,1,0.3027827632340948,0,0.43760324,0,66,6,"During the initial session, the counselor will likely introduce themselves, explain their approach and boundaries, and ask you questions to get to know you and understand your concerns.",810,995,0,0,5,"Approaching a counselor can seem daunting, but it's a brave and important step towards prioritizing your mental health. To start the counseling process, you can begin by asking for referrals from your primary care physician, friends, family members, or online directories like Psychology Today. You can also check with your insurance provider to see if they have a list of in-network counselors. Once you've identified a few potential counselors, you can visit their websites or make phone calls to ask questions about their specialty, approach, and availability. 

When you're ready to schedule an appointment, you can typically do so by phone or online. Before the first session, it's a good idea to prepare by thinking about what brings you to counseling, what your goals are, and what you hope to achieve. During the initial session, the counselor will likely introduce themselves, explain their approach and boundaries, and ask you questions to get to know you and understand your concerns. This is also an opportunity for you to get a sense of the counselor's style and see if you feel comfortable working with them.

Remember, counseling is a collaborative process, and it's okay to take your time finding the right fit. Be patient, kind, and compassionate with yourself as you take this important step towards seeking support. You deserve to prioritize your mental health and well-being, and seeking counseling is a sign of strength, not weakness.",questionID_936,How does someone approach a counselor?,How does a person start the counseling process?,counseling-fundamentals,llama3,0.1972172367659052,0.4146392829349552
albert_correct_tfidf_wrong,508,0,0.5035317369432225,1,0.304965407710828,0,0.37745,0,68,6,There are hundreds of therapists offering all kinds of styles of therapy - take the time to pick one that suits you.,790,906,0,0,5,"Hello, There are many ways to approach a counselor and starting the process, however they all start with picking up the phone.  It's most definitely an uncomfortable feeling, but once that first step is taken it is often met with a wave of relief. My recommendation is always to call and speak with a therapist over the phone before scheduling an appointment. Listening to how they converse, use their tone and inflection, may give you a brief insight to how they will respond to you and increase your comfort right away. You may also discover, rather quickly, that this therapist is not the right match for you.Regardless of how you go about it, I like to remind all people who call, email, text or walk-in, therapists are a bit like pizzas - if you don't like the toppings, send it back! There are hundreds of therapists offering all kinds of styles of therapy - take the time to pick one that suits you.",questionID_936,How does someone approach a counselor?,How does a person start the counseling process?,counseling-fundamentals,human,0.19503459228917203,0.39531571488468353
albert_correct_tfidf_wrong,581,1,0.4985520886118738,0,0.314034257174654,0,0.6936015,1,80,2,"If a therapist believes that their client is in imminent danger of harm however, the therapist might have an obligation to take actions to protect their client.",170,330,1,1,5,"Typically, a therapist cannot force a client to receive any treatment they do not want.  In the end, it is the clients who get to decide what type of treatment they want.If a therapist believes that their client is in imminent danger of harm however, the therapist might have an obligation to take actions to protect their client.  In such a case, the therapist would need to discuss the options with the client, and come up with a plan to best protect the client.In a situiaon like this, it would probably be a good idea to talk to the therapist about the possilbe positvies and negatives of the treatmetn center.  A good therpist will be happy to have that conversation with you and allow you to make the final decisions about your own treatment.",questionID_708,Can a therapist have a client admitted to an eating disorder treatment center if the client does not want to go?,,eating-disorders,human,0.19360149999999998,0.5020626152621759
albert_correct_tfidf_wrong,73,0,0.5080463114034178,1,0.5014955347116311,0,0.30664396,0,9,9,"Keep in mind that the hospital staff is working to provide the best care for your boyfriend, and it's possible that they will be able to share more information with you soon.",983,1157,0,0,5,"I'm so sorry to hear that you're going through this uncertain and stressful situation. It's completely understandable that you're feeling anxious and concerned about your boyfriend's health. The lack of information from the hospital can be frustrating, but it's likely due to patient confidentiality laws and protocols. 

In the meantime, take care of yourself during this challenging time. Reach out to friends, family, or a support group for emotional support. You can also try contacting the hospital's social work department or patient advocate to see if they can provide any guidance or support. 

Remember that you have the right to be informed about your boyfriend's condition if he has designated you as his emergency contact or healthcare proxy. If you haven't already, you may want to ask him if he has completed any advance directives or if he would like you to be his representative. 

Try to stay calm, focus on what you can control, and prioritize your own well-being. Keep in mind that the hospital staff is working to provide the best care for your boyfriend, and it's possible that they will be able to share more information with you soon. Sending you positive thoughts and hoping for your boyfriend's speedy recovery.",questionID_886,My boyfriend is in the hospital. They won’t tell me what’s wrong and if or when he’s coming back,,legal-regulatory,llama3,0.19335604,0.4387286020383496
albert_correct_tfidf_wrong,2354,0,0.5034423554517853,1,0.3145110450677218,0,0.5156863,0,312,0,It's hard to let go of the dreams you had regarding your wedding and engagement.,0,80,0,0,5,"It's hard to let go of the dreams you had regarding your wedding and engagement. This was something that you and most women think about for years, so it's understandable to be disappointed. But please be aware that it is rare that any wedding is perfect. You may envy your friends' weddings but more than likely they had a few mishaps of their own and/or it wasn't as perfect as they had planned it either. However, like you know, the marriage is the most important thing. How many women are envious that you are in a happy, stable relationship? I assure you that there are plenty. Try to live in the present considering that dwelling on the past can still not change how you were proposed to or how your wedding day transpired. Focus on what you can control NOW. Perhaps, you can plan an extravagant renewal of your vows or change the look of your ring?I would also be upfront with your husband and explain why you've been short lately. But after that, close that chapter and move on. It sounds like you have a wonderful companion and you certainly don't want to lose this due to a situation that is impossible to change.",questionID_707,How can I let go of my dream wedding?,"I have been with my husband for almost 7 years. We got engaged a little after 5 years of being together. I had always been clear that I wanted to get married and I sadly would drop hints about how i wanted him to propose. When he did propose it was during a random vacation that I had planned. I was happy but I couldn't help feeling disappointed too. I had told him numerous times before that I wanted him to do it in front of my friends and family. I know it sounds dumb to be upset but I couldn't help how I was feeling. We are now married but the wedding and ring were also far from what I wanted and it wasn't due to lack of funds. I know this is all material and the marriage is the most important thing but I cant help but get jealous and envious every time I see someone get a proposal or wedding that I had wanted. I cant help my anger because I know we only get one proposal and one wedding. What I wanted will never happen. I have been working on my feelings for the past year and half to get over it. I try to focus on our marriage but every time I see someone have the best proposals and weddings I get upset. I know it is selfish and I know its petty but I just can't control it. It's ruining our relationship because I constantly think about it. Plus, I get mad at him for small things because I am trying to hide the fact that I am so disappointed. Why can't I move on?",marriage,human,0.18548895493227818,0.4445465668398357
albert_correct_tfidf_wrong,935,0,0.5003174684732489,1,0.3162906643303091,0,0.6086025,0,127,0,"Yes, as a therapist, it is common to find that some clients may be more difficult to work with than others.",0,107,0,0,5,"Yes, as a therapist, it is common to find that some clients may be more difficult to work with than others. Several challenges can arise in the therapeutic process. A client may be resistant to change or unwilling to participate actively in their recovery process. They might be skeptical about therapy and lack trust in the process or the therapist. Some clients may have difficulties in expressing their feelings or thoughts, making it hard to understand their issues. Clients with complex mental health conditions or severe symptoms can also be challenging to manage. There could be cultural or language barriers that make communication difficult. Additionally, managing boundaries can be an issue if a client becomes overly dependent or if they cross personal boundaries. It's important to remember that these difficulties are part of the therapeutic process and provide opportunities for growth and learning for both the therapist and the client. By applying empathy, patience, respect, and professional skills, these challenges can be effectively navigated.",questionID_939,Are some clients more difficult than others?,What are some difficulties that a counselor can encounter when dealing with a client?,counseling-fundamentals,gpt4,0.1837093356696909,0.4750702109345193
albert_correct_tfidf_wrong,1938,0,0.5062833716570456,1,0.682715160780775,1,0.5704638,0,261,7,"Sometimes it's best if we seek outside help, instead of trying to tackle problems on our own.",773,866,0,0,5,"There are some struggles that are less ""obvious"" than others, an eating disorder being one of them. From just your personal experience alone you might realize how easy it may seem to keep such a secret from those around you. In the same way, there are many people who struggle secretly with this problem and not many people know or even notice. So you are definitely not alone. Low self-esteem or lack of confidence in some areas are issues that EVERY teen, in fact EVERY person, has experienced at some point. These feelings are ""normal."" It sounds, though, as if these feelings of insecurity and inadequacy have begun to consume your every day thoughts and behaviors bringing you to where you are today - comparing yourself to others, purging, and feeling extreme guilt. Sometimes it's best if we seek outside help, instead of trying to tackle problems on our own. Breaking habits that come along with an eating disorder really requires the help of a doctor, nutritionist, and a therapist who can help change your perspective from the inside out! Hope this helps!",questionID_346,"I feel like I'm this dumb fat girl that no one likes, and everything is my fault. Are these normal teenage girl feelings?","Everyone around me is much smarter and flaunts it. Everyone around me is skinny, and here I am trying to throw up so I'm not fat. Everything I do is wrong, and I can't seem to do anything right! No one else at school seems to feel the way I do! Is this normal teenage girls feelings? I don't think these feelings are normal.",self-esteem,human,0.182715160780775,0.5864874441459402
albert_correct_tfidf_wrong,2574,0,0.505380261219092,1,0.679425439921307,1,0.5918319,0,335,6,This is sometimes enormously helpful since our inner thoughts are often hidden yet very dominant in how we direct ourselves in relationships.,747,888,0,0,5,"I'm sorry for the stress and unhappiness stemming the problem you describe.Trust your instinct that there is more complexity to feeling good about being in a partnership than simply wanting this to happen.In any relationship, the complexities of each person combine.   Often people accept when this feels good and are lost as to what to do when natural human complexity, doesn't match up with our partner in the way we'd like.A couples' therapist would be able to help each of you talk about the factors motivating the cheating, as well as clarify the reasons you each have for continuing to stay together. The unique advantage of couple's therapy is that each person is able to hear their partner talk out loud about themselves and their partner.This is sometimes enormously helpful since our inner thoughts are often hidden yet very dominant in how we direct ourselves in relationships.Sometimes the initial consult session offers enough new understanding that a second session wouldn't be necessary for a while.Good luck in finding your relationship happiness!",questionID_732,My fiancé cheated. How can we mend our relationship?,"I'm in a relationship with my fiancé and I currently found out that she's been cheating on me with a co-worker. I was very upset none the less. I understand what she did was wrong, but I want to spend the rest of my life with her. So I'm willing to forgive and move on. We have been together for a little over 9 years, and we have a son. At the beginning of our relationship, I was unfaithful and she caught me cheating. She forgave me for what I've done to her and since then I been completely faithful. I'm worried about our relationship and want to move forward but its been very unsettling. All I can think about is her with another man. I don't know what to do or where to go for advice?",relationships,human,0.179425439921307,0.5922125337134663
albert_correct_tfidf_wrong,384,0,0.5015312650824381,1,0.6687282500033127,1,0.5143179,0,51,9,"If they're not readily accessible, you're less likely to overindulge.",638,707,0,0,5,"It sounds like you're struggling with mindful eating, and I want to assure you that you're not alone in this. Here are a few strategies that might help:

1. Practice Mindful Eating: Pay attention to your hunger and fullness cues. Eat slowly and deliberately, savoring every bite. This can help you become more aware of when you're actually full.

2. Eat Regular, Balanced Meals: Skipping meals or eating irregularly can lead to overeating. Try to have regular, balanced meals filled with protein, fiber, and healthy fats to keep you satisfied.

3. Manage Your Environment: Limit the availability of sweets or tempting foods in your home. If they're not readily accessible, you're less likely to overindulge.

4. Seek Support: Sometimes, it helps to talk about these issues. A support group, a dietitian, or a mental health professional can provide additional strategies and coping mechanisms.

5. Practice Self-Compassion: It's okay to have off days. Don't be too hard on yourself if you slip up. Remember, it's about progress, not perfection.

If you find that these strategies aren't enough or if your eating habits are causing you distress, it might be beneficial to seek help from a mental health professional. They can provide you with more personalized strategies and could also explore if there's an underlying emotional issue that needs to be addressed.",questionID_714,How can I train myself to stop eating when I'm full?,"I have no self control over food. Most people stop when they've had enough, but I keep eating for the pleasure of it. Especially with sweets - I'm never done eating dessert.",eating-disorders,gpt4,0.1687282500033127,0.5615258050285835
albert_correct_tfidf_wrong,2127,0,0.5000988445787014,1,0.495431411786159,0,0.331998,0,283,3,Consider finding someone trained in Dialectic Behavior Therapy (DBT).,539,608,0,0,5,"In dealing with an eating disorder you are far from alone.  It is more common than you might think and tied to so many variables that it is easy for an individual to become overwhelmed in trying to navigate the influences of such variables.  I have been working with individuals dealing with such challenges since 1998 and have found over the years that behavioral analysis is highly effective in helping you begin to isolate, understand and then be able to address many of these variable impacting your behavioral and cognitive choices.  Consider finding someone trained in Dialectic Behavior Therapy (DBT).  There is a large body of evidence supporting the use of this approach to alleviating many of the aspects you identified in your post as well of a wide variety of tools that you can choose from and utilize that are able to practiced and assimilated into your daily tool box of coping mechanisms that end up becoming new behaviors and ways of thinking about issues that become automatic, the best possible outcome you can hope for if you want the solution to be sustainable.",questionID_712,How do I handle my binge eating?,"I have a problem with binge eating, especially during times of stress. I binge eat and feel so overwhelmed with shame and disappointment that I end up going to the gym and trying to exercise the calories off. I am in my late 20s, and I have been dealing with this since I was a teenager. Are there any coping mechanisms I can use to break this cycle?",eating-disorders,human,0.16800199999999998,0.4425094187882868
albert_correct_tfidf_wrong,1934,0,0.5020591607993039,1,0.4473982248114224,0,0.33529735,0,261,3,So you are definitely not alone.,345,377,0,0,5,"There are some struggles that are less ""obvious"" than others, an eating disorder being one of them. From just your personal experience alone you might realize how easy it may seem to keep such a secret from those around you. In the same way, there are many people who struggle secretly with this problem and not many people know or even notice. So you are definitely not alone. Low self-esteem or lack of confidence in some areas are issues that EVERY teen, in fact EVERY person, has experienced at some point. These feelings are ""normal."" It sounds, though, as if these feelings of insecurity and inadequacy have begun to consume your every day thoughts and behaviors bringing you to where you are today - comparing yourself to others, purging, and feeling extreme guilt. Sometimes it's best if we seek outside help, instead of trying to tackle problems on our own. Breaking habits that come along with an eating disorder really requires the help of a doctor, nutritionist, and a therapist who can help change your perspective from the inside out! Hope this helps!",questionID_346,"I feel like I'm this dumb fat girl that no one likes, and everything is my fault. Are these normal teenage girl feelings?","Everyone around me is much smarter and flaunts it. Everyone around me is skinny, and here I am trying to throw up so I'm not fat. Everything I do is wrong, and I can't seem to do anything right! No one else at school seems to feel the way I do! Is this normal teenage girls feelings? I don't think these feelings are normal.",self-esteem,human,0.16470265,0.42825157853690876
albert_correct_tfidf_wrong,281,0,0.5021857397519758,1,0.3391144072028026,0,0.6142652,0,38,4,"Also, during your discussion, find out the exact ways the morning sickness affects your daughter in law.",505,609,0,0,5,"Have you reached your own conclusions and reasons for these, regarding the topic?   When you feel confident in your own reasons for your conclusions, then obviously ask your daughter in law for some time together and tell her what you think and your reasons for opinions.Plan for this meeting according to the type of relationship you have with your daughter in law.Since your son will also be affected by the prenatal conditions of his child, he may also be interested in being part of this conversation.Also, during your discussion, find out the exact ways the morning sickness affects your daughter in law.It is possible that scheduling adjustments in routines can be made so your daughter has more time to rest or fewer responsibilities for a while until she feels better.Maybe you and other family members can lighten her daily routines so she has more time for herself to manage her morning sickness in a less risky way.Sending Good luck!",questionID_624,My daughter-in-law is smoking marijuana while pregnant,"My new daughter-in-law just informed me that she is smoking marijuana while pregnant because of her morning sickness. I’m in shock and I don’t know how to respond. I just lost my mom, and she was good with advice.",substance-abuse,human,0.16088559279719739,0.4851884489849261
albert_correct_tfidf_wrong,2101,0,0.5022077063700745,1,0.6603091492287896,1,0.5880125,0,280,6,"Physical activity is important for overall health, but try not to use exercise as a punishment for eating.",613,719,0,0,5,"I'm really sorry to hear that you're struggling with this, but please know that you're not alone and it's commendable that you're seeking help. Binge eating can often be a coping mechanism for stress and other emotions, so it's important to find healthy alternatives. Cognitive behavioral therapy (CBT) can be very effective in addressing binge eating by helping you to understand your triggers and develop healthier responses. Mindful eating, where you focus on the taste, texture, and feelings of fullness, can also be beneficial. Regular, balanced meals can prevent extreme hunger that often leads to binging. Physical activity is important for overall health, but try not to use exercise as a punishment for eating. Instead, view it as a way to strengthen and care for your body. Reach out to a mental health professional who can provide you with more personalized strategies and consider joining a support group where you can connect with others facing the same challenges. Remember, it's okay to seek help and recovery is absolutely possible.",questionID_712,How do I handle my binge eating?,"I have a problem with binge eating, especially during times of stress. I binge eat and feel so overwhelmed with shame and disappointment that I end up going to the gym and trying to exercise the calories off. I am in my late 20s, and I have been dealing with this since I was a teenager. Are there any coping mechanisms I can use to break this cycle?",eating-disorders,gpt4,0.16030914922878958,0.5835097851996214
albert_correct_tfidf_wrong,2126,0,0.5007851109765667,1,0.3420791267235699,0,0.40041736,0,283,2,"I have been working with individuals dealing with such challenges since 1998 and have found over the years that behavioral analysis is highly effective in helping you begin to isolate, understand and then be able to address many of these variable impacting your behavioral and cognitive choices.",242,537,0,0,5,"In dealing with an eating disorder you are far from alone.  It is more common than you might think and tied to so many variables that it is easy for an individual to become overwhelmed in trying to navigate the influences of such variables.  I have been working with individuals dealing with such challenges since 1998 and have found over the years that behavioral analysis is highly effective in helping you begin to isolate, understand and then be able to address many of these variable impacting your behavioral and cognitive choices.  Consider finding someone trained in Dialectic Behavior Therapy (DBT).  There is a large body of evidence supporting the use of this approach to alleviating many of the aspects you identified in your post as well of a wide variety of tools that you can choose from and utilize that are able to practiced and assimilated into your daily tool box of coping mechanisms that end up becoming new behaviors and ways of thinking about issues that become automatic, the best possible outcome you can hope for if you want the solution to be sustainable.",questionID_712,How do I handle my binge eating?,"I have a problem with binge eating, especially during times of stress. I binge eat and feel so overwhelmed with shame and disappointment that I end up going to the gym and trying to exercise the calories off. I am in my late 20s, and I have been dealing with this since I was a teenager. Are there any coping mechanisms I can use to break this cycle?",eating-disorders,human,0.15792087327643012,0.41442719923337884
albert_correct_tfidf_wrong,2152,0,0.5005630751024445,1,0.4153178410670508,0,0.3431449,0,287,1,There are however a few types of counselor-to-counselor relationships that are prohibited by the ethics codes.,71,181,0,0,5,"Generally, the ethical codes only prohibit relationships with clients. There are however a few types of counselor-to-counselor relationships that are prohibited by the ethics codes. Such prohibited relationships include those between supervisors and supervisees; between professors and students; or any time the relationship might negatively impact your (or their) clients. Lastly, some workplaces have rules against dating coworkers. It would be a good idea to check if there is such a rule that applies to you.",questionID_401,Is it unethical to have a relationship with a fellow counselor?,Does this go against any ethical codes? Are there legal ramifications?,workplace-relationships,human,0.15685510000000003,0.4196752720564984
albert_correct_tfidf_wrong,1455,0,0.5020905307261636,1,0.6510492764846403,1,0.3825272,0,199,5,Many times we don't realize how past relationships truly impact our current behaviors.,550,636,0,0,5,Here is the truth: You will never get her to understand! because that would mean changing her and we can't change other people we can only change ourselves. I would recommend to take the time to self reflect on what exactly it is that you are doing that is contributing to the mixup. You both have very valid feelings and those won't magically go away until you address the root problem (which could be many factors). I am curious to know more about past relationships the both of you have had and how that plays a role in your current relationship. Many times we don't realize how past relationships truly impact our current behaviors.,questionID_391,Why do I feel like I'm always wrong in everything in my relationship?,"My wife is always accusing me of cheating and telling me that I'm doing things she finds disrespectful even when I don't mean it like that. For example, she gets offended when I call someone at work ""sweetheart."" I wish I had a penny for every time she accused me of cheating on her. She doesn't, and never will say she was wrong. How do I get her to understand?",workplace-relationships,human,0.15104927648464028,0.5118890024036012
albert_correct_tfidf_wrong,1441,0,0.5062897993987174,1,0.6495335170599872,1,0.5374397,0,197,4,It's also essential to understand that her behavior might be a sign of her own insecurities or past experiences.,536,648,0,0,5,"It sounds like you're feeling frustrated, hurt, and possibly even defensive in your relationship. The constant accusations and lack of acknowledgment of her own mistakes can be draining. To address this, consider having an open and honest conversation with your wife about how her behavior is affecting you. Use ""I"" statements to express your feelings, such as ""I feel disrespected when you accuse me of cheating without any evidence"" or ""I feel like I'm walking on eggshells around you, never knowing what will trigger an argument."" 

It's also essential to understand that her behavior might be a sign of her own insecurities or past experiences. Approach the conversation with empathy, but also set clear boundaries and expectations for how you want to be treated in the relationship. Regarding the ""sweetheart"" example, you could explain that it's a harmless term you use in a professional setting, and reassure her that it doesn't imply any romantic or intimate intentions.

However, it's crucial to recognize that you can't force someone to understand or admit their mistakes. If your wife is unwilling to listen, reflect on her actions, or work on rebuilding trust, it may be a sign of deeper issues in the relationship. In such cases, couples therapy can be beneficial in addressing these concerns and improving communication. Remember that your emotional well-being is important, and it's okay to prioritize your own needs and seek support if the relationship becomes toxic or unsustainable.",questionID_391,Why do I feel like I'm always wrong in everything in my relationship?,"My wife is always accusing me of cheating and telling me that I'm doing things she finds disrespectful even when I don't mean it like that. For example, she gets offended when I call someone at work ""sweetheart."" I wish I had a penny for every time she accused me of cheating on her. She doesn't, and never will say she was wrong. How do I get her to understand?",workplace-relationships,llama3,0.1495335170599872,0.5644210054862349
albert_correct_tfidf_wrong,2565,0,0.5010214479873945,1,0.6411638730986251,1,0.479812,0,334,0,Rebuilding trust after infidelity is a challenging but sometimes possible process.,0,82,0,0,5,"Rebuilding trust after infidelity is a challenging but sometimes possible process. I strongly recommend seeking couples counseling to help you both navigate these complex emotions, communicate openly and honestly, and establish a foundation for healing – whether that leads to staying together or parting ways. Individual therapy can also be beneficial for you in processing your feelings and developing coping mechanisms.",questionID_732,My fiancé cheated. How can we mend our relationship?,"I'm in a relationship with my fiancé and I currently found out that she's been cheating on me with a co-worker. I was very upset none the less. I understand what she did was wrong, but I want to spend the rest of my life with her. So I'm willing to forgive and move on. We have been together for a little over 9 years, and we have a son. At the beginning of our relationship, I was unfaithful and she caught me cheating. She forgave me for what I've done to her and since then I been completely faithful. I'm worried about our relationship and want to move forward but its been very unsettling. All I can think about is her with another man. I don't know what to do or where to go for advice?",relationships,gemini,0.1411638730986251,0.5406657736953399
albert_correct_tfidf_wrong,269,0,0.500575868821778,1,0.360438202946181,0,0.61045194,0,36,5,"I've heard that marijuana can have unknown effects on the fetus, and I'm worried about the potential risks.",825,932,0,0,5,"I'm so sorry to hear about your loss, and I can understand why you're seeking guidance during this challenging time. Regarding your daughter-in-law's situation, it's natural to feel concerned about her decision to smoke marijuana while pregnant. While some studies suggest that marijuana may help alleviate morning sickness, the American College of Obstetricians and Gynecologists (ACOG) and other reputable health organizations recommend avoiding marijuana use during pregnancy due to potential risks to the fetus, such as low birth weight and developmental delays.

When responding to your daughter-in-law, approach the conversation with empathy and concern for her well-being, rather than judgment or criticism. You might say something like, ""I care about you and the baby, and I want to make sure you're both doing well. I've heard that marijuana can have unknown effects on the fetus, and I'm worried about the potential risks. Have you talked to your doctor about your morning sickness and explored other treatment options?"" This can help open a dialogue and encourage her to consult with her healthcare provider about safer alternatives for managing her symptoms. Remember to prioritize your relationship with your daughter-in-law and avoid being confrontational, as this may lead to defensiveness and make the situation more challenging to navigate.",questionID_624,My daughter-in-law is smoking marijuana while pregnant,"My new daughter-in-law just informed me that she is smoking marijuana while pregnant because of her morning sickness. I’m in shock and I don’t know how to respond. I just lost my mom, and she was good with advice.",substance-abuse,llama3,0.139561797053819,0.49048867058931966
albert_correct_tfidf_wrong,1919,0,0.5002285021853556,1,0.361438047630121,0,0.40735143,0,259,7,"Your feelings of self-doubt, low self-esteem, and inadequacy are not uncommon, but they can be overwhelming and damaging if left unaddressed.",787,928,0,0,5,"I'm so glad you reached out for support. What you're describing are common struggles that many teenage girls face, but that doesn't mean they're normal or healthy. It's understandable to feel insecure or compare yourself to others, especially during adolescence when you're figuring out your identity. However, the intensity of your feelings and the behaviors you're considering, such as throwing up to lose weight, are not normal or healthy.

It's essential to recognize that everyone has their unique strengths, weaknesses, and struggles, regardless of their appearance or intellect. The idea that everyone around you is smarter, skinnier, or more capable is likely an exaggerated perception. People often present a curated version of themselves, hiding their flaws and insecurities.

Your feelings of self-doubt, low self-esteem, and inadequacy are not uncommon, but they can be overwhelming and damaging if left unaddressed. It's crucial to talk to someone you trust, such as a parent, teacher, school counselor, or mental health professional, about how you're feeling. They can help you develop coping strategies, work through your emotions, and provide support and guidance.

Remember, you are not alone, and your feelings are valid. It takes courage to acknowledge and share your struggles, and I'm proud of you for taking this first step. Please consider reaching out to a trusted adult or a helpline, such as the National Eating Disorders Association (NEDA) Helpline (1-800-931-2237) or the Crisis Text Line (text ""HOME"" to 741741), for immediate support. You deserve to feel seen, heard, and supported.",questionID_346,"I feel like I'm this dumb fat girl that no one likes, and everything is my fault. Are these normal teenage girl feelings?","Everyone around me is much smarter and flaunts it. Everyone around me is skinny, and here I am trying to throw up so I'm not fat. Everything I do is wrong, and I can't seem to do anything right! No one else at school seems to feel the way I do! Is this normal teenage girls feelings? I don't think these feelings are normal.",self-esteem,llama3,0.138561952369879,0.42300599327182553
albert_correct_tfidf_wrong,1466,0,0.5014248810509921,1,0.4976728111355352,0,0.36532357,0,201,3,"Even after a few sessions, it's not unusual to still feel some level of apprehension.",326,411,0,0,5,"It's completely normal to feel nervous or anxious when attending therapy sessions, especially in the initial stages. This is a common phenomenon, and many people experience it. The nervousness can stem from various factors, such as fear of vulnerability, uncertainty about the therapy process, or concerns about being judged. Even after a few sessions, it's not unusual to still feel some level of apprehension. 

This nervousness can actually be a sign that you're taking a significant step towards addressing your mental health, which can be a daunting but ultimately rewarding process. It might help to remember that your therapist is there to support and guide you, not to judge you. They are trained to create a safe and non-judgmental space for you to express yourself.

If you feel comfortable, you could discuss your nervousness with your therapist. They can offer reassurance, help you understand the source of your anxiety, and work with you to develop coping strategies to manage your nerves. Remember, therapy is a process, and it's okay to take things at your own pace. With time and as you become more comfortable with the process and your therapist, your nervousness may decrease, allowing you to fully engage with and benefit from your therapy sessions.",questionID_146,Is it normal to go into therapy feeling nervous?,I've gone to a couple therapy sessions so far and still everytime I walk in I get nervous and shaky. Is this normal? Should I still be feeling like this?,anxiety,llama3,0.13467643,0.45480708739550907
albert_correct_tfidf_wrong,1470,0,0.500039908415246,1,0.3685966175660837,0,0.4080859,0,201,7,"If you feel comfortable, you could discuss your nervousness with your therapist.",777,857,0,0,5,"It's completely normal to feel nervous or anxious when attending therapy sessions, especially in the initial stages. This is a common phenomenon, and many people experience it. The nervousness can stem from various factors, such as fear of vulnerability, uncertainty about the therapy process, or concerns about being judged. Even after a few sessions, it's not unusual to still feel some level of apprehension. 

This nervousness can actually be a sign that you're taking a significant step towards addressing your mental health, which can be a daunting but ultimately rewarding process. It might help to remember that your therapist is there to support and guide you, not to judge you. They are trained to create a safe and non-judgmental space for you to express yourself.

If you feel comfortable, you could discuss your nervousness with your therapist. They can offer reassurance, help you understand the source of your anxiety, and work with you to develop coping strategies to manage your nerves. Remember, therapy is a process, and it's okay to take things at your own pace. With time and as you become more comfortable with the process and your therapist, your nervousness may decrease, allowing you to fully engage with and benefit from your therapy sessions.",questionID_146,Is it normal to go into therapy feeling nervous?,I've gone to a couple therapy sessions so far and still everytime I walk in I get nervous and shaky. Is this normal? Should I still be feeling like this?,anxiety,llama3,0.1314033824339163,0.4255741419937766
albert_correct_tfidf_wrong,258,0,0.5015366590027942,1,0.4962997092438498,0,0.63028556,0,35,1,It's understandable that you are concerned.,119,162,0,0,5,"I'm really sorry to hear about your mom's passing and the situation you're currently facing with your daughter-in-law. It's understandable that you are concerned. Her use of marijuana during pregnancy could potentially affect the health of the unborn child. It's generally recommended to approach such situations with calm and understanding. You might start by expressing your concern, letting her know you're coming from a place of care for her and the baby. Perhaps encourage her to consult with a healthcare provider about safer alternatives for managing her morning sickness. Remember, this is a delicate situation and it's important to maintain respect and empathy throughout the conversation.",questionID_624,My daughter-in-law is smoking marijuana while pregnant,"My new daughter-in-law just informed me that she is smoking marijuana while pregnant because of her morning sickness. I’m in shock and I don’t know how to respond. I just lost my mom, and she was good with advice.",substance-abuse,gpt4,0.13028556000000002,0.542707309415548
albert_correct_tfidf_wrong,1439,0,0.5019653095893144,1,0.5341059264507662,0,0.37956202,0,197,2,"To address this, consider having an open and honest conversation with your wife about how her behavior is affecting you.",187,307,0,0,5,"It sounds like you're feeling frustrated, hurt, and possibly even defensive in your relationship. The constant accusations and lack of acknowledgment of her own mistakes can be draining. To address this, consider having an open and honest conversation with your wife about how her behavior is affecting you. Use ""I"" statements to express your feelings, such as ""I feel disrespected when you accuse me of cheating without any evidence"" or ""I feel like I'm walking on eggshells around you, never knowing what will trigger an argument."" 

It's also essential to understand that her behavior might be a sign of her own insecurities or past experiences. Approach the conversation with empathy, but also set clear boundaries and expectations for how you want to be treated in the relationship. Regarding the ""sweetheart"" example, you could explain that it's a harmless term you use in a professional setting, and reassure her that it doesn't imply any romantic or intimate intentions.

However, it's crucial to recognize that you can't force someone to understand or admit their mistakes. If your wife is unwilling to listen, reflect on her actions, or work on rebuilding trust, it may be a sign of deeper issues in the relationship. In such cases, couples therapy can be beneficial in addressing these concerns and improving communication. Remember that your emotional well-being is important, and it's okay to prioritize your own needs and seek support if the relationship becomes toxic or unsustainable.",questionID_391,Why do I feel like I'm always wrong in everything in my relationship?,"My wife is always accusing me of cheating and telling me that I'm doing things she finds disrespectful even when I don't mean it like that. For example, she gets offended when I call someone at work ""sweetheart."" I wish I had a penny for every time she accused me of cheating on her. She doesn't, and never will say she was wrong. How do I get her to understand?",workplace-relationships,llama3,0.12043798,0.4718777520133602
albert_correct_tfidf_wrong,1111,0,0.5014583786461488,1,0.3825296776802737,0,0.48792702,0,151,5,"In the meantime, try to approach conversations with empathy, patience, and the intention to understand each other's perspectives.",523,652,0,0,5,"I'm really sorry to hear that you're going through this. Communication issues can be quite challenging in a relationship. It's important to remember that resolution and effective communication require effort from both parties. It might be helpful to consider seeking assistance from a couples counselor or therapist to facilitate open, respectful, and productive conversations. This professional guidance could provide both of you with the tools and strategies needed to express feelings and address issues constructively. In the meantime, try to approach conversations with empathy, patience, and the intention to understand each other's perspectives. It's also important to ensure your own wellbeing, so please consider individual therapy or support as well. Remember, it's not your responsibility to bear all the weight of these issues. This needs to be a mutual effort, and professional help can often be the catalyst for that change.",questionID_754,Why do my boyfriend and I have such trouble communicating?,"We’ve been together almost three years. We argue and he ends it by telling me he doesn’t love me. It's hurtful because I am all about resolving the problem, and he dwells on the issue even if I drop what he's done and just swallow my pride and say I am sorry. How can this be resolved? We have kids, and I don't want a broken family because we can't communicate.",relationships,gpt4,0.11747032231972632,0.45730502544214086
albert_correct_tfidf_wrong,2124,0,0.5002271174576944,1,0.3841956727788003,0,0.5777759,0,283,0,In dealing with an eating disorder you are far from alone.,0,58,0,0,5,"In dealing with an eating disorder you are far from alone.  It is more common than you might think and tied to so many variables that it is easy for an individual to become overwhelmed in trying to navigate the influences of such variables.  I have been working with individuals dealing with such challenges since 1998 and have found over the years that behavioral analysis is highly effective in helping you begin to isolate, understand and then be able to address many of these variable impacting your behavioral and cognitive choices.  Consider finding someone trained in Dialectic Behavior Therapy (DBT).  There is a large body of evidence supporting the use of this approach to alleviating many of the aspects you identified in your post as well of a wide variety of tools that you can choose from and utilize that are able to practiced and assimilated into your daily tool box of coping mechanisms that end up becoming new behaviors and ways of thinking about issues that become automatic, the best possible outcome you can hope for if you want the solution to be sustainable.",questionID_712,How do I handle my binge eating?,"I have a problem with binge eating, especially during times of stress. I binge eat and feel so overwhelmed with shame and disappointment that I end up going to the gym and trying to exercise the calories off. I am in my late 20s, and I have been dealing with this since I was a teenager. Are there any coping mechanisms I can use to break this cycle?",eating-disorders,human,0.11580432722119971,0.4873995634121649
albert_correct_tfidf_wrong,267,0,0.5014336096006612,1,0.5222515514651686,0,0.38580373,0,36,3,"When responding to your daughter-in-law, approach the conversation with empathy and concern for her well-being, rather than judgment or criticism.",568,714,0,0,5,"I'm so sorry to hear about your loss, and I can understand why you're seeking guidance during this challenging time. Regarding your daughter-in-law's situation, it's natural to feel concerned about her decision to smoke marijuana while pregnant. While some studies suggest that marijuana may help alleviate morning sickness, the American College of Obstetricians and Gynecologists (ACOG) and other reputable health organizations recommend avoiding marijuana use during pregnancy due to potential risks to the fetus, such as low birth weight and developmental delays.

When responding to your daughter-in-law, approach the conversation with empathy and concern for her well-being, rather than judgment or criticism. You might say something like, ""I care about you and the baby, and I want to make sure you're both doing well. I've heard that marijuana can have unknown effects on the fetus, and I'm worried about the potential risks. Have you talked to your doctor about your morning sickness and explored other treatment options?"" This can help open a dialogue and encourage her to consult with her healthcare provider about safer alternatives for managing her symptoms. Remember to prioritize your relationship with your daughter-in-law and avoid being confrontational, as this may lead to defensiveness and make the situation more challenging to navigate.",questionID_624,My daughter-in-law is smoking marijuana while pregnant,"My new daughter-in-law just informed me that she is smoking marijuana while pregnant because of her morning sickness. I’m in shock and I don’t know how to respond. I just lost my mom, and she was good with advice.",substance-abuse,llama3,0.11419626999999999,0.46982963035527653
albert_correct_tfidf_wrong,570,0,0.5034446106788236,1,0.5910447750620037,1,0.3873163,0,78,2,"If the client is a minor, parents or legal guardians may have the authority to admit them to a treatment center, even if the minor resists.",222,361,0,0,5,"In most cases, a therapist cannot forcibly admit a client to an eating disorder treatment center against their will. However, there are exceptions and variations depending on the jurisdiction and specific circumstances. 

If the client is a minor, parents or legal guardians may have the authority to admit them to a treatment center, even if the minor resists. 

For adults, therapists can encourage and support clients in seeking treatment, but ultimately, the decision to admit themselves to a facility is the client's. That being said, if the therapist believes the client is at imminent risk of harming themselves or others due to their eating disorder, they may be able to initiate an involuntary commitment process, which typically involves notifying emergency services or a crisis hotline. 

Involuntary commitment laws vary by state and country, so it's essential for therapists to be familiar with local regulations and procedures. It's also crucial for therapists to maintain a collaborative and non-coercive therapeutic relationship, focusing on empowering clients to make informed decisions about their care. 

If you're concerned about a client's safety or well-being, it's best to consult with a supervisor, colleagues, or local mental health authorities to determine the most appropriate course of action. Prioritizing the client's autonomy while ensuring their safety is a delicate balance that requires careful consideration and expertise.",questionID_708,Can a therapist have a client admitted to an eating disorder treatment center if the client does not want to go?,,eating-disorders,llama3,0.1126837,0.4939352285802758
albert_correct_tfidf_wrong,2143,0,0.5032032807748344,1,0.6120656652503359,1,0.39137468,0,285,6,"If the relationship involves a power imbalance, such as a supervisor-supervisee or instructor-student relationship, it's generally considered unethical and may be prohibited by the organization or institution.",613,822,0,0,5,"Having a romantic or intimate relationship with a fellow counselor can be a complex issue, and its ethics depend on various factors. The American Counseling Association (ACA) and other professional organizations have established codes of ethics to guide counselors' behavior. 

According to the ACA Code of Ethics, there is no explicit prohibition against relationships between colleagues. However, Section C.3.a. (Avoiding Harm and Imposing Values) and Section F.10.a. (Dual Relationships) emphasize the importance of avoiding harm, exploitation, or conflicts of interest that may arise in such relationships. 

If the relationship involves a power imbalance, such as a supervisor-supervisee or instructor-student relationship, it's generally considered unethical and may be prohibited by the organization or institution. 

In terms of legal ramifications, laws and regulations vary by jurisdiction, but generally, there are no specific laws prohibiting relationships between counselors. However, if the relationship leads to favoritism, discrimination, or creates a hostile work environment, it may result in legal issues, such as lawsuits or complaints to licensing boards. 

To navigate these situations, it's essential to consider the potential impact on your professional relationships, work environment, and clients. If you're unsure about the ethics or potential consequences of a relationship with a fellow counselor, it's recommended that you consult with a supervisor, a professional organization, or a licensed attorney for guidance. Ultimately, prioritize maintaining professional boundaries, respecting colleagues, and upholding the principles of your profession to avoid any potential harm or conflicts of interest.",questionID_401,Is it unethical to have a relationship with a fellow counselor?,Does this go against any ethical codes? Are there legal ramifications?,workplace-relationships,llama3,0.1120656652503359,0.5022145420083901
albert_correct_tfidf_wrong,2349,0,0.5027201878758716,1,0.3906424084833906,0,0.4048435,0,310,6,"Remind yourself that your marriage is not defined by one event, but by the daily choices and commitments you and your husband make to each other.",1035,1180,0,0,5,"It's completely understandable that you're struggling to let go of your dream wedding, especially when it feels like a once-in-a-lifetime experience that didn't meet your expectations. It's not about being selfish or petty, but rather about acknowledging and processing your unmet emotional needs. It's possible that your feelings of disappointment and jealousy are rooted in a sense of grief for the wedding and proposal you had envisioned, which is a valid emotion. 

To move forward, consider having an open and honest conversation with your husband about your feelings, using ""I"" statements to express your emotions and avoid blaming or resenting him. It may also be helpful to reflect on what specifically you felt was missing from your wedding and proposal, and see if there are ways to recreate or celebrate those aspects in other ways, such as a vow renewal or a special anniversary celebration. 

Additionally, practicing self-compassion and acknowledging that it's okay to have these feelings can help you work through them. Remind yourself that your marriage is not defined by one event, but by the daily choices and commitments you and your husband make to each other. Focus on nurturing your relationship and building positive experiences together, rather than comparing your wedding to others. Lastly, consider seeking the help of a couples therapist who can provide a safe and supportive environment to explore these feelings and work through them together.",questionID_707,How can I let go of my dream wedding?,"I have been with my husband for almost 7 years. We got engaged a little after 5 years of being together. I had always been clear that I wanted to get married and I sadly would drop hints about how i wanted him to propose. When he did propose it was during a random vacation that I had planned. I was happy but I couldn't help feeling disappointed too. I had told him numerous times before that I wanted him to do it in front of my friends and family. I know it sounds dumb to be upset but I couldn't help how I was feeling. We are now married but the wedding and ring were also far from what I wanted and it wasn't due to lack of funds. I know this is all material and the marriage is the most important thing but I cant help but get jealous and envious every time I see someone get a proposal or wedding that I had wanted. I cant help my anger because I know we only get one proposal and one wedding. What I wanted will never happen. I have been working on my feelings for the past year and half to get over it. I try to focus on our marriage but every time I see someone have the best proposals and weddings I get upset. I know it is selfish and I know its petty but I just can't control it. It's ruining our relationship because I constantly think about it. Plus, I get mad at him for small things because I am trying to hide the fact that I am so disappointed. Why can't I move on?",marriage,llama3,0.1093575915166094,0.43273536545308744
albert_correct_tfidf_wrong,495,0,0.5072965639566469,1,0.3922007097674707,0,0.39067453,0,66,7,This is also an opportunity for you to get a sense of the counselor's style and see if you feel comfortable working with them.,996,1122,0,0,5,"Approaching a counselor can seem daunting, but it's a brave and important step towards prioritizing your mental health. To start the counseling process, you can begin by asking for referrals from your primary care physician, friends, family members, or online directories like Psychology Today. You can also check with your insurance provider to see if they have a list of in-network counselors. Once you've identified a few potential counselors, you can visit their websites or make phone calls to ask questions about their specialty, approach, and availability. 

When you're ready to schedule an appointment, you can typically do so by phone or online. Before the first session, it's a good idea to prepare by thinking about what brings you to counseling, what your goals are, and what you hope to achieve. During the initial session, the counselor will likely introduce themselves, explain their approach and boundaries, and ask you questions to get to know you and understand your concerns. This is also an opportunity for you to get a sense of the counselor's style and see if you feel comfortable working with them.

Remember, counseling is a collaborative process, and it's okay to take your time finding the right fit. Be patient, kind, and compassionate with yourself as you take this important step towards seeking support. You deserve to prioritize your mental health and well-being, and seeking counseling is a sign of strength, not weakness.",questionID_936,How does someone approach a counselor?,How does a person start the counseling process?,counseling-fundamentals,llama3,0.10932546999999998,0.4300572679080392
albert_correct_tfidf_wrong,2145,0,0.5006251332524765,1,0.3935888441344918,0,0.42849237,0,285,8,"However, if the relationship leads to favoritism, discrimination, or creates a hostile work environment, it may result in legal issues, such as lawsuits or complaints to licensing boards.",989,1176,0,0,5,"Having a romantic or intimate relationship with a fellow counselor can be a complex issue, and its ethics depend on various factors. The American Counseling Association (ACA) and other professional organizations have established codes of ethics to guide counselors' behavior. 

According to the ACA Code of Ethics, there is no explicit prohibition against relationships between colleagues. However, Section C.3.a. (Avoiding Harm and Imposing Values) and Section F.10.a. (Dual Relationships) emphasize the importance of avoiding harm, exploitation, or conflicts of interest that may arise in such relationships. 

If the relationship involves a power imbalance, such as a supervisor-supervisee or instructor-student relationship, it's generally considered unethical and may be prohibited by the organization or institution. 

In terms of legal ramifications, laws and regulations vary by jurisdiction, but generally, there are no specific laws prohibiting relationships between counselors. However, if the relationship leads to favoritism, discrimination, or creates a hostile work environment, it may result in legal issues, such as lawsuits or complaints to licensing boards. 

To navigate these situations, it's essential to consider the potential impact on your professional relationships, work environment, and clients. If you're unsure about the ethics or potential consequences of a relationship with a fellow counselor, it's recommended that you consult with a supervisor, a professional organization, or a licensed attorney for guidance. Ultimately, prioritize maintaining professional boundaries, respecting colleagues, and upholding the principles of your profession to avoid any potential harm or conflicts of interest.",questionID_401,Is it unethical to have a relationship with a fellow counselor?,Does this go against any ethical codes? Are there legal ramifications?,workplace-relationships,llama3,0.1064111558655082,0.4409021157956561
albert_correct_tfidf_wrong,2573,0,0.5024175844268123,1,0.3936314612255758,0,0.57412,0,335,5,The unique advantage of couple's therapy is that each person is able to hear their partner talk out loud about themselves and their partner.,607,747,0,0,5,"I'm sorry for the stress and unhappiness stemming the problem you describe.Trust your instinct that there is more complexity to feeling good about being in a partnership than simply wanting this to happen.In any relationship, the complexities of each person combine.   Often people accept when this feels good and are lost as to what to do when natural human complexity, doesn't match up with our partner in the way we'd like.A couples' therapist would be able to help each of you talk about the factors motivating the cheating, as well as clarify the reasons you each have for continuing to stay together. The unique advantage of couple's therapy is that each person is able to hear their partner talk out loud about themselves and their partner.This is sometimes enormously helpful since our inner thoughts are often hidden yet very dominant in how we direct ourselves in relationships.Sometimes the initial consult session offers enough new understanding that a second session wouldn't be necessary for a while.Good luck in finding your relationship happiness!",questionID_732,My fiancé cheated. How can we mend our relationship?,"I'm in a relationship with my fiancé and I currently found out that she's been cheating on me with a co-worker. I was very upset none the less. I understand what she did was wrong, but I want to spend the rest of my life with her. So I'm willing to forgive and move on. We have been together for a little over 9 years, and we have a son. At the beginning of our relationship, I was unfaithful and she caught me cheating. She forgave me for what I've done to her and since then I been completely faithful. I'm worried about our relationship and want to move forward but its been very unsettling. All I can think about is her with another man. I don't know what to do or where to go for advice?",relationships,human,0.1063685387744242,0.490056348550796
sbert_correct_albert_wrong,2128,0,0.5097089777622412,1,0.3919063832372651,0,0.8426029,1,283,4,"There is a large body of evidence supporting the use of this approach to alleviating many of the aspects you identified in your post as well of a wide variety of tools that you can choose from and utilize that are able to practiced and assimilated into your daily tool box of coping mechanisms that end up becoming new behaviors and ways of thinking about issues that become automatic, the best possible outcome you can hope for if you want the solution to be sustainable.",610,1082,0,0,5,"In dealing with an eating disorder you are far from alone.  It is more common than you might think and tied to so many variables that it is easy for an individual to become overwhelmed in trying to navigate the influences of such variables.  I have been working with individuals dealing with such challenges since 1998 and have found over the years that behavioral analysis is highly effective in helping you begin to isolate, understand and then be able to address many of these variable impacting your behavioral and cognitive choices.  Consider finding someone trained in Dialectic Behavior Therapy (DBT).  There is a large body of evidence supporting the use of this approach to alleviating many of the aspects you identified in your post as well of a wide variety of tools that you can choose from and utilize that are able to practiced and assimilated into your daily tool box of coping mechanisms that end up becoming new behaviors and ways of thinking about issues that become automatic, the best possible outcome you can hope for if you want the solution to be sustainable.",questionID_712,How do I handle my binge eating?,"I have a problem with binge eating, especially during times of stress. I binge eat and feel so overwhelmed with shame and disappointment that I end up going to the gym and trying to exercise the calories off. I am in my late 20s, and I have been dealing with this since I was a teenager. Are there any coping mechanisms I can use to break this cycle?",eating-disorders,human,0.34260290000000004,0.5814060869998355
sbert_correct_albert_wrong,268,0,0.4976577612871484,0,0.5011826389873872,0,0.8113571,1,36,4,"You might say something like, ""I care about you and the baby, and I want to make sure you're both doing well.",715,824,0,0,5,"I'm so sorry to hear about your loss, and I can understand why you're seeking guidance during this challenging time. Regarding your daughter-in-law's situation, it's natural to feel concerned about her decision to smoke marijuana while pregnant. While some studies suggest that marijuana may help alleviate morning sickness, the American College of Obstetricians and Gynecologists (ACOG) and other reputable health organizations recommend avoiding marijuana use during pregnancy due to potential risks to the fetus, such as low birth weight and developmental delays.

When responding to your daughter-in-law, approach the conversation with empathy and concern for her well-being, rather than judgment or criticism. You might say something like, ""I care about you and the baby, and I want to make sure you're both doing well. I've heard that marijuana can have unknown effects on the fetus, and I'm worried about the potential risks. Have you talked to your doctor about your morning sickness and explored other treatment options?"" This can help open a dialogue and encourage her to consult with her healthcare provider about safer alternatives for managing her symptoms. Remember to prioritize your relationship with your daughter-in-law and avoid being confrontational, as this may lead to defensiveness and make the situation more challenging to navigate.",questionID_624,My daughter-in-law is smoking marijuana while pregnant,"My new daughter-in-law just informed me that she is smoking marijuana while pregnant because of her morning sickness. I’m in shock and I don’t know how to respond. I just lost my mom, and she was good with advice.",substance-abuse,llama3,0.31135710000000005,0.6033991667581785
sbert_correct_albert_wrong,2357,0,0.5024421187660082,1,0.3950695636900697,0,0.7846909,1,312,3,You may envy your friends' weddings but more than likely they had a few mishaps of their own and/or it wasn't as perfect as they had planned it either.,255,406,0,0,5,"It's hard to let go of the dreams you had regarding your wedding and engagement. This was something that you and most women think about for years, so it's understandable to be disappointed. But please be aware that it is rare that any wedding is perfect. You may envy your friends' weddings but more than likely they had a few mishaps of their own and/or it wasn't as perfect as they had planned it either. However, like you know, the marriage is the most important thing. How many women are envious that you are in a happy, stable relationship? I assure you that there are plenty. Try to live in the present considering that dwelling on the past can still not change how you were proposed to or how your wedding day transpired. Focus on what you can control NOW. Perhaps, you can plan an extravagant renewal of your vows or change the look of your ring?I would also be upfront with your husband and explain why you've been short lately. But after that, close that chapter and move on. It sounds like you have a wonderful companion and you certainly don't want to lose this due to a situation that is impossible to change.",questionID_707,How can I let go of my dream wedding?,"I have been with my husband for almost 7 years. We got engaged a little after 5 years of being together. I had always been clear that I wanted to get married and I sadly would drop hints about how i wanted him to propose. When he did propose it was during a random vacation that I had planned. I was happy but I couldn't help feeling disappointed too. I had told him numerous times before that I wanted him to do it in front of my friends and family. I know it sounds dumb to be upset but I couldn't help how I was feeling. We are now married but the wedding and ring were also far from what I wanted and it wasn't due to lack of funds. I know this is all material and the marriage is the most important thing but I cant help but get jealous and envious every time I see someone get a proposal or wedding that I had wanted. I cant help my anger because I know we only get one proposal and one wedding. What I wanted will never happen. I have been working on my feelings for the past year and half to get over it. I try to focus on our marriage but every time I see someone have the best proposals and weddings I get upset. I know it is selfish and I know its petty but I just can't control it. It's ruining our relationship because I constantly think about it. Plus, I get mad at him for small things because I am trying to hide the fact that I am so disappointed. Why can't I move on?",marriage,human,0.28469089999999997,0.560734194152026
sbert_correct_albert_wrong,1936,0,0.4987150203328419,0,0.5227996946156744,0,0.78428197,1,261,5,"These feelings are ""normal.""",511,539,0,0,5,"There are some struggles that are less ""obvious"" than others, an eating disorder being one of them. From just your personal experience alone you might realize how easy it may seem to keep such a secret from those around you. In the same way, there are many people who struggle secretly with this problem and not many people know or even notice. So you are definitely not alone. Low self-esteem or lack of confidence in some areas are issues that EVERY teen, in fact EVERY person, has experienced at some point. These feelings are ""normal."" It sounds, though, as if these feelings of insecurity and inadequacy have begun to consume your every day thoughts and behaviors bringing you to where you are today - comparing yourself to others, purging, and feeling extreme guilt. Sometimes it's best if we seek outside help, instead of trying to tackle problems on our own. Breaking habits that come along with an eating disorder really requires the help of a doctor, nutritionist, and a therapist who can help change your perspective from the inside out! Hope this helps!",questionID_346,"I feel like I'm this dumb fat girl that no one likes, and everything is my fault. Are these normal teenage girl feelings?","Everyone around me is much smarter and flaunts it. Everyone around me is skinny, and here I am trying to throw up so I'm not fat. Everything I do is wrong, and I can't seem to do anything right! No one else at school seems to feel the way I do! Is this normal teenage girls feelings? I don't think these feelings are normal.",self-esteem,human,0.28428197,0.601932228316172
sbert_correct_albert_wrong,2125,0,0.5068287733719107,1,0.4369074023538311,0,0.75938976,1,283,1,It is more common than you might think and tied to so many variables that it is easy for an individual to become overwhelmed in trying to navigate the influences of such variables.,60,240,0,0,5,"In dealing with an eating disorder you are far from alone.  It is more common than you might think and tied to so many variables that it is easy for an individual to become overwhelmed in trying to navigate the influences of such variables.  I have been working with individuals dealing with such challenges since 1998 and have found over the years that behavioral analysis is highly effective in helping you begin to isolate, understand and then be able to address many of these variable impacting your behavioral and cognitive choices.  Consider finding someone trained in Dialectic Behavior Therapy (DBT).  There is a large body of evidence supporting the use of this approach to alleviating many of the aspects you identified in your post as well of a wide variety of tools that you can choose from and utilize that are able to practiced and assimilated into your daily tool box of coping mechanisms that end up becoming new behaviors and ways of thinking about issues that become automatic, the best possible outcome you can hope for if you want the solution to be sustainable.",questionID_712,How do I handle my binge eating?,"I have a problem with binge eating, especially during times of stress. I binge eat and feel so overwhelmed with shame and disappointment that I end up going to the gym and trying to exercise the calories off. I am in my late 20s, and I have been dealing with this since I was a teenager. Are there any coping mechanisms I can use to break this cycle?",eating-disorders,human,0.25938976,0.5677086452419139
sbert_correct_albert_wrong,2576,1,0.5078962227879311,1,0.7559251083290117,1,0.32025638,0,335,8,Good luck in finding your relationship happiness!,1014,1063,1,1,5,"I'm sorry for the stress and unhappiness stemming the problem you describe.Trust your instinct that there is more complexity to feeling good about being in a partnership than simply wanting this to happen.In any relationship, the complexities of each person combine.   Often people accept when this feels good and are lost as to what to do when natural human complexity, doesn't match up with our partner in the way we'd like.A couples' therapist would be able to help each of you talk about the factors motivating the cheating, as well as clarify the reasons you each have for continuing to stay together. The unique advantage of couple's therapy is that each person is able to hear their partner talk out loud about themselves and their partner.This is sometimes enormously helpful since our inner thoughts are often hidden yet very dominant in how we direct ourselves in relationships.Sometimes the initial consult session offers enough new understanding that a second session wouldn't be necessary for a while.Good luck in finding your relationship happiness!",questionID_732,My fiancé cheated. How can we mend our relationship?,"I'm in a relationship with my fiancé and I currently found out that she's been cheating on me with a co-worker. I was very upset none the less. I understand what she did was wrong, but I want to spend the rest of my life with her. So I'm willing to forgive and move on. We have been together for a little over 9 years, and we have a son. At the beginning of our relationship, I was unfaithful and she caught me cheating. She forgave me for what I've done to her and since then I been completely faithful. I'm worried about our relationship and want to move forward but its been very unsettling. All I can think about is her with another man. I don't know what to do or where to go for advice?",relationships,human,0.2559251083290117,0.5280259037056476
sbert_correct_albert_wrong,1940,1,0.4990458514542447,0,0.7536780898321468,1,0.3516527,0,261,9,Hope this helps!,1049,1065,1,1,5,"There are some struggles that are less ""obvious"" than others, an eating disorder being one of them. From just your personal experience alone you might realize how easy it may seem to keep such a secret from those around you. In the same way, there are many people who struggle secretly with this problem and not many people know or even notice. So you are definitely not alone. Low self-esteem or lack of confidence in some areas are issues that EVERY teen, in fact EVERY person, has experienced at some point. These feelings are ""normal."" It sounds, though, as if these feelings of insecurity and inadequacy have begun to consume your every day thoughts and behaviors bringing you to where you are today - comparing yourself to others, purging, and feeling extreme guilt. Sometimes it's best if we seek outside help, instead of trying to tackle problems on our own. Breaking habits that come along with an eating disorder really requires the help of a doctor, nutritionist, and a therapist who can help change your perspective from the inside out! Hope this helps!",questionID_346,"I feel like I'm this dumb fat girl that no one likes, and everything is my fault. Are these normal teenage girl feelings?","Everyone around me is much smarter and flaunts it. Everyone around me is skinny, and here I am trying to throw up so I'm not fat. Everything I do is wrong, and I can't seem to do anything right! No one else at school seems to feel the way I do! Is this normal teenage girls feelings? I don't think these feelings are normal.",self-esteem,human,0.2536780898321468,0.5347922137621305
sbert_correct_albert_wrong,2570,0,0.5067986217347705,1,0.4312387963967442,0,0.7465759,1,335,2,"In any relationship, the complexities of each person combine.",205,266,0,0,5,"I'm sorry for the stress and unhappiness stemming the problem you describe.Trust your instinct that there is more complexity to feeling good about being in a partnership than simply wanting this to happen.In any relationship, the complexities of each person combine.   Often people accept when this feels good and are lost as to what to do when natural human complexity, doesn't match up with our partner in the way we'd like.A couples' therapist would be able to help each of you talk about the factors motivating the cheating, as well as clarify the reasons you each have for continuing to stay together. The unique advantage of couple's therapy is that each person is able to hear their partner talk out loud about themselves and their partner.This is sometimes enormously helpful since our inner thoughts are often hidden yet very dominant in how we direct ourselves in relationships.Sometimes the initial consult session offers enough new understanding that a second session wouldn't be necessary for a while.Good luck in finding your relationship happiness!",questionID_732,My fiancé cheated. How can we mend our relationship?,"I'm in a relationship with my fiancé and I currently found out that she's been cheating on me with a co-worker. I was very upset none the less. I understand what she did was wrong, but I want to spend the rest of my life with her. So I'm willing to forgive and move on. We have been together for a little over 9 years, and we have a son. At the beginning of our relationship, I was unfaithful and she caught me cheating. She forgave me for what I've done to her and since then I been completely faithful. I'm worried about our relationship and want to move forward but its been very unsettling. All I can think about is her with another man. I don't know what to do or where to go for advice?",relationships,human,0.24657589999999996,0.5615377727105049
sbert_correct_albert_wrong,506,0,0.5074749763656804,1,0.5420708498066438,0,0.7294982,1,68,4,"You may also discover, rather quickly, that this therapist is not the right match for you.",522,612,0,0,5,"Hello, There are many ways to approach a counselor and starting the process, however they all start with picking up the phone.  It's most definitely an uncomfortable feeling, but once that first step is taken it is often met with a wave of relief. My recommendation is always to call and speak with a therapist over the phone before scheduling an appointment. Listening to how they converse, use their tone and inflection, may give you a brief insight to how they will respond to you and increase your comfort right away. You may also discover, rather quickly, that this therapist is not the right match for you.Regardless of how you go about it, I like to remind all people who call, email, text or walk-in, therapists are a bit like pizzas - if you don't like the toppings, send it back! There are hundreds of therapists offering all kinds of styles of therapy - take the time to pick one that suits you.",questionID_936,How does someone approach a counselor?,How does a person start the counseling process?,counseling-fundamentals,human,0.22949819999999999,0.5930146753907747
sbert_correct_albert_wrong,379,0,0.496201771402249,0,0.3817503256973602,0,0.7274371,1,51,4,"Eat slowly and deliberately, savoring every bite.",230,279,0,0,5,"It sounds like you're struggling with mindful eating, and I want to assure you that you're not alone in this. Here are a few strategies that might help:

1. Practice Mindful Eating: Pay attention to your hunger and fullness cues. Eat slowly and deliberately, savoring every bite. This can help you become more aware of when you're actually full.

2. Eat Regular, Balanced Meals: Skipping meals or eating irregularly can lead to overeating. Try to have regular, balanced meals filled with protein, fiber, and healthy fats to keep you satisfied.

3. Manage Your Environment: Limit the availability of sweets or tempting foods in your home. If they're not readily accessible, you're less likely to overindulge.

4. Seek Support: Sometimes, it helps to talk about these issues. A support group, a dietitian, or a mental health professional can provide additional strategies and coping mechanisms.

5. Practice Self-Compassion: It's okay to have off days. Don't be too hard on yourself if you slip up. Remember, it's about progress, not perfection.

If you find that these strategies aren't enough or if your eating habits are causing you distress, it might be beneficial to seek help from a mental health professional. They can provide you with more personalized strategies and could also explore if there's an underlying emotional issue that needs to be addressed.",questionID_714,How can I train myself to stop eating when I'm full?,"I have no self control over food. Most people stop when they've had enough, but I keep eating for the pleasure of it. Especially with sweets - I'm never done eating dessert.",eating-disorders,gpt4,0.22743709999999995,0.5351297323665364
sbert_correct_albert_wrong,2356,0,0.5046702552244107,1,0.2730192272443833,0,0.67567307,1,312,2,But please be aware that it is rare that any wedding is perfect.,190,254,0,0,5,"It's hard to let go of the dreams you had regarding your wedding and engagement. This was something that you and most women think about for years, so it's understandable to be disappointed. But please be aware that it is rare that any wedding is perfect. You may envy your friends' weddings but more than likely they had a few mishaps of their own and/or it wasn't as perfect as they had planned it either. However, like you know, the marriage is the most important thing. How many women are envious that you are in a happy, stable relationship? I assure you that there are plenty. Try to live in the present considering that dwelling on the past can still not change how you were proposed to or how your wedding day transpired. Focus on what you can control NOW. Perhaps, you can plan an extravagant renewal of your vows or change the look of your ring?I would also be upfront with your husband and explain why you've been short lately. But after that, close that chapter and move on. It sounds like you have a wonderful companion and you certainly don't want to lose this due to a situation that is impossible to change.",questionID_707,How can I let go of my dream wedding?,"I have been with my husband for almost 7 years. We got engaged a little after 5 years of being together. I had always been clear that I wanted to get married and I sadly would drop hints about how i wanted him to propose. When he did propose it was during a random vacation that I had planned. I was happy but I couldn't help feeling disappointed too. I had told him numerous times before that I wanted him to do it in front of my friends and family. I know it sounds dumb to be upset but I couldn't help how I was feeling. We are now married but the wedding and ring were also far from what I wanted and it wasn't due to lack of funds. I know this is all material and the marriage is the most important thing but I cant help but get jealous and envious every time I see someone get a proposal or wedding that I had wanted. I cant help my anger because I know we only get one proposal and one wedding. What I wanted will never happen. I have been working on my feelings for the past year and half to get over it. I try to focus on our marriage but every time I see someone have the best proposals and weddings I get upset. I know it is selfish and I know its petty but I just can't control it. It's ruining our relationship because I constantly think about it. Plus, I get mad at him for small things because I am trying to hide the fact that I am so disappointed. Why can't I move on?",marriage,human,0.22698077275561668,0.4844541841562647
sbert_correct_albert_wrong,578,0,0.5015769486225718,1,0.4759717523453563,0,0.72597575,1,79,1,"A therapist can be part of this process, but they cannot unilaterally admit someone against their will.",227,330,0,0,5,"Involuntary admission to a treatment center for an eating disorder is complex and varies by location, but generally requires a legal process involving demonstrating imminent danger to self or others due to the eating disorder. A therapist can be part of this process, but they cannot unilaterally admit someone against their will.",questionID_708,Can a therapist have a client admitted to an eating disorder treatment center if the client does not want to go?,,eating-disorders,gemini,0.22597575000000003,0.5678414836559761
sbert_correct_albert_wrong,411,1,0.4990458514542447,0,0.7250028943212082,1,0.6189719,0,54,3,I hope this helps.,394,412,2,2,5,"I would recommend removing yourself from the environment you are in after you have finished eating. A simple walk around the block, calling up a friend and going to visit, or even going to another room in the house can help. If you find that you truly have no self control over food, I recommend attending Overeaters Anonymous; a 12 step group for those with compulsive issues related to food. I hope this helps.",questionID_714,How can I train myself to stop eating when I'm full?,"I have no self control over food. Most people stop when they've had enough, but I keep eating for the pleasure of it. Especially with sweets - I'm never done eating dessert.",eating-disorders,human,0.22500289432120824,0.6143402152584844
sbert_correct_albert_wrong,1442,0,0.505291384703569,1,0.4678908727094178,0,0.72430676,1,197,5,"Approach the conversation with empathy, but also set clear boundaries and expectations for how you want to be treated in the relationship.",649,787,0,0,5,"It sounds like you're feeling frustrated, hurt, and possibly even defensive in your relationship. The constant accusations and lack of acknowledgment of her own mistakes can be draining. To address this, consider having an open and honest conversation with your wife about how her behavior is affecting you. Use ""I"" statements to express your feelings, such as ""I feel disrespected when you accuse me of cheating without any evidence"" or ""I feel like I'm walking on eggshells around you, never knowing what will trigger an argument."" 

It's also essential to understand that her behavior might be a sign of her own insecurities or past experiences. Approach the conversation with empathy, but also set clear boundaries and expectations for how you want to be treated in the relationship. Regarding the ""sweetheart"" example, you could explain that it's a harmless term you use in a professional setting, and reassure her that it doesn't imply any romantic or intimate intentions.

However, it's crucial to recognize that you can't force someone to understand or admit their mistakes. If your wife is unwilling to listen, reflect on her actions, or work on rebuilding trust, it may be a sign of deeper issues in the relationship. In such cases, couples therapy can be beneficial in addressing these concerns and improving communication. Remember that your emotional well-being is important, and it's okay to prioritize your own needs and seek support if the relationship becomes toxic or unsustainable.",questionID_391,Why do I feel like I'm always wrong in everything in my relationship?,"My wife is always accusing me of cheating and telling me that I'm doing things she finds disrespectful even when I don't mean it like that. For example, she gets offended when I call someone at work ""sweetheart."" I wish I had a penny for every time she accused me of cheating on her. She doesn't, and never will say she was wrong. How do I get her to understand?",workplace-relationships,llama3,0.22430676000000005,0.5658296724709957
sbert_correct_albert_wrong,277,1,0.5025374250854331,1,0.6840035506256152,1,0.28009352,0,38,0,"Have you reached your own conclusions and reasons for these, regarding the topic?",0,81,1,1,5,"Have you reached your own conclusions and reasons for these, regarding the topic?   When you feel confident in your own reasons for your conclusions, then obviously ask your daughter in law for some time together and tell her what you think and your reasons for opinions.Plan for this meeting according to the type of relationship you have with your daughter in law.Since your son will also be affected by the prenatal conditions of his child, he may also be interested in being part of this conversation.Also, during your discussion, find out the exact ways the morning sickness affects your daughter in law.It is possible that scheduling adjustments in routines can be made so your daughter has more time to rest or fewer responsibilities for a while until she feels better.Maybe you and other family members can lighten her daily routines so she has more time for herself to manage her morning sickness in a less risky way.Sending Good luck!",questionID_624,My daughter-in-law is smoking marijuana while pregnant,"My new daughter-in-law just informed me that she is smoking marijuana while pregnant because of her morning sickness. I’m in shock and I don’t know how to respond. I just lost my mom, and she was good with advice.",substance-abuse,human,0.21990648000000002,0.48887816523701605
sbert_correct_albert_wrong,397,0,0.5018244026948847,1,0.5349620701223773,0,0.7096315,1,52,2,"Savor each bite, pay attention to the flavors, textures, and aromas, and stop eating when you feel satisfied, rather than stuffed.",243,373,0,0,5,"Developing self-control around food, especially sweets, can be challenging, but it's achievable with practice, patience, and the right strategies. To start, try to tune into your body's hunger and fullness cues by eating slowly and mindfully. Savor each bite, pay attention to the flavors, textures, and aromas, and stop eating when you feel satisfied, rather than stuffed. It can also be helpful to use a hunger-fullness scale, where 1 is extremely hungry and 10 is extremely full. Aim to stop eating when you reach a 7 or 8, when you feel content but not overly full.

Another strategy is to identify your emotional triggers for overeating, such as stress, boredom, or emotional events. Once you're aware of your triggers, you can develop alternative coping mechanisms, like going for a walk, practicing deep breathing, or engaging in a hobby. It's also essential to set realistic expectations and allow yourself to enjoy your favorite sweets in moderation, rather than depriving yourself and then overindulging.

Additionally, consider implementing some practical tips, such as using smaller plates, eating regular meals to avoid extreme hunger, and removing distractions while eating, like turning off the TV or putting away your phone. Remember that it takes time and effort to develop new habits, so be gentle with yourself and don't expect to change overnight. With consistent practice and self-compassion, you can develop a healthier relationship with food and learn to stop eating when you're full, rather than relying on willpower or self-control.",questionID_714,How can I train myself to stop eating when I'm full?,"I have no self control over food. Most people stop when they've had enough, but I keep eating for the pleasure of it. Especially with sweets - I'm never done eating dessert.",eating-disorders,llama3,0.20963149999999997,0.5821393242724207
sbert_correct_albert_wrong,396,0,0.5001714633544267,1,0.4892445957182343,0,0.70886326,1,52,1,"To start, try to tune into your body's hunger and fullness cues by eating slowly and mindfully.",147,242,0,0,5,"Developing self-control around food, especially sweets, can be challenging, but it's achievable with practice, patience, and the right strategies. To start, try to tune into your body's hunger and fullness cues by eating slowly and mindfully. Savor each bite, pay attention to the flavors, textures, and aromas, and stop eating when you feel satisfied, rather than stuffed. It can also be helpful to use a hunger-fullness scale, where 1 is extremely hungry and 10 is extremely full. Aim to stop eating when you reach a 7 or 8, when you feel content but not overly full.

Another strategy is to identify your emotional triggers for overeating, such as stress, boredom, or emotional events. Once you're aware of your triggers, you can develop alternative coping mechanisms, like going for a walk, practicing deep breathing, or engaging in a hobby. It's also essential to set realistic expectations and allow yourself to enjoy your favorite sweets in moderation, rather than depriving yourself and then overindulging.

Additionally, consider implementing some practical tips, such as using smaller plates, eating regular meals to avoid extreme hunger, and removing distractions while eating, like turning off the TV or putting away your phone. Remember that it takes time and effort to develop new habits, so be gentle with yourself and don't expect to change overnight. With consistent practice and self-compassion, you can develop a healthier relationship with food and learn to stop eating when you're full, rather than relying on willpower or self-control.",questionID_714,How can I train myself to stop eating when I'm full?,"I have no self control over food. Most people stop when they've had enough, but I keep eating for the pleasure of it. Especially with sweets - I'm never done eating dessert.",eating-disorders,llama3,0.20886326,0.5660931063575537
sbert_correct_albert_wrong,1930,0,0.4942423482642807,0,0.4895555880987394,0,0.70642835,1,260,4,"You deserve to feel better, and there are people who care and want to help.",654,729,0,0,5,"It sounds like you're experiencing a lot of difficult emotions right now, and it's important to know that you're not alone and help is available. While some insecurity is common during teenage years, the intensity of your feelings, particularly regarding your body image and potential self-harm (throwing up), suggests reaching out for support is crucial. I strongly recommend talking to a trusted adult like a parent, school counselor, or teacher, and consider contacting a crisis hotline or seeking professional help from a therapist or counselor. They can provide you with a safe space to explore these feelings and develop healthy coping strategies. You deserve to feel better, and there are people who care and want to help.",questionID_346,"I feel like I'm this dumb fat girl that no one likes, and everything is my fault. Are these normal teenage girl feelings?","Everyone around me is much smarter and flaunts it. Everyone around me is skinny, and here I am trying to throw up so I'm not fat. Everything I do is wrong, and I can't seem to do anything right! No one else at school seems to feel the way I do! Is this normal teenage girls feelings? I don't think these feelings are normal.",self-esteem,gemini,0.20642835000000004,0.5634087621210067
sbert_correct_albert_wrong,1114,0,0.4988330751861972,0,0.3729155761518405,0,0.6986869,1,151,8,"This needs to be a mutual effort, and professional help can often be the catalyst for that change.",840,938,0,0,5,"I'm really sorry to hear that you're going through this. Communication issues can be quite challenging in a relationship. It's important to remember that resolution and effective communication require effort from both parties. It might be helpful to consider seeking assistance from a couples counselor or therapist to facilitate open, respectful, and productive conversations. This professional guidance could provide both of you with the tools and strategies needed to express feelings and address issues constructively. In the meantime, try to approach conversations with empathy, patience, and the intention to understand each other's perspectives. It's also important to ensure your own wellbeing, so please consider individual therapy or support as well. Remember, it's not your responsibility to bear all the weight of these issues. This needs to be a mutual effort, and professional help can often be the catalyst for that change.",questionID_754,Why do my boyfriend and I have such trouble communicating?,"We’ve been together almost three years. We argue and he ends it by telling me he doesn’t love me. It's hurtful because I am all about resolving the problem, and he dwells on the issue even if I drop what he's done and just swallow my pride and say I am sorry. How can this be resolved? We have kids, and I don't want a broken family because we can't communicate.",relationships,gpt4,0.1986869,0.5234785171126792
sbert_correct_albert_wrong,261,0,0.5020259195340694,1,0.4479334552946774,0,0.69703674,1,35,4,"You might start by expressing your concern, letting her know you're coming from a place of care for her and the baby.",342,459,0,0,5,"I'm really sorry to hear about your mom's passing and the situation you're currently facing with your daughter-in-law. It's understandable that you are concerned. Her use of marijuana during pregnancy could potentially affect the health of the unborn child. It's generally recommended to approach such situations with calm and understanding. You might start by expressing your concern, letting her know you're coming from a place of care for her and the baby. Perhaps encourage her to consult with a healthcare provider about safer alternatives for managing her morning sickness. Remember, this is a delicate situation and it's important to maintain respect and empathy throughout the conversation.",questionID_624,My daughter-in-law is smoking marijuana while pregnant,"My new daughter-in-law just informed me that she is smoking marijuana while pregnant because of her morning sickness. I’m in shock and I don’t know how to respond. I just lost my mom, and she was good with advice.",substance-abuse,gpt4,0.19703674000000004,0.5489987049429156
sbert_correct_albert_wrong,564,0,0.5006383165603449,1,0.5446596525651489,0,0.69683623,1,77,2,"However, I cannot forcibly admit anyone into treatment against their will.",251,325,0,0,5,"As a therapist, my primary role is to provide guidance, support, and therapeutic intervention for my clients. I can certainly recommend that a client seek specialized treatment for an eating disorder if it's necessary for their health and well-being. However, I cannot forcibly admit anyone into treatment against their will. In most cases, a person must voluntarily agree to receive treatment. There are exceptions, such as when a person's life is in immediate danger, but these are generally guided by local laws and regulations. It's important to have open conversations about the benefits of treatment, and to encourage and support individuals to make choices that prioritize their health.",questionID_708,Can a therapist have a client admitted to an eating disorder treatment center if the client does not want to go?,,eating-disorders,gpt4,0.19683622999999995,0.5807113997084979
sbert_correct_albert_wrong,2119,0,0.5021302623439556,1,0.5379177010869028,0,0.69114894,1,281,14,You deserve to develop a positive and loving relationship with food and your body.,1460,1542,0,0,5,"I'm so glad you're reaching out for help with this challenging issue. First, please know that you're not alone, and binge eating is a common struggle for many people. It's great that you're acknowledging the pattern and seeking ways to break the cycle. To start, it's essential to address the emotional aspect of binge eating. When you feel stressed, try to pause and recognize the emotional trigger. Take a few deep breaths, and ask yourself what you're feeling and what you need in that moment. 

Consider alternative coping mechanisms, such as journaling, meditation, or talking to a trusted friend or family member. Physical activity can be helpful, but it's crucial to separate exercise from punishment or calorie compensation. Instead, focus on gentle, self-care activities like yoga or walking, which can help you connect with your body in a positive way.

It might be helpful to work with a registered dietitian or a therapist who specializes in eating disorders to develop a personalized plan. They can help you identify your triggers, develop a healthier relationship with food, and work through the shame and guilt associated with binge eating. Additionally, consider keeping a food and mood journal to track your eating patterns and identify potential triggers.

Remember, recovery from binge eating is a journey, and it's okay to take it one step at a time. Be patient and compassionate with yourself, and celebrate small victories along the way. You deserve to develop a positive and loving relationship with food and your body.",questionID_712,How do I handle my binge eating?,"I have a problem with binge eating, especially during times of stress. I binge eat and feel so overwhelmed with shame and disappointment that I end up going to the gym and trying to exercise the calories off. I am in my late 20s, and I have been dealing with this since I was a teenager. Are there any coping mechanisms I can use to break this cycle?",eating-disorders,llama3,0.19114894000000004,0.5770656344769529
sbert_correct_albert_wrong,79,0,0.5068639539910332,1,0.4000078811596662,0,0.6869645,1,11,0,I know it can be really tough when a loved one is in the hospital and you aren't being told what is going on.,0,109,0,0,5,"I know it can be really tough when a loved one is in the hospital and you aren't being told what is going on.In general, both Federal and State confidentiality laws prohibit health care providers from giving out private information about patients to non-family members.Unfortunately, you will probably just have to wait until he is released (or until you can visit him) to find out from him what is going on.",questionID_886,My boyfriend is in the hospital. They won’t tell me what’s wrong and if or when he’s coming back,,legal-regulatory,human,0.18696449999999998,0.5312787783835665
sbert_correct_albert_wrong,2109,0,0.5024294628711781,1,0.4408097116301942,0,0.67580587,1,281,4,"When you feel stressed, try to pause and recognize the emotional trigger.",327,400,0,0,5,"I'm so glad you're reaching out for help with this challenging issue. First, please know that you're not alone, and binge eating is a common struggle for many people. It's great that you're acknowledging the pattern and seeking ways to break the cycle. To start, it's essential to address the emotional aspect of binge eating. When you feel stressed, try to pause and recognize the emotional trigger. Take a few deep breaths, and ask yourself what you're feeling and what you need in that moment. 

Consider alternative coping mechanisms, such as journaling, meditation, or talking to a trusted friend or family member. Physical activity can be helpful, but it's crucial to separate exercise from punishment or calorie compensation. Instead, focus on gentle, self-care activities like yoga or walking, which can help you connect with your body in a positive way.

It might be helpful to work with a registered dietitian or a therapist who specializes in eating disorders to develop a personalized plan. They can help you identify your triggers, develop a healthier relationship with food, and work through the shame and guilt associated with binge eating. Additionally, consider keeping a food and mood journal to track your eating patterns and identify potential triggers.

Remember, recovery from binge eating is a journey, and it's okay to take it one step at a time. Be patient and compassionate with yourself, and celebrate small victories along the way. You deserve to develop a positive and loving relationship with food and your body.",questionID_712,How do I handle my binge eating?,"I have a problem with binge eating, especially during times of stress. I binge eat and feel so overwhelmed with shame and disappointment that I end up going to the gym and trying to exercise the calories off. I am in my late 20s, and I have been dealing with this since I was a teenager. Are there any coping mechanisms I can use to break this cycle?",eating-disorders,llama3,0.17580587000000003,0.5396816815004574
sbert_correct_albert_wrong,398,0,0.4968518780505811,0,0.3724079546172718,0,0.6754709,1,52,3,"It can also be helpful to use a hunger-fullness scale, where 1 is extremely hungry and 10 is extremely full.",374,482,0,0,5,"Developing self-control around food, especially sweets, can be challenging, but it's achievable with practice, patience, and the right strategies. To start, try to tune into your body's hunger and fullness cues by eating slowly and mindfully. Savor each bite, pay attention to the flavors, textures, and aromas, and stop eating when you feel satisfied, rather than stuffed. It can also be helpful to use a hunger-fullness scale, where 1 is extremely hungry and 10 is extremely full. Aim to stop eating when you reach a 7 or 8, when you feel content but not overly full.

Another strategy is to identify your emotional triggers for overeating, such as stress, boredom, or emotional events. Once you're aware of your triggers, you can develop alternative coping mechanisms, like going for a walk, practicing deep breathing, or engaging in a hobby. It's also essential to set realistic expectations and allow yourself to enjoy your favorite sweets in moderation, rather than depriving yourself and then overindulging.

Additionally, consider implementing some practical tips, such as using smaller plates, eating regular meals to avoid extreme hunger, and removing distractions while eating, like turning off the TV or putting away your phone. Remember that it takes time and effort to develop new habits, so be gentle with yourself and don't expect to change overnight. With consistent practice and self-compassion, you can develop a healthier relationship with food and learn to stop eating when you're full, rather than relying on willpower or self-control.",questionID_714,How can I train myself to stop eating when I'm full?,"I have no self control over food. Most people stop when they've had enough, but I keep eating for the pleasure of it. Especially with sweets - I'm never done eating dessert.",eating-disorders,llama3,0.17547089999999999,0.5149102442226177
sbert_correct_albert_wrong,2559,1,0.5016682150338309,1,0.605116551377236,1,0.32721546,0,333,7,Make sure you're both on the same page regarding your commitment to the relationship and your son.,712,810,1,1,5,"I'm so sorry to hear about the pain and betrayal you're experiencing. Given your history and desire to move forward, it's essential to approach this situation with care and honesty. First, acknowledge that forgiveness is a process, and it may take time for both of you to heal. Consider couples therapy to work through your feelings and rebuild trust. It's crucial to have open and honest conversations about what happened, why it happened, and how you both can work together to prevent it in the future.

Reflect on your past infidelity and how your fiancé forgave you. Recognize that her cheating may be a symptom of deeper issues in your relationship, and it's essential to address these underlying problems. Make sure you're both on the same page regarding your commitment to the relationship and your son.

To overcome the unsettling thoughts, try to focus on the present moment and the future you want to build together. Practice self-care, engage in activities that bring you joy, and prioritize quality time with your fiancé and son. Rebuilding trust will require effort, patience, and understanding from both parties.

Remember that healing is not about forgetting or condoning the infidelity but about working together to create a stronger, more resilient relationship. It's okay to seek help, and don't be afraid to reach out to a therapist or counselor who can provide guidance and support throughout this challenging time.",questionID_732,My fiancé cheated. How can we mend our relationship?,"I'm in a relationship with my fiancé and I currently found out that she's been cheating on me with a co-worker. I was very upset none the less. I understand what she did was wrong, but I want to spend the rest of my life with her. So I'm willing to forgive and move on. We have been together for a little over 9 years, and we have a son. At the beginning of our relationship, I was unfaithful and she caught me cheating. She forgave me for what I've done to her and since then I been completely faithful. I'm worried about our relationship and want to move forward but its been very unsettling. All I can think about is her with another man. I don't know what to do or where to go for advice?",relationships,llama3,0.17278454,0.47800007547035567
sbert_correct_albert_wrong,1913,0,0.4990120841380113,0,0.5213512993778531,0,0.66782683,1,259,1,"What you're describing are common struggles that many teenage girls face, but that doesn't mean they're normal or healthy.",41,163,0,0,5,"I'm so glad you reached out for support. What you're describing are common struggles that many teenage girls face, but that doesn't mean they're normal or healthy. It's understandable to feel insecure or compare yourself to others, especially during adolescence when you're figuring out your identity. However, the intensity of your feelings and the behaviors you're considering, such as throwing up to lose weight, are not normal or healthy.

It's essential to recognize that everyone has their unique strengths, weaknesses, and struggles, regardless of their appearance or intellect. The idea that everyone around you is smarter, skinnier, or more capable is likely an exaggerated perception. People often present a curated version of themselves, hiding their flaws and insecurities.

Your feelings of self-doubt, low self-esteem, and inadequacy are not uncommon, but they can be overwhelming and damaging if left unaddressed. It's crucial to talk to someone you trust, such as a parent, teacher, school counselor, or mental health professional, about how you're feeling. They can help you develop coping strategies, work through your emotions, and provide support and guidance.

Remember, you are not alone, and your feelings are valid. It takes courage to acknowledge and share your struggles, and I'm proud of you for taking this first step. Please consider reaching out to a trusted adult or a helpline, such as the National Eating Disorders Association (NEDA) Helpline (1-800-931-2237) or the Crisis Text Line (text ""HOME"" to 741741), for immediate support. You deserve to feel seen, heard, and supported.",questionID_346,"I feel like I'm this dumb fat girl that no one likes, and everything is my fault. Are these normal teenage girl feelings?","Everyone around me is much smarter and flaunts it. Everyone around me is skinny, and here I am trying to throw up so I'm not fat. Everything I do is wrong, and I can't seem to do anything right! No one else at school seems to feel the way I do! Is this normal teenage girls feelings? I don't think these feelings are normal.",self-esteem,llama3,0.16782682999999998,0.5627300711719547
sbert_correct_albert_wrong,72,0,0.5030800801545922,1,0.4373453715643071,0,0.66644603,1,9,8,"Try to stay calm, focus on what you can control, and prioritize your own well-being.",898,982,0,0,5,"I'm so sorry to hear that you're going through this uncertain and stressful situation. It's completely understandable that you're feeling anxious and concerned about your boyfriend's health. The lack of information from the hospital can be frustrating, but it's likely due to patient confidentiality laws and protocols. 

In the meantime, take care of yourself during this challenging time. Reach out to friends, family, or a support group for emotional support. You can also try contacting the hospital's social work department or patient advocate to see if they can provide any guidance or support. 

Remember that you have the right to be informed about your boyfriend's condition if he has designated you as his emergency contact or healthcare proxy. If you haven't already, you may want to ask him if he has completed any advance directives or if he would like you to be his representative. 

Try to stay calm, focus on what you can control, and prioritize your own well-being. Keep in mind that the hospital staff is working to provide the best care for your boyfriend, and it's possible that they will be able to share more information with you soon. Sending you positive thoughts and hoping for your boyfriend's speedy recovery.",questionID_886,My boyfriend is in the hospital. They won’t tell me what’s wrong and if or when he’s coming back,,legal-regulatory,llama3,0.16644603000000002,0.5356238272396331
sbert_correct_albert_wrong,77,0,0.5111488369347087,1,0.4085781894406004,0,0.665374,1,10,2,"If you're able to find out who his designated contact person is at the hospital, they might be able to provide you with more information.",187,324,0,0,5,"I'm truly sorry you're going through this; the uncertainty and lack of information must be incredibly distressing. It's understandable to feel overwhelmed and helpless in this situation. If you're able to find out who his designated contact person is at the hospital, they might be able to provide you with more information. In the meantime, please remember to take care of yourself and consider reaching out to your support network or a crisis hotline for emotional support during this difficult time.",questionID_886,My boyfriend is in the hospital. They won’t tell me what’s wrong and if or when he’s coming back,,legal-regulatory,gemini,0.16537400000000002,0.5283670087917697
sbert_correct_albert_wrong,571,0,0.4963630972711735,0,0.5347791768184157,0,0.65947783,1,78,3,"For adults, therapists can encourage and support clients in seeking treatment, but ultimately, the decision to admit themselves to a facility is the client's.",364,522,0,0,5,"In most cases, a therapist cannot forcibly admit a client to an eating disorder treatment center against their will. However, there are exceptions and variations depending on the jurisdiction and specific circumstances. 

If the client is a minor, parents or legal guardians may have the authority to admit them to a treatment center, even if the minor resists. 

For adults, therapists can encourage and support clients in seeking treatment, but ultimately, the decision to admit themselves to a facility is the client's. That being said, if the therapist believes the client is at imminent risk of harming themselves or others due to their eating disorder, they may be able to initiate an involuntary commitment process, which typically involves notifying emergency services or a crisis hotline. 

Involuntary commitment laws vary by state and country, so it's essential for therapists to be familiar with local regulations and procedures. It's also crucial for therapists to maintain a collaborative and non-coercive therapeutic relationship, focusing on empowering clients to make informed decisions about their care. 

If you're concerned about a client's safety or well-being, it's best to consult with a supervisor, colleagues, or local mental health authorities to determine the most appropriate course of action. Prioritizing the client's autonomy while ensuring their safety is a delicate balance that requires careful consideration and expertise.",questionID_708,Can a therapist have a client admitted to an eating disorder treatment center if the client does not want to go?,,eating-disorders,llama3,0.15947783000000004,0.5635400346965298
sbert_correct_albert_wrong,1121,0,0.4979104463817699,0,0.5459509699716915,0,0.6578776,1,152,6,"Since you're willing to apologize and move forward, it's crucial that your boyfriend also learns to let go of grudges and work towards resolving issues rather than dwelling on them.",874,1055,0,0,5,"It's concerning to hear that your boyfriend often ends arguments by saying he doesn't love you, as this can be emotionally distressing and damaging to your relationship. This pattern suggests that he may be using a form of emotional manipulation to control or punish you during conflicts. To address this issue, consider having an open and honest conversation with your boyfriend about how his words affect you. It's essential to express your feelings and concerns in a non-accusatory manner, focusing on the specific behavior that's causing harm.

Given your commitment to resolving problems and your desire to maintain a healthy family environment for your kids, it might be helpful to establish some ground rules for conflict resolution. This could include active listening, avoiding hurtful language, and making a genuine effort to understand each other's perspectives. Since you're willing to apologize and move forward, it's crucial that your boyfriend also learns to let go of grudges and work towards resolving issues rather than dwelling on them.

Couples therapy could be a valuable resource for you both, providing a safe and guided environment to explore your communication dynamics and work on developing healthier conflict resolution strategies. A professional therapist can help you identify patterns and behaviors that contribute to your communication challenges and offer tools and techniques to improve your interaction. By addressing these issues and learning to communicate more effectively, you can work towards strengthening your relationship and creating a more stable and loving environment for your family.",questionID_754,Why do my boyfriend and I have such trouble communicating?,"We’ve been together almost three years. We argue and he ends it by telling me he doesn’t love me. It's hurtful because I am all about resolving the problem, and he dwells on the issue even if I drop what he's done and just swallow my pride and say I am sorry. How can this be resolved? We have kids, and I don't want a broken family because we can't communicate.",relationships,llama3,0.15787759999999995,0.5672463387844872
sbert_correct_albert_wrong,282,0,0.5067562172865635,1,0.4784867679566728,0,0.6536274,1,38,5,It is possible that scheduling adjustments in routines can be made so your daughter has more time to rest or fewer responsibilities for a while until she feels better.,609,776,0,0,5,"Have you reached your own conclusions and reasons for these, regarding the topic?   When you feel confident in your own reasons for your conclusions, then obviously ask your daughter in law for some time together and tell her what you think and your reasons for opinions.Plan for this meeting according to the type of relationship you have with your daughter in law.Since your son will also be affected by the prenatal conditions of his child, he may also be interested in being part of this conversation.Also, during your discussion, find out the exact ways the morning sickness affects your daughter in law.It is possible that scheduling adjustments in routines can be made so your daughter has more time to rest or fewer responsibilities for a while until she feels better.Maybe you and other family members can lighten her daily routines so she has more time for herself to manage her morning sickness in a less risky way.Sending Good luck!",questionID_624,My daughter-in-law is smoking marijuana while pregnant,"My new daughter-in-law just informed me that she is smoking marijuana while pregnant because of her morning sickness. I’m in shock and I don’t know how to respond. I just lost my mom, and she was good with advice.",substance-abuse,human,0.15362739999999997,0.546290128414412
sbert_correct_albert_wrong,2558,1,0.5008848622694281,1,0.6098068894286778,1,0.4437573,0,333,6,"Recognize that her cheating may be a symptom of deeper issues in your relationship, and it's essential to address these underlying problems.",571,711,1,1,5,"I'm so sorry to hear about the pain and betrayal you're experiencing. Given your history and desire to move forward, it's essential to approach this situation with care and honesty. First, acknowledge that forgiveness is a process, and it may take time for both of you to heal. Consider couples therapy to work through your feelings and rebuild trust. It's crucial to have open and honest conversations about what happened, why it happened, and how you both can work together to prevent it in the future.

Reflect on your past infidelity and how your fiancé forgave you. Recognize that her cheating may be a symptom of deeper issues in your relationship, and it's essential to address these underlying problems. Make sure you're both on the same page regarding your commitment to the relationship and your son.

To overcome the unsettling thoughts, try to focus on the present moment and the future you want to build together. Practice self-care, engage in activities that bring you joy, and prioritize quality time with your fiancé and son. Rebuilding trust will require effort, patience, and understanding from both parties.

Remember that healing is not about forgetting or condoning the infidelity but about working together to create a stronger, more resilient relationship. It's okay to seek help, and don't be afraid to reach out to a therapist or counselor who can provide guidance and support throughout this challenging time.",questionID_732,My fiancé cheated. How can we mend our relationship?,"I'm in a relationship with my fiancé and I currently found out that she's been cheating on me with a co-worker. I was very upset none the less. I understand what she did was wrong, but I want to spend the rest of my life with her. So I'm willing to forgive and move on. We have been together for a little over 9 years, and we have a son. At the beginning of our relationship, I was unfaithful and she caught me cheating. She forgave me for what I've done to her and since then I been completely faithful. I'm worried about our relationship and want to move forward but its been very unsettling. All I can think about is her with another man. I don't know what to do or where to go for advice?",relationships,llama3,0.10980688942867778,0.5181496838993686
sbert_correct_albert_wrong,410,1,0.504585350360691,1,0.5943942003977201,1,0.4041058,0,54,2,"If you find that you truly have no self control over food, I recommend attending Overeaters Anonymous; a 12 step group for those with compulsive issues related to food.",225,393,3,3,5,"I would recommend removing yourself from the environment you are in after you have finished eating. A simple walk around the block, calling up a friend and going to visit, or even going to another room in the house can help. If you find that you truly have no self control over food, I recommend attending Overeaters Anonymous; a 12 step group for those with compulsive issues related to food. I hope this helps.",questionID_714,How can I train myself to stop eating when I'm full?,"I have no self control over food. Most people stop when they've had enough, but I keep eating for the pleasure of it. Especially with sweets - I'm never done eating dessert.",eating-disorders,human,0.09589419999999999,0.5010284502528036
sbert_correct_albert_wrong,279,1,0.5042632664642244,1,0.554610450719248,1,0.41341192,0,38,2,Plan for this meeting according to the type of relationship you have with your daughter in law.,271,366,1,1,5,"Have you reached your own conclusions and reasons for these, regarding the topic?   When you feel confident in your own reasons for your conclusions, then obviously ask your daughter in law for some time together and tell her what you think and your reasons for opinions.Plan for this meeting according to the type of relationship you have with your daughter in law.Since your son will also be affected by the prenatal conditions of his child, he may also be interested in being part of this conversation.Also, during your discussion, find out the exact ways the morning sickness affects your daughter in law.It is possible that scheduling adjustments in routines can be made so your daughter has more time to rest or fewer responsibilities for a while until she feels better.Maybe you and other family members can lighten her daily routines so she has more time for herself to manage her morning sickness in a less risky way.Sending Good luck!",questionID_624,My daughter-in-law is smoking marijuana while pregnant,"My new daughter-in-law just informed me that she is smoking marijuana while pregnant because of her morning sickness. I’m in shock and I don’t know how to respond. I just lost my mom, and she was good with advice.",substance-abuse,human,0.08658808000000001,0.4907618790611574
sbert_correct_albert_wrong,280,1,0.5057484793615645,1,0.5569581571824045,1,0.55735046,0,38,3,"Since your son will also be affected by the prenatal conditions of his child, he may also be interested in being part of this conversation.",366,505,1,1,5,"Have you reached your own conclusions and reasons for these, regarding the topic?   When you feel confident in your own reasons for your conclusions, then obviously ask your daughter in law for some time together and tell her what you think and your reasons for opinions.Plan for this meeting according to the type of relationship you have with your daughter in law.Since your son will also be affected by the prenatal conditions of his child, he may also be interested in being part of this conversation.Also, during your discussion, find out the exact ways the morning sickness affects your daughter in law.It is possible that scheduling adjustments in routines can be made so your daughter has more time to rest or fewer responsibilities for a while until she feels better.Maybe you and other family members can lighten her daily routines so she has more time for herself to manage her morning sickness in a less risky way.Sending Good luck!",questionID_624,My daughter-in-law is smoking marijuana while pregnant,"My new daughter-in-law just informed me that she is smoking marijuana while pregnant because of her morning sickness. I’m in shock and I don’t know how to respond. I just lost my mom, and she was good with advice.",substance-abuse,human,0.05735045999999999,0.540019032181323
albert_correct_sbert_wrong,1835,1,0.4995077725452988,0,0.5345783398357353,0,0.84516835,1,247,2,"Cry away, therapist are very used to it:)",84,125,3,3,5,"Oh, crying in therapy is very normal! I have a stack of kleenex boxes in my office. Cry away, therapist are very used to it:) First time being in therapy is scary, but you'll soon know if you are a good match.",questionID_144,Is it normal to cry during therapy?,"I start counseling/therapy in a few days (I'm freaking out) but my main fear is that I'll cry and embarrass myself, is it something to worry about?",anxiety,human,0.34516835,0.6264181541270114
albert_correct_sbert_wrong,283,1,0.5045357258404033,1,0.5002487910307478,0,0.80880076,1,38,6,Maybe you and other family members can lighten her daily routines so she has more time for herself to manage her morning sickness in a less risky way.,776,926,1,1,5,"Have you reached your own conclusions and reasons for these, regarding the topic?   When you feel confident in your own reasons for your conclusions, then obviously ask your daughter in law for some time together and tell her what you think and your reasons for opinions.Plan for this meeting according to the type of relationship you have with your daughter in law.Since your son will also be affected by the prenatal conditions of his child, he may also be interested in being part of this conversation.Also, during your discussion, find out the exact ways the morning sickness affects your daughter in law.It is possible that scheduling adjustments in routines can be made so your daughter has more time to rest or fewer responsibilities for a while until she feels better.Maybe you and other family members can lighten her daily routines so she has more time for herself to manage her morning sickness in a less risky way.Sending Good luck!",questionID_624,My daughter-in-law is smoking marijuana while pregnant,"My new daughter-in-law just informed me that she is smoking marijuana while pregnant because of her morning sickness. I’m in shock and I don’t know how to respond. I just lost my mom, and she was good with advice.",substance-abuse,human,0.30880076,0.604528425623717
albert_correct_sbert_wrong,1834,1,0.5000110095030427,1,0.283474903189595,0,0.806334,1,247,1,I have a stack of kleenex boxes in my office.,38,83,2,2,5,"Oh, crying in therapy is very normal! I have a stack of kleenex boxes in my office. Cry away, therapist are very used to it:) First time being in therapy is scary, but you'll soon know if you are a good match.",questionID_144,Is it normal to cry during therapy?,"I start counseling/therapy in a few days (I'm freaking out) but my main fear is that I'll cry and embarrass myself, is it something to worry about?",anxiety,human,0.306334,0.529939970897546
albert_correct_sbert_wrong,1931,1,0.5025717245591681,1,0.482025367893497,0,0.7826558,1,261,0,"There are some struggles that are less ""obvious"" than others, an eating disorder being one of them.",0,99,2,2,5,"There are some struggles that are less ""obvious"" than others, an eating disorder being one of them. From just your personal experience alone you might realize how easy it may seem to keep such a secret from those around you. In the same way, there are many people who struggle secretly with this problem and not many people know or even notice. So you are definitely not alone. Low self-esteem or lack of confidence in some areas are issues that EVERY teen, in fact EVERY person, has experienced at some point. These feelings are ""normal."" It sounds, though, as if these feelings of insecurity and inadequacy have begun to consume your every day thoughts and behaviors bringing you to where you are today - comparing yourself to others, purging, and feeling extreme guilt. Sometimes it's best if we seek outside help, instead of trying to tackle problems on our own. Breaking habits that come along with an eating disorder really requires the help of a doctor, nutritionist, and a therapist who can help change your perspective from the inside out! Hope this helps!",questionID_346,"I feel like I'm this dumb fat girl that no one likes, and everything is my fault. Are these normal teenage girl feelings?","Everyone around me is much smarter and flaunts it. Everyone around me is skinny, and here I am trying to throw up so I'm not fat. Everything I do is wrong, and I can't seem to do anything right! No one else at school seems to feel the way I do! Is this normal teenage girls feelings? I don't think these feelings are normal.",self-esteem,human,0.2826558,0.5890842974842218
albert_correct_sbert_wrong,409,1,0.498387715546286,0,0.4967752748770226,0,0.78031546,1,54,1,"A simple walk around the block, calling up a friend and going to visit, or even going to another room in the house can help.",100,224,2,2,5,"I would recommend removing yourself from the environment you are in after you have finished eating. A simple walk around the block, calling up a friend and going to visit, or even going to another room in the house can help. If you find that you truly have no self control over food, I recommend attending Overeaters Anonymous; a 12 step group for those with compulsive issues related to food. I hope this helps.",questionID_714,How can I train myself to stop eating when I'm full?,"I have no self control over food. Most people stop when they've had enough, but I keep eating for the pleasure of it. Especially with sweets - I'm never done eating dessert.",eating-disorders,human,0.28031545999999996,0.5918261501411028
albert_correct_sbert_wrong,583,1,0.506960680385171,1,0.5371336012622273,0,0.770763,1,80,4,"In a situiaon like this, it would probably be a good idea to talk to the therapist about the possilbe positvies and negatives of the treatmetn center.",464,614,1,1,5,"Typically, a therapist cannot force a client to receive any treatment they do not want.  In the end, it is the clients who get to decide what type of treatment they want.If a therapist believes that their client is in imminent danger of harm however, the therapist might have an obligation to take actions to protect their client.  In such a case, the therapist would need to discuss the options with the client, and come up with a plan to best protect the client.In a situiaon like this, it would probably be a good idea to talk to the therapist about the possilbe positvies and negatives of the treatmetn center.  A good therpist will be happy to have that conversation with you and allow you to make the final decisions about your own treatment.",questionID_708,Can a therapist have a client admitted to an eating disorder treatment center if the client does not want to go?,,eating-disorders,human,0.270763,0.6049524272157994
albert_correct_sbert_wrong,958,1,0.506930493461751,1,0.5360853570024556,0,0.76104987,1,130,2,"Some were better at the Drill Sergeant style of coaching,  or a liberal style, integrative, humanistic, progressive, or conservative.",184,317,2,2,5,"Each client brings their own style they like to a coaching or counseling relationship.  When I counseled and coached military I learned to relate to what style of coaching they seek.  Some were better at the Drill Sergeant style of coaching,  or a liberal style, integrative, humanistic, progressive, or conservative.  Some can be obsessed and try and cross the line.  When you are in the public eye it can be a bit much and you have to know what client is a good fit for your practice.  Some don't see you as human but we are.  We seek to do the best we can with our knowledge cause it is a calling and I am sure others will say on here that we have to have our go to place of healing also so we can be good for our clients.",questionID_939,Are some clients more difficult than others?,What are some difficulties that a counselor can encounter when dealing with a client?,counseling-fundamentals,human,0.26104987,0.6013552401547355
albert_correct_sbert_wrong,1431,0,0.496020241836234,0,0.5641693306659695,1,0.24491826,0,196,1,It sounds like you're experiencing a lot of stress and miscommunication in your relationship.,57,150,0,0,5,"I'm really sorry to hear that you're going through this. It sounds like you're experiencing a lot of stress and miscommunication in your relationship. It's important to remember that it's perfectly normal to feel hurt and confused in such situations. Trust and clear communication are key factors in a healthy relationship. It might be beneficial to sit down with your wife and have an open and honest conversation about how you're feeling. You could try expressing your feelings using ""I"" statements to avoid sounding accusatory, such as ""I feel hurt when you accuse me of cheating"". It might also be helpful to consider seeking couples therapy, where a professional can guide and mediate the conversation to help both of you understand each other's perspectives better.",questionID_391,Why do I feel like I'm always wrong in everything in my relationship?,"My wife is always accusing me of cheating and telling me that I'm doing things she finds disrespectful even when I don't mean it like that. For example, she gets offended when I call someone at work ""sweetheart."" I wish I had a penny for every time she accused me of cheating on her. She doesn't, and never will say she was wrong. How do I get her to understand?",workplace-relationships,gpt4,0.25508174,0.43503594416740116
albert_correct_sbert_wrong,2360,1,0.5011900876883094,1,0.4592917193663723,0,0.75253266,1,312,6,I assure you that there are plenty.,546,581,3,3,5,"It's hard to let go of the dreams you had regarding your wedding and engagement. This was something that you and most women think about for years, so it's understandable to be disappointed. But please be aware that it is rare that any wedding is perfect. You may envy your friends' weddings but more than likely they had a few mishaps of their own and/or it wasn't as perfect as they had planned it either. However, like you know, the marriage is the most important thing. How many women are envious that you are in a happy, stable relationship? I assure you that there are plenty. Try to live in the present considering that dwelling on the past can still not change how you were proposed to or how your wedding day transpired. Focus on what you can control NOW. Perhaps, you can plan an extravagant renewal of your vows or change the look of your ring?I would also be upfront with your husband and explain why you've been short lately. But after that, close that chapter and move on. It sounds like you have a wonderful companion and you certainly don't want to lose this due to a situation that is impossible to change.",questionID_707,How can I let go of my dream wedding?,"I have been with my husband for almost 7 years. We got engaged a little after 5 years of being together. I had always been clear that I wanted to get married and I sadly would drop hints about how i wanted him to propose. When he did propose it was during a random vacation that I had planned. I was happy but I couldn't help feeling disappointed too. I had told him numerous times before that I wanted him to do it in front of my friends and family. I know it sounds dumb to be upset but I couldn't help how I was feeling. We are now married but the wedding and ring were also far from what I wanted and it wasn't due to lack of funds. I know this is all material and the marriage is the most important thing but I cant help but get jealous and envious every time I see someone get a proposal or wedding that I had wanted. I cant help my anger because I know we only get one proposal and one wedding. What I wanted will never happen. I have been working on my feelings for the past year and half to get over it. I try to focus on our marriage but every time I see someone have the best proposals and weddings I get upset. I know it is selfish and I know its petty but I just can't control it. It's ruining our relationship because I constantly think about it. Plus, I get mad at him for small things because I am trying to hide the fact that I am so disappointed. Why can't I move on?",marriage,human,0.25253265999999996,0.5710048223515606
albert_correct_sbert_wrong,580,1,0.5058383778079989,1,0.4547750053013177,0,0.74703145,1,80,1,"In the end, it is the clients who get to decide what type of treatment they want.",89,170,1,1,5,"Typically, a therapist cannot force a client to receive any treatment they do not want.  In the end, it is the clients who get to decide what type of treatment they want.If a therapist believes that their client is in imminent danger of harm however, the therapist might have an obligation to take actions to protect their client.  In such a case, the therapist would need to discuss the options with the client, and come up with a plan to best protect the client.In a situiaon like this, it would probably be a good idea to talk to the therapist about the possilbe positvies and negatives of the treatmetn center.  A good therpist will be happy to have that conversation with you and allow you to make the final decisions about your own treatment.",questionID_708,Can a therapist have a client admitted to an eating disorder treatment center if the client does not want to go?,,eating-disorders,human,0.24703145000000004,0.5692149443697723
albert_correct_sbert_wrong,960,1,0.5060544200381625,1,0.4646811536842396,0,0.7444223,1,130,4,When you are in the public eye it can be a bit much and you have to know what client is a good fit for your practice.,369,486,2,2,5,"Each client brings their own style they like to a coaching or counseling relationship.  When I counseled and coached military I learned to relate to what style of coaching they seek.  Some were better at the Drill Sergeant style of coaching,  or a liberal style, integrative, humanistic, progressive, or conservative.  Some can be obsessed and try and cross the line.  When you are in the public eye it can be a bit much and you have to know what client is a good fit for your practice.  Some don't see you as human but we are.  We seek to do the best we can with our knowledge cause it is a calling and I am sure others will say on here that we have to have our go to place of healing also so we can be good for our clients.",questionID_939,Are some clients more difficult than others?,What are some difficulties that a counselor can encounter when dealing with a client?,counseling-fundamentals,human,0.24442229999999998,0.5717192912408007
albert_correct_sbert_wrong,1478,1,0.5012513428033041,1,0.4843902790021714,0,0.7414414,1,203,1,What feelings are coming up and thoughts in your mind first to start.,97,166,1,1,5,Oh that is too bad not sure is it because of the one you are in therapy with or the counselor ?  What feelings are coming up and thoughts in your mind first to start.  Try and put them down and look at what is on paper.  If you need to maybe do a group first then individual then couple.,questionID_146,Is it normal to go into therapy feeling nervous?,I've gone to a couple therapy sessions so far and still everytime I walk in I get nervous and shaky. Is this normal? Should I still be feeling like this?,anxiety,human,0.24144140000000003,0.5756943406018252
albert_correct_sbert_wrong,2560,1,0.5022068195046194,1,0.4300128065064614,0,0.73929083,1,333,8,"To overcome the unsettling thoughts, try to focus on the present moment and the future you want to build together.",812,926,1,1,5,"I'm so sorry to hear about the pain and betrayal you're experiencing. Given your history and desire to move forward, it's essential to approach this situation with care and honesty. First, acknowledge that forgiveness is a process, and it may take time for both of you to heal. Consider couples therapy to work through your feelings and rebuild trust. It's crucial to have open and honest conversations about what happened, why it happened, and how you both can work together to prevent it in the future.

Reflect on your past infidelity and how your fiancé forgave you. Recognize that her cheating may be a symptom of deeper issues in your relationship, and it's essential to address these underlying problems. Make sure you're both on the same page regarding your commitment to the relationship and your son.

To overcome the unsettling thoughts, try to focus on the present moment and the future you want to build together. Practice self-care, engage in activities that bring you joy, and prioritize quality time with your fiancé and son. Rebuilding trust will require effort, patience, and understanding from both parties.

Remember that healing is not about forgetting or condoning the infidelity but about working together to create a stronger, more resilient relationship. It's okay to seek help, and don't be afraid to reach out to a therapist or counselor who can provide guidance and support throughout this challenging time.",questionID_732,My fiancé cheated. How can we mend our relationship?,"I'm in a relationship with my fiancé and I currently found out that she's been cheating on me with a co-worker. I was very upset none the less. I understand what she did was wrong, but I want to spend the rest of my life with her. So I'm willing to forgive and move on. We have been together for a little over 9 years, and we have a son. At the beginning of our relationship, I was unfaithful and she caught me cheating. She forgave me for what I've done to her and since then I been completely faithful. I'm worried about our relationship and want to move forward but its been very unsettling. All I can think about is her with another man. I don't know what to do or where to go for advice?",relationships,llama3,0.23929082999999995,0.5571701520036937
albert_correct_sbert_wrong,1833,1,0.5027768014164429,1,0.4129992286451531,0,0.73395103,1,247,0,"Oh, crying in therapy is very normal!",0,37,2,2,5,"Oh, crying in therapy is very normal! I have a stack of kleenex boxes in my office. Cry away, therapist are very used to it:) First time being in therapy is scary, but you'll soon know if you are a good match.",questionID_144,Is it normal to cry during therapy?,"I start counseling/therapy in a few days (I'm freaking out) but my main fear is that I'll cry and embarrass myself, is it something to worry about?",anxiety,human,0.23395102999999995,0.549909020020532
albert_correct_sbert_wrong,584,1,0.5059113681523485,1,0.4473000985343575,0,0.7262679,1,80,5,A good therpist will be happy to have that conversation with you and allow you to make the final decisions about your own treatment.,616,748,1,1,5,"Typically, a therapist cannot force a client to receive any treatment they do not want.  In the end, it is the clients who get to decide what type of treatment they want.If a therapist believes that their client is in imminent danger of harm however, the therapist might have an obligation to take actions to protect their client.  In such a case, the therapist would need to discuss the options with the client, and come up with a plan to best protect the client.In a situiaon like this, it would probably be a good idea to talk to the therapist about the possilbe positvies and negatives of the treatmetn center.  A good therpist will be happy to have that conversation with you and allow you to make the final decisions about your own treatment.",questionID_708,Can a therapist have a client admitted to an eating disorder treatment center if the client does not want to go?,,eating-disorders,human,0.22626789999999997,0.5598264555622353
albert_correct_sbert_wrong,1915,1,0.5030817396103197,1,0.5241988186262309,0,0.7253444,1,259,3,"However, the intensity of your feelings and the behaviors you're considering, such as throwing up to lose weight, are not normal or healthy.",302,442,2,2,5,"I'm so glad you reached out for support. What you're describing are common struggles that many teenage girls face, but that doesn't mean they're normal or healthy. It's understandable to feel insecure or compare yourself to others, especially during adolescence when you're figuring out your identity. However, the intensity of your feelings and the behaviors you're considering, such as throwing up to lose weight, are not normal or healthy.

It's essential to recognize that everyone has their unique strengths, weaknesses, and struggles, regardless of their appearance or intellect. The idea that everyone around you is smarter, skinnier, or more capable is likely an exaggerated perception. People often present a curated version of themselves, hiding their flaws and insecurities.

Your feelings of self-doubt, low self-esteem, and inadequacy are not uncommon, but they can be overwhelming and damaging if left unaddressed. It's crucial to talk to someone you trust, such as a parent, teacher, school counselor, or mental health professional, about how you're feeling. They can help you develop coping strategies, work through your emotions, and provide support and guidance.

Remember, you are not alone, and your feelings are valid. It takes courage to acknowledge and share your struggles, and I'm proud of you for taking this first step. Please consider reaching out to a trusted adult or a helpline, such as the National Eating Disorders Association (NEDA) Helpline (1-800-931-2237) or the Crisis Text Line (text ""HOME"" to 741741), for immediate support. You deserve to feel seen, heard, and supported.",questionID_346,"I feel like I'm this dumb fat girl that no one likes, and everything is my fault. Are these normal teenage girl feelings?","Everyone around me is much smarter and flaunts it. Everyone around me is skinny, and here I am trying to throw up so I'm not fat. Everything I do is wrong, and I can't seem to do anything right! No one else at school seems to feel the way I do! Is this normal teenage girls feelings? I don't think these feelings are normal.",self-esteem,llama3,0.2253444,0.5842083194121835
albert_correct_sbert_wrong,502,1,0.5011912511815004,1,0.3451018476573096,0,0.7252212,1,68,0,"Hello, There are many ways to approach a counselor and starting the process, however they all start with picking up the phone.",0,126,2,2,5,"Hello, There are many ways to approach a counselor and starting the process, however they all start with picking up the phone.  It's most definitely an uncomfortable feeling, but once that first step is taken it is often met with a wave of relief. My recommendation is always to call and speak with a therapist over the phone before scheduling an appointment. Listening to how they converse, use their tone and inflection, may give you a brief insight to how they will respond to you and increase your comfort right away. You may also discover, rather quickly, that this therapist is not the right match for you.Regardless of how you go about it, I like to remind all people who call, email, text or walk-in, therapists are a bit like pizzas - if you don't like the toppings, send it back! There are hundreds of therapists offering all kinds of styles of therapy - take the time to pick one that suits you.",questionID_936,How does someone approach a counselor?,How does a person start the counseling process?,counseling-fundamentals,human,0.2252212,0.5238380996129367
albert_correct_sbert_wrong,2151,0,0.4979052161652776,0,0.6118663933866123,1,0.27804658,0,287,0,"Generally, the ethical codes only prohibit relationships with clients.",0,70,0,0,5,"Generally, the ethical codes only prohibit relationships with clients. There are however a few types of counselor-to-counselor relationships that are prohibited by the ethics codes. Such prohibited relationships include those between supervisors and supervisees; between professors and students; or any time the relationship might negatively impact your (or their) clients. Lastly, some workplaces have rules against dating coworkers. It would be a good idea to check if there is such a rule that applies to you.",questionID_401,Is it unethical to have a relationship with a fellow counselor?,Does this go against any ethical codes? Are there legal ramifications?,workplace-relationships,human,0.22195342,0.4626060631839633
albert_correct_sbert_wrong,503,1,0.5027822545373895,1,0.3226553205411054,0,0.72165185,1,68,1,"It's most definitely an uncomfortable feeling, but once that first step is taken it is often met with a wave of relief.",128,247,3,3,5,"Hello, There are many ways to approach a counselor and starting the process, however they all start with picking up the phone.  It's most definitely an uncomfortable feeling, but once that first step is taken it is often met with a wave of relief. My recommendation is always to call and speak with a therapist over the phone before scheduling an appointment. Listening to how they converse, use their tone and inflection, may give you a brief insight to how they will respond to you and increase your comfort right away. You may also discover, rather quickly, that this therapist is not the right match for you.Regardless of how you go about it, I like to remind all people who call, email, text or walk-in, therapists are a bit like pizzas - if you don't like the toppings, send it back! There are hundreds of therapists offering all kinds of styles of therapy - take the time to pick one that suits you.",questionID_936,How does someone approach a counselor?,How does a person start the counseling process?,counseling-fundamentals,human,0.22165184999999998,0.5156964750261649
albert_correct_sbert_wrong,1440,0,0.5029406515448926,1,0.7104295630470032,1,0.56326765,0,197,3,"Use ""I"" statements to express your feelings, such as ""I feel disrespected when you accuse me of cheating without any evidence"" or ""I feel like I'm walking on eggshells around you, never knowing what will trigger an argument.""",308,533,0,0,5,"It sounds like you're feeling frustrated, hurt, and possibly even defensive in your relationship. The constant accusations and lack of acknowledgment of her own mistakes can be draining. To address this, consider having an open and honest conversation with your wife about how her behavior is affecting you. Use ""I"" statements to express your feelings, such as ""I feel disrespected when you accuse me of cheating without any evidence"" or ""I feel like I'm walking on eggshells around you, never knowing what will trigger an argument."" 

It's also essential to understand that her behavior might be a sign of her own insecurities or past experiences. Approach the conversation with empathy, but also set clear boundaries and expectations for how you want to be treated in the relationship. Regarding the ""sweetheart"" example, you could explain that it's a harmless term you use in a professional setting, and reassure her that it doesn't imply any romantic or intimate intentions.

However, it's crucial to recognize that you can't force someone to understand or admit their mistakes. If your wife is unwilling to listen, reflect on her actions, or work on rebuilding trust, it may be a sign of deeper issues in the relationship. In such cases, couples therapy can be beneficial in addressing these concerns and improving communication. Remember that your emotional well-being is important, and it's okay to prioritize your own needs and seek support if the relationship becomes toxic or unsustainable.",questionID_391,Why do I feel like I'm always wrong in everything in my relationship?,"My wife is always accusing me of cheating and telling me that I'm doing things she finds disrespectful even when I don't mean it like that. For example, she gets offended when I call someone at work ""sweetheart."" I wish I had a penny for every time she accused me of cheating on her. She doesn't, and never will say she was wrong. How do I get her to understand?",workplace-relationships,llama3,0.21042956304700322,0.5922126215306319
albert_correct_sbert_wrong,1452,1,0.5075518381143402,1,0.5436497160880801,0,0.7054999,1,199,2,I would recommend to take the time to self reflect on what exactly it is that you are doing that is contributing to the mixup.,157,283,2,2,5,Here is the truth: You will never get her to understand! because that would mean changing her and we can't change other people we can only change ourselves. I would recommend to take the time to self reflect on what exactly it is that you are doing that is contributing to the mixup. You both have very valid feelings and those won't magically go away until you address the root problem (which could be many factors). I am curious to know more about past relationships the both of you have had and how that plays a role in your current relationship. Many times we don't realize how past relationships truly impact our current behaviors.,questionID_391,Why do I feel like I'm always wrong in everything in my relationship?,"My wife is always accusing me of cheating and telling me that I'm doing things she finds disrespectful even when I don't mean it like that. For example, she gets offended when I call someone at work ""sweetheart."" I wish I had a penny for every time she accused me of cheating on her. She doesn't, and never will say she was wrong. How do I get her to understand?",workplace-relationships,human,0.20549989999999996,0.5855671514008067
albert_correct_sbert_wrong,2100,0,0.4929302737721636,0,0.5915602759182882,1,0.29670534,0,280,5,"Regular, balanced meals can prevent extreme hunger that often leads to binging.",533,612,0,0,5,"I'm really sorry to hear that you're struggling with this, but please know that you're not alone and it's commendable that you're seeking help. Binge eating can often be a coping mechanism for stress and other emotions, so it's important to find healthy alternatives. Cognitive behavioral therapy (CBT) can be very effective in addressing binge eating by helping you to understand your triggers and develop healthier responses. Mindful eating, where you focus on the taste, texture, and feelings of fullness, can also be beneficial. Regular, balanced meals can prevent extreme hunger that often leads to binging. Physical activity is important for overall health, but try not to use exercise as a punishment for eating. Instead, view it as a way to strengthen and care for your body. Reach out to a mental health professional who can provide you with more personalized strategies and consider joining a support group where you can connect with others facing the same challenges. Remember, it's okay to seek help and recovery is absolutely possible.",questionID_712,How do I handle my binge eating?,"I have a problem with binge eating, especially during times of stress. I binge eat and feel so overwhelmed with shame and disappointment that I end up going to the gym and trying to exercise the calories off. I am in my late 20s, and I have been dealing with this since I was a teenager. Are there any coping mechanisms I can use to break this cycle?",eating-disorders,gpt4,0.20329466000000002,0.46039862989681724
albert_correct_sbert_wrong,63,0,0.5024876312579537,1,0.7016644380490653,1,0.63769275,0,8,6,You're stronger than you think.,678,709,0,0,5,"I'm really sorry to hear about your boyfriend. It sounds like you're going through a particularly stressful and uncertain time. It's important for you to understand that you can't control everything, especially health situations of others. What you can do right now is to take care of yourself, try to stay connected with your boyfriend through messages or phone calls if possible, and seek support from your friends and family. It might also help to engage in activities that can help you cope with stress, like reading, listening to music, doing some physical exercise, or meditation. Remember, it's okay to feel scared and worried, but try not to let your worry consume you. You're stronger than you think.",questionID_886,My boyfriend is in the hospital. They won’t tell me what’s wrong and if or when he’s coming back,,legal-regulatory,gpt4,0.2016644380490653,0.6139482731023397
albert_correct_sbert_wrong,937,0,0.4944313445706085,0,0.5545160547676671,1,0.30496117,0,127,2,A client may be resistant to change or unwilling to participate actively in their recovery process.,165,264,0,0,5,"Yes, as a therapist, it is common to find that some clients may be more difficult to work with than others. Several challenges can arise in the therapeutic process. A client may be resistant to change or unwilling to participate actively in their recovery process. They might be skeptical about therapy and lack trust in the process or the therapist. Some clients may have difficulties in expressing their feelings or thoughts, making it hard to understand their issues. Clients with complex mental health conditions or severe symptoms can also be challenging to manage. There could be cultural or language barriers that make communication difficult. Additionally, managing boundaries can be an issue if a client becomes overly dependent or if they cross personal boundaries. It's important to remember that these difficulties are part of the therapeutic process and provide opportunities for growth and learning for both the therapist and the client. By applying empathy, patience, respect, and professional skills, these challenges can be effectively navigated.",questionID_939,Are some clients more difficult than others?,What are some difficulties that a counselor can encounter when dealing with a client?,counseling-fundamentals,gpt4,0.19503883,0.4513028564460919
albert_correct_sbert_wrong,581,1,0.4985520886118738,0,0.314034257174654,0,0.6936015,1,80,2,"If a therapist believes that their client is in imminent danger of harm however, the therapist might have an obligation to take actions to protect their client.",170,330,1,1,5,"Typically, a therapist cannot force a client to receive any treatment they do not want.  In the end, it is the clients who get to decide what type of treatment they want.If a therapist believes that their client is in imminent danger of harm however, the therapist might have an obligation to take actions to protect their client.  In such a case, the therapist would need to discuss the options with the client, and come up with a plan to best protect the client.In a situiaon like this, it would probably be a good idea to talk to the therapist about the possilbe positvies and negatives of the treatmetn center.  A good therpist will be happy to have that conversation with you and allow you to make the final decisions about your own treatment.",questionID_708,Can a therapist have a client admitted to an eating disorder treatment center if the client does not want to go?,,eating-disorders,human,0.19360149999999998,0.5020626152621759
albert_correct_sbert_wrong,2550,0,0.4978488388453053,0,0.6935789882748643,1,0.53328735,0,332,7,"While it's certainly possible to rebuild a relationship after infidelity, it's a decision that both partners must fully commit to.",737,867,0,0,5,"I'm really sorry to hear that you're going through this. It's a very difficult situation and it's understandable that you're feeling upset and unsettled. It's important to remember that healing and rebuilding trust takes time and patience. If you both are committed to mending your relationship, consider seeking help from a professional counselor or therapist who specializes in relationship issues. They can guide you through open and honest communication, understanding each other's feelings, and establishing boundaries and trust. You might also consider individual therapy to help navigate your own feelings of betrayal and insecurity. It's crucial to take care of your own mental and emotional health during this challenging time. While it's certainly possible to rebuild a relationship after infidelity, it's a decision that both partners must fully commit to. Remember, it's perfectly okay to have doubts and to take the time you need to decide what's best for you.",questionID_732,My fiancé cheated. How can we mend our relationship?,"I'm in a relationship with my fiancé and I currently found out that she's been cheating on me with a co-worker. I was very upset none the less. I understand what she did was wrong, but I want to spend the rest of my life with her. So I'm willing to forgive and move on. We have been together for a little over 9 years, and we have a son. At the beginning of our relationship, I was unfaithful and she caught me cheating. She forgave me for what I've done to her and since then I been completely faithful. I'm worried about our relationship and want to move forward but its been very unsettling. All I can think about is her with another man. I don't know what to do or where to go for advice?",relationships,gpt4,0.1935789882748643,0.5749050590400566
albert_correct_sbert_wrong,1435,0,0.4994919666760432,0,0.6832367551594412,1,0.59039044,0,196,5,"You could try expressing your feelings using ""I"" statements to avoid sounding accusatory, such as ""I feel hurt when you accuse me of cheating"".",441,584,0,0,5,"I'm really sorry to hear that you're going through this. It sounds like you're experiencing a lot of stress and miscommunication in your relationship. It's important to remember that it's perfectly normal to feel hurt and confused in such situations. Trust and clear communication are key factors in a healthy relationship. It might be beneficial to sit down with your wife and have an open and honest conversation about how you're feeling. You could try expressing your feelings using ""I"" statements to avoid sounding accusatory, such as ""I feel hurt when you accuse me of cheating"". It might also be helpful to consider seeking couples therapy, where a professional can guide and mediate the conversation to help both of you understand each other's perspectives better.",questionID_391,Why do I feel like I'm always wrong in everything in my relationship?,"My wife is always accusing me of cheating and telling me that I'm doing things she finds disrespectful even when I don't mean it like that. For example, she gets offended when I call someone at work ""sweetheart."" I wish I had a penny for every time she accused me of cheating on her. She doesn't, and never will say she was wrong. How do I get her to understand?",workplace-relationships,gpt4,0.18323675515944116,0.5910397206118281
albert_correct_sbert_wrong,507,1,0.503699815777978,1,0.5264451146405003,0,0.6827156,1,68,5,"Regardless of how you go about it, I like to remind all people who call, email, text or walk-in, therapists are a bit like pizzas - if you don't like the toppings, send it back!",612,789,2,2,5,"Hello, There are many ways to approach a counselor and starting the process, however they all start with picking up the phone.  It's most definitely an uncomfortable feeling, but once that first step is taken it is often met with a wave of relief. My recommendation is always to call and speak with a therapist over the phone before scheduling an appointment. Listening to how they converse, use their tone and inflection, may give you a brief insight to how they will respond to you and increase your comfort right away. You may also discover, rather quickly, that this therapist is not the right match for you.Regardless of how you go about it, I like to remind all people who call, email, text or walk-in, therapists are a bit like pizzas - if you don't like the toppings, send it back! There are hundreds of therapists offering all kinds of styles of therapy - take the time to pick one that suits you.",questionID_936,How does someone approach a counselor?,How does a person start the counseling process?,counseling-fundamentals,human,0.18271559999999998,0.5709535101394927
albert_correct_sbert_wrong,1938,0,0.5062833716570456,1,0.682715160780775,1,0.5704638,0,261,7,"Sometimes it's best if we seek outside help, instead of trying to tackle problems on our own.",773,866,0,0,5,"There are some struggles that are less ""obvious"" than others, an eating disorder being one of them. From just your personal experience alone you might realize how easy it may seem to keep such a secret from those around you. In the same way, there are many people who struggle secretly with this problem and not many people know or even notice. So you are definitely not alone. Low self-esteem or lack of confidence in some areas are issues that EVERY teen, in fact EVERY person, has experienced at some point. These feelings are ""normal."" It sounds, though, as if these feelings of insecurity and inadequacy have begun to consume your every day thoughts and behaviors bringing you to where you are today - comparing yourself to others, purging, and feeling extreme guilt. Sometimes it's best if we seek outside help, instead of trying to tackle problems on our own. Breaking habits that come along with an eating disorder really requires the help of a doctor, nutritionist, and a therapist who can help change your perspective from the inside out! Hope this helps!",questionID_346,"I feel like I'm this dumb fat girl that no one likes, and everything is my fault. Are these normal teenage girl feelings?","Everyone around me is much smarter and flaunts it. Everyone around me is skinny, and here I am trying to throw up so I'm not fat. Everything I do is wrong, and I can't seem to do anything right! No one else at school seems to feel the way I do! Is this normal teenage girls feelings? I don't think these feelings are normal.",self-esteem,human,0.182715160780775,0.5864874441459402
albert_correct_sbert_wrong,1836,1,0.5107708023383717,1,0.4338628459797502,0,0.6821489,1,247,3,"First time being in therapy is scary, but you'll soon know if you are a good match.",126,209,1,1,5,"Oh, crying in therapy is very normal! I have a stack of kleenex boxes in my office. Cry away, therapist are very used to it:) First time being in therapy is scary, but you'll soon know if you are a good match.",questionID_144,Is it normal to cry during therapy?,"I start counseling/therapy in a few days (I'm freaking out) but my main fear is that I'll cry and embarrass myself, is it something to worry about?",anxiety,human,0.18214889999999995,0.542260849439374
albert_correct_sbert_wrong,2574,0,0.505380261219092,1,0.679425439921307,1,0.5918319,0,335,6,This is sometimes enormously helpful since our inner thoughts are often hidden yet very dominant in how we direct ourselves in relationships.,747,888,0,0,5,"I'm sorry for the stress and unhappiness stemming the problem you describe.Trust your instinct that there is more complexity to feeling good about being in a partnership than simply wanting this to happen.In any relationship, the complexities of each person combine.   Often people accept when this feels good and are lost as to what to do when natural human complexity, doesn't match up with our partner in the way we'd like.A couples' therapist would be able to help each of you talk about the factors motivating the cheating, as well as clarify the reasons you each have for continuing to stay together. The unique advantage of couple's therapy is that each person is able to hear their partner talk out loud about themselves and their partner.This is sometimes enormously helpful since our inner thoughts are often hidden yet very dominant in how we direct ourselves in relationships.Sometimes the initial consult session offers enough new understanding that a second session wouldn't be necessary for a while.Good luck in finding your relationship happiness!",questionID_732,My fiancé cheated. How can we mend our relationship?,"I'm in a relationship with my fiancé and I currently found out that she's been cheating on me with a co-worker. I was very upset none the less. I understand what she did was wrong, but I want to spend the rest of my life with her. So I'm willing to forgive and move on. We have been together for a little over 9 years, and we have a son. At the beginning of our relationship, I was unfaithful and she caught me cheating. She forgave me for what I've done to her and since then I been completely faithful. I'm worried about our relationship and want to move forward but its been very unsettling. All I can think about is her with another man. I don't know what to do or where to go for advice?",relationships,human,0.179425439921307,0.5922125337134663
albert_correct_sbert_wrong,957,1,0.501312884738379,1,0.4175768679992385,0,0.6722098,1,130,1,When I counseled and coached military I learned to relate to what style of coaching they seek.,88,182,1,1,5,"Each client brings their own style they like to a coaching or counseling relationship.  When I counseled and coached military I learned to relate to what style of coaching they seek.  Some were better at the Drill Sergeant style of coaching,  or a liberal style, integrative, humanistic, progressive, or conservative.  Some can be obsessed and try and cross the line.  When you are in the public eye it can be a bit much and you have to know what client is a good fit for your practice.  Some don't see you as human but we are.  We seek to do the best we can with our knowledge cause it is a calling and I am sure others will say on here that we have to have our go to place of healing also so we can be good for our clients.",questionID_939,Are some clients more difficult than others?,What are some difficulties that a counselor can encounter when dealing with a client?,counseling-fundamentals,human,0.17220979999999997,0.5303665175792057
albert_correct_sbert_wrong,963,1,0.5084749222191448,1,0.5466125339302019,0,0.67132956,1,130,7,and I am sure others will say on here that we have to have our go to place of healing also so we can be good for our clients.,600,725,1,1,5,"Each client brings their own style they like to a coaching or counseling relationship.  When I counseled and coached military I learned to relate to what style of coaching they seek.  Some were better at the Drill Sergeant style of coaching,  or a liberal style, integrative, humanistic, progressive, or conservative.  Some can be obsessed and try and cross the line.  When you are in the public eye it can be a bit much and you have to know what client is a good fit for your practice.  Some don't see you as human but we are.  We seek to do the best we can with our knowledge cause it is a calling and I am sure others will say on here that we have to have our go to place of healing also so we can be good for our clients.",questionID_939,Are some clients more difficult than others?,What are some difficulties that a counselor can encounter when dealing with a client?,counseling-fundamentals,human,0.17132956,0.5754723387164489
albert_correct_sbert_wrong,384,0,0.5015312650824381,1,0.6687282500033127,1,0.5143179,0,51,9,"If they're not readily accessible, you're less likely to overindulge.",638,707,0,0,5,"It sounds like you're struggling with mindful eating, and I want to assure you that you're not alone in this. Here are a few strategies that might help:

1. Practice Mindful Eating: Pay attention to your hunger and fullness cues. Eat slowly and deliberately, savoring every bite. This can help you become more aware of when you're actually full.

2. Eat Regular, Balanced Meals: Skipping meals or eating irregularly can lead to overeating. Try to have regular, balanced meals filled with protein, fiber, and healthy fats to keep you satisfied.

3. Manage Your Environment: Limit the availability of sweets or tempting foods in your home. If they're not readily accessible, you're less likely to overindulge.

4. Seek Support: Sometimes, it helps to talk about these issues. A support group, a dietitian, or a mental health professional can provide additional strategies and coping mechanisms.

5. Practice Self-Compassion: It's okay to have off days. Don't be too hard on yourself if you slip up. Remember, it's about progress, not perfection.

If you find that these strategies aren't enough or if your eating habits are causing you distress, it might be beneficial to seek help from a mental health professional. They can provide you with more personalized strategies and could also explore if there's an underlying emotional issue that needs to be addressed.",questionID_714,How can I train myself to stop eating when I'm full?,"I have no self control over food. Most people stop when they've had enough, but I keep eating for the pleasure of it. Especially with sweets - I'm never done eating dessert.",eating-disorders,gpt4,0.1687282500033127,0.5615258050285835
albert_correct_sbert_wrong,1914,0,0.4948210805409066,0,0.6650469880046039,1,0.52916175,0,259,2,"It's understandable to feel insecure or compare yourself to others, especially during adolescence when you're figuring out your identity.",164,301,0,0,5,"I'm so glad you reached out for support. What you're describing are common struggles that many teenage girls face, but that doesn't mean they're normal or healthy. It's understandable to feel insecure or compare yourself to others, especially during adolescence when you're figuring out your identity. However, the intensity of your feelings and the behaviors you're considering, such as throwing up to lose weight, are not normal or healthy.

It's essential to recognize that everyone has their unique strengths, weaknesses, and struggles, regardless of their appearance or intellect. The idea that everyone around you is smarter, skinnier, or more capable is likely an exaggerated perception. People often present a curated version of themselves, hiding their flaws and insecurities.

Your feelings of self-doubt, low self-esteem, and inadequacy are not uncommon, but they can be overwhelming and damaging if left unaddressed. It's crucial to talk to someone you trust, such as a parent, teacher, school counselor, or mental health professional, about how you're feeling. They can help you develop coping strategies, work through your emotions, and provide support and guidance.

Remember, you are not alone, and your feelings are valid. It takes courage to acknowledge and share your struggles, and I'm proud of you for taking this first step. Please consider reaching out to a trusted adult or a helpline, such as the National Eating Disorders Association (NEDA) Helpline (1-800-931-2237) or the Crisis Text Line (text ""HOME"" to 741741), for immediate support. You deserve to feel seen, heard, and supported.",questionID_346,"I feel like I'm this dumb fat girl that no one likes, and everything is my fault. Are these normal teenage girl feelings?","Everyone around me is much smarter and flaunts it. Everyone around me is skinny, and here I am trying to throw up so I'm not fat. Everything I do is wrong, and I can't seem to do anything right! No one else at school seems to feel the way I do! Is this normal teenage girls feelings? I don't think these feelings are normal.",self-esteem,llama3,0.16504698800460393,0.5630099395151702
albert_correct_sbert_wrong,2575,1,0.5021271713326172,1,0.4352913603975368,0,0.6637761,1,335,7,Sometimes the initial consult session offers enough new understanding that a second session wouldn't be necessary for a while.,888,1014,1,1,5,"I'm sorry for the stress and unhappiness stemming the problem you describe.Trust your instinct that there is more complexity to feeling good about being in a partnership than simply wanting this to happen.In any relationship, the complexities of each person combine.   Often people accept when this feels good and are lost as to what to do when natural human complexity, doesn't match up with our partner in the way we'd like.A couples' therapist would be able to help each of you talk about the factors motivating the cheating, as well as clarify the reasons you each have for continuing to stay together. The unique advantage of couple's therapy is that each person is able to hear their partner talk out loud about themselves and their partner.This is sometimes enormously helpful since our inner thoughts are often hidden yet very dominant in how we direct ourselves in relationships.Sometimes the initial consult session offers enough new understanding that a second session wouldn't be necessary for a while.Good luck in finding your relationship happiness!",questionID_732,My fiancé cheated. How can we mend our relationship?,"I'm in a relationship with my fiancé and I currently found out that she's been cheating on me with a co-worker. I was very upset none the less. I understand what she did was wrong, but I want to spend the rest of my life with her. So I'm willing to forgive and move on. We have been together for a little over 9 years, and we have a son. At the beginning of our relationship, I was unfaithful and she caught me cheating. She forgave me for what I've done to her and since then I been completely faithful. I'm worried about our relationship and want to move forward but its been very unsettling. All I can think about is her with another man. I don't know what to do or where to go for advice?",relationships,human,0.16377609999999998,0.5337315439100513
albert_correct_sbert_wrong,2101,0,0.5022077063700745,1,0.6603091492287896,1,0.5880125,0,280,6,"Physical activity is important for overall health, but try not to use exercise as a punishment for eating.",613,719,0,0,5,"I'm really sorry to hear that you're struggling with this, but please know that you're not alone and it's commendable that you're seeking help. Binge eating can often be a coping mechanism for stress and other emotions, so it's important to find healthy alternatives. Cognitive behavioral therapy (CBT) can be very effective in addressing binge eating by helping you to understand your triggers and develop healthier responses. Mindful eating, where you focus on the taste, texture, and feelings of fullness, can also be beneficial. Regular, balanced meals can prevent extreme hunger that often leads to binging. Physical activity is important for overall health, but try not to use exercise as a punishment for eating. Instead, view it as a way to strengthen and care for your body. Reach out to a mental health professional who can provide you with more personalized strategies and consider joining a support group where you can connect with others facing the same challenges. Remember, it's okay to seek help and recovery is absolutely possible.",questionID_712,How do I handle my binge eating?,"I have a problem with binge eating, especially during times of stress. I binge eat and feel so overwhelmed with shame and disappointment that I end up going to the gym and trying to exercise the calories off. I am in my late 20s, and I have been dealing with this since I was a teenager. Are there any coping mechanisms I can use to break this cycle?",eating-disorders,gpt4,0.16030914922878958,0.5835097851996214
albert_correct_sbert_wrong,380,0,0.4942691764163116,0,0.6603054828756502,1,0.5225304,0,51,5,This can help you become more aware of when you're actually full.,280,345,0,0,5,"It sounds like you're struggling with mindful eating, and I want to assure you that you're not alone in this. Here are a few strategies that might help:

1. Practice Mindful Eating: Pay attention to your hunger and fullness cues. Eat slowly and deliberately, savoring every bite. This can help you become more aware of when you're actually full.

2. Eat Regular, Balanced Meals: Skipping meals or eating irregularly can lead to overeating. Try to have regular, balanced meals filled with protein, fiber, and healthy fats to keep you satisfied.

3. Manage Your Environment: Limit the availability of sweets or tempting foods in your home. If they're not readily accessible, you're less likely to overindulge.

4. Seek Support: Sometimes, it helps to talk about these issues. A support group, a dietitian, or a mental health professional can provide additional strategies and coping mechanisms.

5. Practice Self-Compassion: It's okay to have off days. Don't be too hard on yourself if you slip up. Remember, it's about progress, not perfection.

If you find that these strategies aren't enough or if your eating habits are causing you distress, it might be beneficial to seek help from a mental health professional. They can provide you with more personalized strategies and could also explore if there's an underlying emotional issue that needs to be addressed.",questionID_714,How can I train myself to stop eating when I'm full?,"I have no self control over food. Most people stop when they've had enough, but I keep eating for the pleasure of it. Especially with sweets - I'm never done eating dessert.",eating-disorders,gpt4,0.16030548287565016,0.5590350197639872
albert_correct_sbert_wrong,1918,0,0.497378457152082,0,0.6569329896808274,1,0.39286822,0,259,6,"People often present a curated version of themselves, hiding their flaws and insecurities.",695,785,0,0,5,"I'm so glad you reached out for support. What you're describing are common struggles that many teenage girls face, but that doesn't mean they're normal or healthy. It's understandable to feel insecure or compare yourself to others, especially during adolescence when you're figuring out your identity. However, the intensity of your feelings and the behaviors you're considering, such as throwing up to lose weight, are not normal or healthy.

It's essential to recognize that everyone has their unique strengths, weaknesses, and struggles, regardless of their appearance or intellect. The idea that everyone around you is smarter, skinnier, or more capable is likely an exaggerated perception. People often present a curated version of themselves, hiding their flaws and insecurities.

Your feelings of self-doubt, low self-esteem, and inadequacy are not uncommon, but they can be overwhelming and damaging if left unaddressed. It's crucial to talk to someone you trust, such as a parent, teacher, school counselor, or mental health professional, about how you're feeling. They can help you develop coping strategies, work through your emotions, and provide support and guidance.

Remember, you are not alone, and your feelings are valid. It takes courage to acknowledge and share your struggles, and I'm proud of you for taking this first step. Please consider reaching out to a trusted adult or a helpline, such as the National Eating Disorders Association (NEDA) Helpline (1-800-931-2237) or the Crisis Text Line (text ""HOME"" to 741741), for immediate support. You deserve to feel seen, heard, and supported.",questionID_346,"I feel like I'm this dumb fat girl that no one likes, and everything is my fault. Are these normal teenage girl feelings?","Everyone around me is much smarter and flaunts it. Everyone around me is skinny, and here I am trying to throw up so I'm not fat. Everything I do is wrong, and I can't seem to do anything right! No one else at school seems to feel the way I do! Is this normal teenage girls feelings? I don't think these feelings are normal.",self-esteem,llama3,0.15693298968082736,0.5157265556109698
albert_correct_sbert_wrong,1455,0,0.5020905307261636,1,0.6510492764846403,1,0.3825272,0,199,5,Many times we don't realize how past relationships truly impact our current behaviors.,550,636,0,0,5,Here is the truth: You will never get her to understand! because that would mean changing her and we can't change other people we can only change ourselves. I would recommend to take the time to self reflect on what exactly it is that you are doing that is contributing to the mixup. You both have very valid feelings and those won't magically go away until you address the root problem (which could be many factors). I am curious to know more about past relationships the both of you have had and how that plays a role in your current relationship. Many times we don't realize how past relationships truly impact our current behaviors.,questionID_391,Why do I feel like I'm always wrong in everything in my relationship?,"My wife is always accusing me of cheating and telling me that I'm doing things she finds disrespectful even when I don't mean it like that. For example, she gets offended when I call someone at work ""sweetheart."" I wish I had a penny for every time she accused me of cheating on her. She doesn't, and never will say she was wrong. How do I get her to understand?",workplace-relationships,human,0.15104927648464028,0.5118890024036012
albert_correct_sbert_wrong,1441,0,0.5062897993987174,1,0.6495335170599872,1,0.5374397,0,197,4,It's also essential to understand that her behavior might be a sign of her own insecurities or past experiences.,536,648,0,0,5,"It sounds like you're feeling frustrated, hurt, and possibly even defensive in your relationship. The constant accusations and lack of acknowledgment of her own mistakes can be draining. To address this, consider having an open and honest conversation with your wife about how her behavior is affecting you. Use ""I"" statements to express your feelings, such as ""I feel disrespected when you accuse me of cheating without any evidence"" or ""I feel like I'm walking on eggshells around you, never knowing what will trigger an argument."" 

It's also essential to understand that her behavior might be a sign of her own insecurities or past experiences. Approach the conversation with empathy, but also set clear boundaries and expectations for how you want to be treated in the relationship. Regarding the ""sweetheart"" example, you could explain that it's a harmless term you use in a professional setting, and reassure her that it doesn't imply any romantic or intimate intentions.

However, it's crucial to recognize that you can't force someone to understand or admit their mistakes. If your wife is unwilling to listen, reflect on her actions, or work on rebuilding trust, it may be a sign of deeper issues in the relationship. In such cases, couples therapy can be beneficial in addressing these concerns and improving communication. Remember that your emotional well-being is important, and it's okay to prioritize your own needs and seek support if the relationship becomes toxic or unsustainable.",questionID_391,Why do I feel like I'm always wrong in everything in my relationship?,"My wife is always accusing me of cheating and telling me that I'm doing things she finds disrespectful even when I don't mean it like that. For example, she gets offended when I call someone at work ""sweetheart."" I wish I had a penny for every time she accused me of cheating on her. She doesn't, and never will say she was wrong. How do I get her to understand?",workplace-relationships,llama3,0.1495335170599872,0.5644210054862349
albert_correct_sbert_wrong,1437,0,0.497674167503825,0,0.6482745550824177,1,0.36611408,0,197,0,"It sounds like you're feeling frustrated, hurt, and possibly even defensive in your relationship.",0,97,0,0,5,"It sounds like you're feeling frustrated, hurt, and possibly even defensive in your relationship. The constant accusations and lack of acknowledgment of her own mistakes can be draining. To address this, consider having an open and honest conversation with your wife about how her behavior is affecting you. Use ""I"" statements to express your feelings, such as ""I feel disrespected when you accuse me of cheating without any evidence"" or ""I feel like I'm walking on eggshells around you, never knowing what will trigger an argument."" 

It's also essential to understand that her behavior might be a sign of her own insecurities or past experiences. Approach the conversation with empathy, but also set clear boundaries and expectations for how you want to be treated in the relationship. Regarding the ""sweetheart"" example, you could explain that it's a harmless term you use in a professional setting, and reassure her that it doesn't imply any romantic or intimate intentions.

However, it's crucial to recognize that you can't force someone to understand or admit their mistakes. If your wife is unwilling to listen, reflect on her actions, or work on rebuilding trust, it may be a sign of deeper issues in the relationship. In such cases, couples therapy can be beneficial in addressing these concerns and improving communication. Remember that your emotional well-being is important, and it's okay to prioritize your own needs and seek support if the relationship becomes toxic or unsustainable.",questionID_391,Why do I feel like I'm always wrong in everything in my relationship?,"My wife is always accusing me of cheating and telling me that I'm doing things she finds disrespectful even when I don't mean it like that. For example, she gets offended when I call someone at work ""sweetheart."" I wish I had a penny for every time she accused me of cheating on her. She doesn't, and never will say she was wrong. How do I get her to understand?",workplace-relationships,llama3,0.1482745550824177,0.5040209341954142
albert_correct_sbert_wrong,2565,0,0.5010214479873945,1,0.6411638730986251,1,0.479812,0,334,0,Rebuilding trust after infidelity is a challenging but sometimes possible process.,0,82,0,0,5,"Rebuilding trust after infidelity is a challenging but sometimes possible process. I strongly recommend seeking couples counseling to help you both navigate these complex emotions, communicate openly and honestly, and establish a foundation for healing – whether that leads to staying together or parting ways. Individual therapy can also be beneficial for you in processing your feelings and developing coping mechanisms.",questionID_732,My fiancé cheated. How can we mend our relationship?,"I'm in a relationship with my fiancé and I currently found out that she's been cheating on me with a co-worker. I was very upset none the less. I understand what she did was wrong, but I want to spend the rest of my life with her. So I'm willing to forgive and move on. We have been together for a little over 9 years, and we have a son. At the beginning of our relationship, I was unfaithful and she caught me cheating. She forgave me for what I've done to her and since then I been completely faithful. I'm worried about our relationship and want to move forward but its been very unsettling. All I can think about is her with another man. I don't know what to do or where to go for advice?",relationships,gemini,0.1411638730986251,0.5406657736953399
albert_correct_sbert_wrong,1443,0,0.4985948550151446,0,0.5822150213889685,1,0.6332024,0,197,6,"Regarding the ""sweetheart"" example, you could explain that it's a harmless term you use in a professional setting, and reassure her that it doesn't imply any romantic or intimate intentions.",788,978,0,0,5,"It sounds like you're feeling frustrated, hurt, and possibly even defensive in your relationship. The constant accusations and lack of acknowledgment of her own mistakes can be draining. To address this, consider having an open and honest conversation with your wife about how her behavior is affecting you. Use ""I"" statements to express your feelings, such as ""I feel disrespected when you accuse me of cheating without any evidence"" or ""I feel like I'm walking on eggshells around you, never knowing what will trigger an argument."" 

It's also essential to understand that her behavior might be a sign of her own insecurities or past experiences. Approach the conversation with empathy, but also set clear boundaries and expectations for how you want to be treated in the relationship. Regarding the ""sweetheart"" example, you could explain that it's a harmless term you use in a professional setting, and reassure her that it doesn't imply any romantic or intimate intentions.

However, it's crucial to recognize that you can't force someone to understand or admit their mistakes. If your wife is unwilling to listen, reflect on her actions, or work on rebuilding trust, it may be a sign of deeper issues in the relationship. In such cases, couples therapy can be beneficial in addressing these concerns and improving communication. Remember that your emotional well-being is important, and it's okay to prioritize your own needs and seek support if the relationship becomes toxic or unsustainable.",questionID_391,Why do I feel like I'm always wrong in everything in my relationship?,"My wife is always accusing me of cheating and telling me that I'm doing things she finds disrespectful even when I don't mean it like that. For example, she gets offended when I call someone at work ""sweetheart."" I wish I had a penny for every time she accused me of cheating on her. She doesn't, and never will say she was wrong. How do I get her to understand?",workplace-relationships,llama3,0.13320240000000005,0.5713374254680378
albert_correct_sbert_wrong,570,0,0.5034446106788236,1,0.5910447750620037,1,0.3873163,0,78,2,"If the client is a minor, parents or legal guardians may have the authority to admit them to a treatment center, even if the minor resists.",222,361,0,0,5,"In most cases, a therapist cannot forcibly admit a client to an eating disorder treatment center against their will. However, there are exceptions and variations depending on the jurisdiction and specific circumstances. 

If the client is a minor, parents or legal guardians may have the authority to admit them to a treatment center, even if the minor resists. 

For adults, therapists can encourage and support clients in seeking treatment, but ultimately, the decision to admit themselves to a facility is the client's. That being said, if the therapist believes the client is at imminent risk of harming themselves or others due to their eating disorder, they may be able to initiate an involuntary commitment process, which typically involves notifying emergency services or a crisis hotline. 

Involuntary commitment laws vary by state and country, so it's essential for therapists to be familiar with local regulations and procedures. It's also crucial for therapists to maintain a collaborative and non-coercive therapeutic relationship, focusing on empowering clients to make informed decisions about their care. 

If you're concerned about a client's safety or well-being, it's best to consult with a supervisor, colleagues, or local mental health authorities to determine the most appropriate course of action. Prioritizing the client's autonomy while ensuring their safety is a delicate balance that requires careful consideration and expertise.",questionID_708,Can a therapist have a client admitted to an eating disorder treatment center if the client does not want to go?,,eating-disorders,llama3,0.1126837,0.4939352285802758
albert_correct_sbert_wrong,2143,0,0.5032032807748344,1,0.6120656652503359,1,0.39137468,0,285,6,"If the relationship involves a power imbalance, such as a supervisor-supervisee or instructor-student relationship, it's generally considered unethical and may be prohibited by the organization or institution.",613,822,0,0,5,"Having a romantic or intimate relationship with a fellow counselor can be a complex issue, and its ethics depend on various factors. The American Counseling Association (ACA) and other professional organizations have established codes of ethics to guide counselors' behavior. 

According to the ACA Code of Ethics, there is no explicit prohibition against relationships between colleagues. However, Section C.3.a. (Avoiding Harm and Imposing Values) and Section F.10.a. (Dual Relationships) emphasize the importance of avoiding harm, exploitation, or conflicts of interest that may arise in such relationships. 

If the relationship involves a power imbalance, such as a supervisor-supervisee or instructor-student relationship, it's generally considered unethical and may be prohibited by the organization or institution. 

In terms of legal ramifications, laws and regulations vary by jurisdiction, but generally, there are no specific laws prohibiting relationships between counselors. However, if the relationship leads to favoritism, discrimination, or creates a hostile work environment, it may result in legal issues, such as lawsuits or complaints to licensing boards. 

To navigate these situations, it's essential to consider the potential impact on your professional relationships, work environment, and clients. If you're unsure about the ethics or potential consequences of a relationship with a fellow counselor, it's recommended that you consult with a supervisor, a professional organization, or a licensed attorney for guidance. Ultimately, prioritize maintaining professional boundaries, respecting colleagues, and upholding the principles of your profession to avoid any potential harm or conflicts of interest.",questionID_401,Is it unethical to have a relationship with a fellow counselor?,Does this go against any ethical codes? Are there legal ramifications?,workplace-relationships,llama3,0.1120656652503359,0.5022145420083901
albert_correct_sbert_wrong,1434,0,0.5004064836456803,1,0.6047409200913267,1,0.4732167,0,196,4,It might be beneficial to sit down with your wife and have an open and honest conversation about how you're feeling.,324,440,0,0,5,"I'm really sorry to hear that you're going through this. It sounds like you're experiencing a lot of stress and miscommunication in your relationship. It's important to remember that it's perfectly normal to feel hurt and confused in such situations. Trust and clear communication are key factors in a healthy relationship. It might be beneficial to sit down with your wife and have an open and honest conversation about how you're feeling. You could try expressing your feelings using ""I"" statements to avoid sounding accusatory, such as ""I feel hurt when you accuse me of cheating"". It might also be helpful to consider seeking couples therapy, where a professional can guide and mediate the conversation to help both of you understand each other's perspectives better.",questionID_391,Why do I feel like I'm always wrong in everything in my relationship?,"My wife is always accusing me of cheating and telling me that I'm doing things she finds disrespectful even when I don't mean it like that. For example, she gets offended when I call someone at work ""sweetheart."" I wish I had a penny for every time she accused me of cheating on her. She doesn't, and never will say she was wrong. How do I get her to understand?",workplace-relationships,gpt4,0.10474092009132674,0.5261213679123357
albert_correct_sbert_wrong,1454,0,0.5061182774114531,1,0.6032689915035461,1,0.48771343,0,199,4,I am curious to know more about past relationships the both of you have had and how that plays a role in your current relationship.,418,549,0,0,5,Here is the truth: You will never get her to understand! because that would mean changing her and we can't change other people we can only change ourselves. I would recommend to take the time to self reflect on what exactly it is that you are doing that is contributing to the mixup. You both have very valid feelings and those won't magically go away until you address the root problem (which could be many factors). I am curious to know more about past relationships the both of you have had and how that plays a role in your current relationship. Many times we don't realize how past relationships truly impact our current behaviors.,questionID_391,Why do I feel like I'm always wrong in everything in my relationship?,"My wife is always accusing me of cheating and telling me that I'm doing things she finds disrespectful even when I don't mean it like that. For example, she gets offended when I call someone at work ""sweetheart."" I wish I had a penny for every time she accused me of cheating on her. She doesn't, and never will say she was wrong. How do I get her to understand?",workplace-relationships,human,0.10326899150354607,0.532366899638333
albert_correct_sbert_wrong,2345,0,0.5024654016843132,1,0.5534563581172975,1,0.5976009,0,310,2,"It's possible that your feelings of disappointment and jealousy are rooted in a sense of grief for the wedding and proposal you had envisioned, which is a valid emotion.",298,467,0,0,5,"It's completely understandable that you're struggling to let go of your dream wedding, especially when it feels like a once-in-a-lifetime experience that didn't meet your expectations. It's not about being selfish or petty, but rather about acknowledging and processing your unmet emotional needs. It's possible that your feelings of disappointment and jealousy are rooted in a sense of grief for the wedding and proposal you had envisioned, which is a valid emotion. 

To move forward, consider having an open and honest conversation with your husband about your feelings, using ""I"" statements to express your emotions and avoid blaming or resenting him. It may also be helpful to reflect on what specifically you felt was missing from your wedding and proposal, and see if there are ways to recreate or celebrate those aspects in other ways, such as a vow renewal or a special anniversary celebration. 

Additionally, practicing self-compassion and acknowledging that it's okay to have these feelings can help you work through them. Remind yourself that your marriage is not defined by one event, but by the daily choices and commitments you and your husband make to each other. Focus on nurturing your relationship and building positive experiences together, rather than comparing your wedding to others. Lastly, consider seeking the help of a couples therapist who can provide a safe and supportive environment to explore these feelings and work through them together.",questionID_707,How can I let go of my dream wedding?,"I have been with my husband for almost 7 years. We got engaged a little after 5 years of being together. I had always been clear that I wanted to get married and I sadly would drop hints about how i wanted him to propose. When he did propose it was during a random vacation that I had planned. I was happy but I couldn't help feeling disappointed too. I had told him numerous times before that I wanted him to do it in front of my friends and family. I know it sounds dumb to be upset but I couldn't help how I was feeling. We are now married but the wedding and ring were also far from what I wanted and it wasn't due to lack of funds. I know this is all material and the marriage is the most important thing but I cant help but get jealous and envious every time I see someone get a proposal or wedding that I had wanted. I cant help my anger because I know we only get one proposal and one wedding. What I wanted will never happen. I have been working on my feelings for the past year and half to get over it. I try to focus on our marriage but every time I see someone have the best proposals and weddings I get upset. I know it is selfish and I know its petty but I just can't control it. It's ruining our relationship because I constantly think about it. Plus, I get mad at him for small things because I am trying to hide the fact that I am so disappointed. Why can't I move on?",marriage,llama3,0.09760089999999999,0.5511742199338702
albert_correct_sbert_wrong,1448,0,0.4961230127500657,0,0.5588684089031976,1,0.59507686,0,198,0,It sounds incredibly frustrating to feel constantly accused and misunderstood in your relationship; consider seeking couples counseling to help you both communicate more effectively and address the underlying trust issues that seem to be present.,0,246,0,0,5,"It sounds incredibly frustrating to feel constantly accused and misunderstood in your relationship; consider seeking couples counseling to help you both communicate more effectively and address the underlying trust issues that seem to be present. If your wife is unwilling to participate, individual therapy could provide you with tools and support to navigate this difficult situation.",questionID_391,Why do I feel like I'm always wrong in everything in my relationship?,"My wife is always accusing me of cheating and telling me that I'm doing things she finds disrespectful even when I don't mean it like that. For example, she gets offended when I call someone at work ""sweetheart."" I wish I had a penny for every time she accused me of cheating on her. She doesn't, and never will say she was wrong. How do I get her to understand?",workplace-relationships,gemini,0.09507686000000004,0.5500227605510878
models_disagree,1835,1,0.4995077725452988,0,0.5345783398357353,0,0.84516835,1,247,2,"Cry away, therapist are very used to it:)",84,125,3,3,5,"Oh, crying in therapy is very normal! I have a stack of kleenex boxes in my office. Cry away, therapist are very used to it:) First time being in therapy is scary, but you'll soon know if you are a good match.",questionID_144,Is it normal to cry during therapy?,"I start counseling/therapy in a few days (I'm freaking out) but my main fear is that I'll cry and embarrass myself, is it something to worry about?",anxiety,human,0.34516835,0.6264181541270114
models_disagree,2128,0,0.5097089777622412,1,0.3919063832372651,0,0.8426029,1,283,4,"There is a large body of evidence supporting the use of this approach to alleviating many of the aspects you identified in your post as well of a wide variety of tools that you can choose from and utilize that are able to practiced and assimilated into your daily tool box of coping mechanisms that end up becoming new behaviors and ways of thinking about issues that become automatic, the best possible outcome you can hope for if you want the solution to be sustainable.",610,1082,0,0,5,"In dealing with an eating disorder you are far from alone.  It is more common than you might think and tied to so many variables that it is easy for an individual to become overwhelmed in trying to navigate the influences of such variables.  I have been working with individuals dealing with such challenges since 1998 and have found over the years that behavioral analysis is highly effective in helping you begin to isolate, understand and then be able to address many of these variable impacting your behavioral and cognitive choices.  Consider finding someone trained in Dialectic Behavior Therapy (DBT).  There is a large body of evidence supporting the use of this approach to alleviating many of the aspects you identified in your post as well of a wide variety of tools that you can choose from and utilize that are able to practiced and assimilated into your daily tool box of coping mechanisms that end up becoming new behaviors and ways of thinking about issues that become automatic, the best possible outcome you can hope for if you want the solution to be sustainable.",questionID_712,How do I handle my binge eating?,"I have a problem with binge eating, especially during times of stress. I binge eat and feel so overwhelmed with shame and disappointment that I end up going to the gym and trying to exercise the calories off. I am in my late 20s, and I have been dealing with this since I was a teenager. Are there any coping mechanisms I can use to break this cycle?",eating-disorders,human,0.34260290000000004,0.5814060869998355
models_disagree,268,0,0.4976577612871484,0,0.5011826389873872,0,0.8113571,1,36,4,"You might say something like, ""I care about you and the baby, and I want to make sure you're both doing well.",715,824,0,0,5,"I'm so sorry to hear about your loss, and I can understand why you're seeking guidance during this challenging time. Regarding your daughter-in-law's situation, it's natural to feel concerned about her decision to smoke marijuana while pregnant. While some studies suggest that marijuana may help alleviate morning sickness, the American College of Obstetricians and Gynecologists (ACOG) and other reputable health organizations recommend avoiding marijuana use during pregnancy due to potential risks to the fetus, such as low birth weight and developmental delays.

When responding to your daughter-in-law, approach the conversation with empathy and concern for her well-being, rather than judgment or criticism. You might say something like, ""I care about you and the baby, and I want to make sure you're both doing well. I've heard that marijuana can have unknown effects on the fetus, and I'm worried about the potential risks. Have you talked to your doctor about your morning sickness and explored other treatment options?"" This can help open a dialogue and encourage her to consult with her healthcare provider about safer alternatives for managing her symptoms. Remember to prioritize your relationship with your daughter-in-law and avoid being confrontational, as this may lead to defensiveness and make the situation more challenging to navigate.",questionID_624,My daughter-in-law is smoking marijuana while pregnant,"My new daughter-in-law just informed me that she is smoking marijuana while pregnant because of her morning sickness. I’m in shock and I don’t know how to respond. I just lost my mom, and she was good with advice.",substance-abuse,llama3,0.31135710000000005,0.6033991667581785
models_disagree,283,1,0.5045357258404033,1,0.5002487910307478,0,0.80880076,1,38,6,Maybe you and other family members can lighten her daily routines so she has more time for herself to manage her morning sickness in a less risky way.,776,926,1,1,5,"Have you reached your own conclusions and reasons for these, regarding the topic?   When you feel confident in your own reasons for your conclusions, then obviously ask your daughter in law for some time together and tell her what you think and your reasons for opinions.Plan for this meeting according to the type of relationship you have with your daughter in law.Since your son will also be affected by the prenatal conditions of his child, he may also be interested in being part of this conversation.Also, during your discussion, find out the exact ways the morning sickness affects your daughter in law.It is possible that scheduling adjustments in routines can be made so your daughter has more time to rest or fewer responsibilities for a while until she feels better.Maybe you and other family members can lighten her daily routines so she has more time for herself to manage her morning sickness in a less risky way.Sending Good luck!",questionID_624,My daughter-in-law is smoking marijuana while pregnant,"My new daughter-in-law just informed me that she is smoking marijuana while pregnant because of her morning sickness. I’m in shock and I don’t know how to respond. I just lost my mom, and she was good with advice.",substance-abuse,human,0.30880076,0.604528425623717
models_disagree,1817,0,0.5007333076029106,1,0.3608034551957873,0,0.19350034,0,244,2,"Crying can often be a part of the healing process, allowing us to release pent-up emotions.",180,271,0,0,5,"It's absolutely normal to cry during therapy, and there's absolutely nothing to be embarrassed about. Therapy is a safe space for you to express your emotions and feelings openly. Crying can often be a part of the healing process, allowing us to release pent-up emotions. A good therapist will understand and support you through this. Remember, therapy is about helping you, and there's no right or wrong way to feel. It's natural to feel anxious about starting therapy, but try to see it as a positive step towards better understanding and managing your emotions.",questionID_144,Is it normal to cry during therapy?,"I start counseling/therapy in a few days (I'm freaking out) but my main fear is that I'll cry and embarrass myself, is it something to worry about?",anxiety,gpt4,0.30649966,0.3516790342662326
models_disagree,1834,1,0.5000110095030427,1,0.283474903189595,0,0.806334,1,247,1,I have a stack of kleenex boxes in my office.,38,83,2,2,5,"Oh, crying in therapy is very normal! I have a stack of kleenex boxes in my office. Cry away, therapist are very used to it:) First time being in therapy is scary, but you'll soon know if you are a good match.",questionID_144,Is it normal to cry during therapy?,"I start counseling/therapy in a few days (I'm freaking out) but my main fear is that I'll cry and embarrass myself, is it something to worry about?",anxiety,human,0.306334,0.529939970897546
models_disagree,566,0,0.5017486714116349,1,0.4271466150121483,0,0.20752972,0,77,4,"There are exceptions, such as when a person's life is in immediate danger, but these are generally guided by local laws and regulations.",395,531,0,0,5,"As a therapist, my primary role is to provide guidance, support, and therapeutic intervention for my clients. I can certainly recommend that a client seek specialized treatment for an eating disorder if it's necessary for their health and well-being. However, I cannot forcibly admit anyone into treatment against their will. In most cases, a person must voluntarily agree to receive treatment. There are exceptions, such as when a person's life is in immediate danger, but these are generally guided by local laws and regulations. It's important to have open conversations about the benefits of treatment, and to encourage and support individuals to make choices that prioritize their health.",questionID_708,Can a therapist have a client admitted to an eating disorder treatment center if the client does not want to go?,,eating-disorders,gpt4,0.29247027999999997,0.37880833547459436
models_disagree,569,0,0.5009470100777366,1,0.3040208584375363,0,0.20929866,0,78,1,"However, there are exceptions and variations depending on the jurisdiction and specific circumstances.",117,219,0,0,5,"In most cases, a therapist cannot forcibly admit a client to an eating disorder treatment center against their will. However, there are exceptions and variations depending on the jurisdiction and specific circumstances. 

If the client is a minor, parents or legal guardians may have the authority to admit them to a treatment center, even if the minor resists. 

For adults, therapists can encourage and support clients in seeking treatment, but ultimately, the decision to admit themselves to a facility is the client's. That being said, if the therapist believes the client is at imminent risk of harming themselves or others due to their eating disorder, they may be able to initiate an involuntary commitment process, which typically involves notifying emergency services or a crisis hotline. 

Involuntary commitment laws vary by state and country, so it's essential for therapists to be familiar with local regulations and procedures. It's also crucial for therapists to maintain a collaborative and non-coercive therapeutic relationship, focusing on empowering clients to make informed decisions about their care. 

If you're concerned about a client's safety or well-being, it's best to consult with a supervisor, colleagues, or local mental health authorities to determine the most appropriate course of action. Prioritizing the client's autonomy while ensuring their safety is a delicate balance that requires careful consideration and expertise.",questionID_708,Can a therapist have a client admitted to an eating disorder treatment center if the client does not want to go?,,eating-disorders,llama3,0.29070134000000003,0.3380888428384243
models_disagree,2357,0,0.5024421187660082,1,0.3950695636900697,0,0.7846909,1,312,3,You may envy your friends' weddings but more than likely they had a few mishaps of their own and/or it wasn't as perfect as they had planned it either.,255,406,0,0,5,"It's hard to let go of the dreams you had regarding your wedding and engagement. This was something that you and most women think about for years, so it's understandable to be disappointed. But please be aware that it is rare that any wedding is perfect. You may envy your friends' weddings but more than likely they had a few mishaps of their own and/or it wasn't as perfect as they had planned it either. However, like you know, the marriage is the most important thing. How many women are envious that you are in a happy, stable relationship? I assure you that there are plenty. Try to live in the present considering that dwelling on the past can still not change how you were proposed to or how your wedding day transpired. Focus on what you can control NOW. Perhaps, you can plan an extravagant renewal of your vows or change the look of your ring?I would also be upfront with your husband and explain why you've been short lately. But after that, close that chapter and move on. It sounds like you have a wonderful companion and you certainly don't want to lose this due to a situation that is impossible to change.",questionID_707,How can I let go of my dream wedding?,"I have been with my husband for almost 7 years. We got engaged a little after 5 years of being together. I had always been clear that I wanted to get married and I sadly would drop hints about how i wanted him to propose. When he did propose it was during a random vacation that I had planned. I was happy but I couldn't help feeling disappointed too. I had told him numerous times before that I wanted him to do it in front of my friends and family. I know it sounds dumb to be upset but I couldn't help how I was feeling. We are now married but the wedding and ring were also far from what I wanted and it wasn't due to lack of funds. I know this is all material and the marriage is the most important thing but I cant help but get jealous and envious every time I see someone get a proposal or wedding that I had wanted. I cant help my anger because I know we only get one proposal and one wedding. What I wanted will never happen. I have been working on my feelings for the past year and half to get over it. I try to focus on our marriage but every time I see someone have the best proposals and weddings I get upset. I know it is selfish and I know its petty but I just can't control it. It's ruining our relationship because I constantly think about it. Plus, I get mad at him for small things because I am trying to hide the fact that I am so disappointed. Why can't I move on?",marriage,human,0.28469089999999997,0.560734194152026
models_disagree,1936,0,0.4987150203328419,0,0.5227996946156744,0,0.78428197,1,261,5,"These feelings are ""normal.""",511,539,0,0,5,"There are some struggles that are less ""obvious"" than others, an eating disorder being one of them. From just your personal experience alone you might realize how easy it may seem to keep such a secret from those around you. In the same way, there are many people who struggle secretly with this problem and not many people know or even notice. So you are definitely not alone. Low self-esteem or lack of confidence in some areas are issues that EVERY teen, in fact EVERY person, has experienced at some point. These feelings are ""normal."" It sounds, though, as if these feelings of insecurity and inadequacy have begun to consume your every day thoughts and behaviors bringing you to where you are today - comparing yourself to others, purging, and feeling extreme guilt. Sometimes it's best if we seek outside help, instead of trying to tackle problems on our own. Breaking habits that come along with an eating disorder really requires the help of a doctor, nutritionist, and a therapist who can help change your perspective from the inside out! Hope this helps!",questionID_346,"I feel like I'm this dumb fat girl that no one likes, and everything is my fault. Are these normal teenage girl feelings?","Everyone around me is much smarter and flaunts it. Everyone around me is skinny, and here I am trying to throw up so I'm not fat. Everything I do is wrong, and I can't seem to do anything right! No one else at school seems to feel the way I do! Is this normal teenage girls feelings? I don't think these feelings are normal.",self-esteem,human,0.28428197,0.601932228316172
models_disagree,1931,1,0.5025717245591681,1,0.482025367893497,0,0.7826558,1,261,0,"There are some struggles that are less ""obvious"" than others, an eating disorder being one of them.",0,99,2,2,5,"There are some struggles that are less ""obvious"" than others, an eating disorder being one of them. From just your personal experience alone you might realize how easy it may seem to keep such a secret from those around you. In the same way, there are many people who struggle secretly with this problem and not many people know or even notice. So you are definitely not alone. Low self-esteem or lack of confidence in some areas are issues that EVERY teen, in fact EVERY person, has experienced at some point. These feelings are ""normal."" It sounds, though, as if these feelings of insecurity and inadequacy have begun to consume your every day thoughts and behaviors bringing you to where you are today - comparing yourself to others, purging, and feeling extreme guilt. Sometimes it's best if we seek outside help, instead of trying to tackle problems on our own. Breaking habits that come along with an eating disorder really requires the help of a doctor, nutritionist, and a therapist who can help change your perspective from the inside out! Hope this helps!",questionID_346,"I feel like I'm this dumb fat girl that no one likes, and everything is my fault. Are these normal teenage girl feelings?","Everyone around me is much smarter and flaunts it. Everyone around me is skinny, and here I am trying to throw up so I'm not fat. Everything I do is wrong, and I can't seem to do anything right! No one else at school seems to feel the way I do! Is this normal teenage girls feelings? I don't think these feelings are normal.",self-esteem,human,0.2826558,0.5890842974842218
models_disagree,409,1,0.498387715546286,0,0.4967752748770226,0,0.78031546,1,54,1,"A simple walk around the block, calling up a friend and going to visit, or even going to another room in the house can help.",100,224,2,2,5,"I would recommend removing yourself from the environment you are in after you have finished eating. A simple walk around the block, calling up a friend and going to visit, or even going to another room in the house can help. If you find that you truly have no self control over food, I recommend attending Overeaters Anonymous; a 12 step group for those with compulsive issues related to food. I hope this helps.",questionID_714,How can I train myself to stop eating when I'm full?,"I have no self control over food. Most people stop when they've had enough, but I keep eating for the pleasure of it. Especially with sweets - I'm never done eating dessert.",eating-disorders,human,0.28031545999999996,0.5918261501411028
models_disagree,378,0,0.4982853579583817,0,0.6235093734796768,1,0.77959085,1,51,3,Pay attention to your hunger and fullness cues.,182,229,0,0,5,"It sounds like you're struggling with mindful eating, and I want to assure you that you're not alone in this. Here are a few strategies that might help:

1. Practice Mindful Eating: Pay attention to your hunger and fullness cues. Eat slowly and deliberately, savoring every bite. This can help you become more aware of when you're actually full.

2. Eat Regular, Balanced Meals: Skipping meals or eating irregularly can lead to overeating. Try to have regular, balanced meals filled with protein, fiber, and healthy fats to keep you satisfied.

3. Manage Your Environment: Limit the availability of sweets or tempting foods in your home. If they're not readily accessible, you're less likely to overindulge.

4. Seek Support: Sometimes, it helps to talk about these issues. A support group, a dietitian, or a mental health professional can provide additional strategies and coping mechanisms.

5. Practice Self-Compassion: It's okay to have off days. Don't be too hard on yourself if you slip up. Remember, it's about progress, not perfection.

If you find that these strategies aren't enough or if your eating habits are causing you distress, it might be beneficial to seek help from a mental health professional. They can provide you with more personalized strategies and could also explore if there's an underlying emotional issue that needs to be addressed.",questionID_714,How can I train myself to stop eating when I'm full?,"I have no self control over food. Most people stop when they've had enough, but I keep eating for the pleasure of it. Especially with sweets - I'm never done eating dessert.",eating-disorders,gpt4,0.27959084999999995,0.6337951938126861
models_disagree,583,1,0.506960680385171,1,0.5371336012622273,0,0.770763,1,80,4,"In a situiaon like this, it would probably be a good idea to talk to the therapist about the possilbe positvies and negatives of the treatmetn center.",464,614,1,1,5,"Typically, a therapist cannot force a client to receive any treatment they do not want.  In the end, it is the clients who get to decide what type of treatment they want.If a therapist believes that their client is in imminent danger of harm however, the therapist might have an obligation to take actions to protect their client.  In such a case, the therapist would need to discuss the options with the client, and come up with a plan to best protect the client.In a situiaon like this, it would probably be a good idea to talk to the therapist about the possilbe positvies and negatives of the treatmetn center.  A good therpist will be happy to have that conversation with you and allow you to make the final decisions about your own treatment.",questionID_708,Can a therapist have a client admitted to an eating disorder treatment center if the client does not want to go?,,eating-disorders,human,0.270763,0.6049524272157994
models_disagree,958,1,0.506930493461751,1,0.5360853570024556,0,0.76104987,1,130,2,"Some were better at the Drill Sergeant style of coaching,  or a liberal style, integrative, humanistic, progressive, or conservative.",184,317,2,2,5,"Each client brings their own style they like to a coaching or counseling relationship.  When I counseled and coached military I learned to relate to what style of coaching they seek.  Some were better at the Drill Sergeant style of coaching,  or a liberal style, integrative, humanistic, progressive, or conservative.  Some can be obsessed and try and cross the line.  When you are in the public eye it can be a bit much and you have to know what client is a good fit for your practice.  Some don't see you as human but we are.  We seek to do the best we can with our knowledge cause it is a calling and I am sure others will say on here that we have to have our go to place of healing also so we can be good for our clients.",questionID_939,Are some clients more difficult than others?,What are some difficulties that a counselor can encounter when dealing with a client?,counseling-fundamentals,human,0.26104987,0.6013552401547355
models_disagree,2125,0,0.5068287733719107,1,0.4369074023538311,0,0.75938976,1,283,1,It is more common than you might think and tied to so many variables that it is easy for an individual to become overwhelmed in trying to navigate the influences of such variables.,60,240,0,0,5,"In dealing with an eating disorder you are far from alone.  It is more common than you might think and tied to so many variables that it is easy for an individual to become overwhelmed in trying to navigate the influences of such variables.  I have been working with individuals dealing with such challenges since 1998 and have found over the years that behavioral analysis is highly effective in helping you begin to isolate, understand and then be able to address many of these variable impacting your behavioral and cognitive choices.  Consider finding someone trained in Dialectic Behavior Therapy (DBT).  There is a large body of evidence supporting the use of this approach to alleviating many of the aspects you identified in your post as well of a wide variety of tools that you can choose from and utilize that are able to practiced and assimilated into your daily tool box of coping mechanisms that end up becoming new behaviors and ways of thinking about issues that become automatic, the best possible outcome you can hope for if you want the solution to be sustainable.",questionID_712,How do I handle my binge eating?,"I have a problem with binge eating, especially during times of stress. I binge eat and feel so overwhelmed with shame and disappointment that I end up going to the gym and trying to exercise the calories off. I am in my late 20s, and I have been dealing with this since I was a teenager. Are there any coping mechanisms I can use to break this cycle?",eating-disorders,human,0.25938976,0.5677086452419139
models_disagree,2576,1,0.5078962227879311,1,0.7559251083290117,1,0.32025638,0,335,8,Good luck in finding your relationship happiness!,1014,1063,1,1,5,"I'm sorry for the stress and unhappiness stemming the problem you describe.Trust your instinct that there is more complexity to feeling good about being in a partnership than simply wanting this to happen.In any relationship, the complexities of each person combine.   Often people accept when this feels good and are lost as to what to do when natural human complexity, doesn't match up with our partner in the way we'd like.A couples' therapist would be able to help each of you talk about the factors motivating the cheating, as well as clarify the reasons you each have for continuing to stay together. The unique advantage of couple's therapy is that each person is able to hear their partner talk out loud about themselves and their partner.This is sometimes enormously helpful since our inner thoughts are often hidden yet very dominant in how we direct ourselves in relationships.Sometimes the initial consult session offers enough new understanding that a second session wouldn't be necessary for a while.Good luck in finding your relationship happiness!",questionID_732,My fiancé cheated. How can we mend our relationship?,"I'm in a relationship with my fiancé and I currently found out that she's been cheating on me with a co-worker. I was very upset none the less. I understand what she did was wrong, but I want to spend the rest of my life with her. So I'm willing to forgive and move on. We have been together for a little over 9 years, and we have a son. At the beginning of our relationship, I was unfaithful and she caught me cheating. She forgave me for what I've done to her and since then I been completely faithful. I'm worried about our relationship and want to move forward but its been very unsettling. All I can think about is her with another man. I don't know what to do or where to go for advice?",relationships,human,0.2559251083290117,0.5280259037056476
models_disagree,1431,0,0.496020241836234,0,0.5641693306659695,1,0.24491826,0,196,1,It sounds like you're experiencing a lot of stress and miscommunication in your relationship.,57,150,0,0,5,"I'm really sorry to hear that you're going through this. It sounds like you're experiencing a lot of stress and miscommunication in your relationship. It's important to remember that it's perfectly normal to feel hurt and confused in such situations. Trust and clear communication are key factors in a healthy relationship. It might be beneficial to sit down with your wife and have an open and honest conversation about how you're feeling. You could try expressing your feelings using ""I"" statements to avoid sounding accusatory, such as ""I feel hurt when you accuse me of cheating"". It might also be helpful to consider seeking couples therapy, where a professional can guide and mediate the conversation to help both of you understand each other's perspectives better.",questionID_391,Why do I feel like I'm always wrong in everything in my relationship?,"My wife is always accusing me of cheating and telling me that I'm doing things she finds disrespectful even when I don't mean it like that. For example, she gets offended when I call someone at work ""sweetheart."" I wish I had a penny for every time she accused me of cheating on her. She doesn't, and never will say she was wrong. How do I get her to understand?",workplace-relationships,gpt4,0.25508174,0.43503594416740116
models_disagree,1940,1,0.4990458514542447,0,0.7536780898321468,1,0.3516527,0,261,9,Hope this helps!,1049,1065,1,1,5,"There are some struggles that are less ""obvious"" than others, an eating disorder being one of them. From just your personal experience alone you might realize how easy it may seem to keep such a secret from those around you. In the same way, there are many people who struggle secretly with this problem and not many people know or even notice. So you are definitely not alone. Low self-esteem or lack of confidence in some areas are issues that EVERY teen, in fact EVERY person, has experienced at some point. These feelings are ""normal."" It sounds, though, as if these feelings of insecurity and inadequacy have begun to consume your every day thoughts and behaviors bringing you to where you are today - comparing yourself to others, purging, and feeling extreme guilt. Sometimes it's best if we seek outside help, instead of trying to tackle problems on our own. Breaking habits that come along with an eating disorder really requires the help of a doctor, nutritionist, and a therapist who can help change your perspective from the inside out! Hope this helps!",questionID_346,"I feel like I'm this dumb fat girl that no one likes, and everything is my fault. Are these normal teenage girl feelings?","Everyone around me is much smarter and flaunts it. Everyone around me is skinny, and here I am trying to throw up so I'm not fat. Everything I do is wrong, and I can't seem to do anything right! No one else at school seems to feel the way I do! Is this normal teenage girls feelings? I don't think these feelings are normal.",self-esteem,human,0.2536780898321468,0.5347922137621305
models_disagree,2360,1,0.5011900876883094,1,0.4592917193663723,0,0.75253266,1,312,6,I assure you that there are plenty.,546,581,3,3,5,"It's hard to let go of the dreams you had regarding your wedding and engagement. This was something that you and most women think about for years, so it's understandable to be disappointed. But please be aware that it is rare that any wedding is perfect. You may envy your friends' weddings but more than likely they had a few mishaps of their own and/or it wasn't as perfect as they had planned it either. However, like you know, the marriage is the most important thing. How many women are envious that you are in a happy, stable relationship? I assure you that there are plenty. Try to live in the present considering that dwelling on the past can still not change how you were proposed to or how your wedding day transpired. Focus on what you can control NOW. Perhaps, you can plan an extravagant renewal of your vows or change the look of your ring?I would also be upfront with your husband and explain why you've been short lately. But after that, close that chapter and move on. It sounds like you have a wonderful companion and you certainly don't want to lose this due to a situation that is impossible to change.",questionID_707,How can I let go of my dream wedding?,"I have been with my husband for almost 7 years. We got engaged a little after 5 years of being together. I had always been clear that I wanted to get married and I sadly would drop hints about how i wanted him to propose. When he did propose it was during a random vacation that I had planned. I was happy but I couldn't help feeling disappointed too. I had told him numerous times before that I wanted him to do it in front of my friends and family. I know it sounds dumb to be upset but I couldn't help how I was feeling. We are now married but the wedding and ring were also far from what I wanted and it wasn't due to lack of funds. I know this is all material and the marriage is the most important thing but I cant help but get jealous and envious every time I see someone get a proposal or wedding that I had wanted. I cant help my anger because I know we only get one proposal and one wedding. What I wanted will never happen. I have been working on my feelings for the past year and half to get over it. I try to focus on our marriage but every time I see someone have the best proposals and weddings I get upset. I know it is selfish and I know its petty but I just can't control it. It's ruining our relationship because I constantly think about it. Plus, I get mad at him for small things because I am trying to hide the fact that I am so disappointed. Why can't I move on?",marriage,human,0.25253265999999996,0.5710048223515606
models_disagree,493,0,0.5068737299427762,1,0.249141131227466,0,0.2975497,0,66,5,"Before the first session, it's a good idea to prepare by thinking about what brings you to counseling, what your goals are, and what you hope to achieve.",656,809,0,0,5,"Approaching a counselor can seem daunting, but it's a brave and important step towards prioritizing your mental health. To start the counseling process, you can begin by asking for referrals from your primary care physician, friends, family members, or online directories like Psychology Today. You can also check with your insurance provider to see if they have a list of in-network counselors. Once you've identified a few potential counselors, you can visit their websites or make phone calls to ask questions about their specialty, approach, and availability. 

When you're ready to schedule an appointment, you can typically do so by phone or online. Before the first session, it's a good idea to prepare by thinking about what brings you to counseling, what your goals are, and what you hope to achieve. During the initial session, the counselor will likely introduce themselves, explain their approach and boundaries, and ask you questions to get to know you and understand your concerns. This is also an opportunity for you to get a sense of the counselor's style and see if you feel comfortable working with them.

Remember, counseling is a collaborative process, and it's okay to take your time finding the right fit. Be patient, kind, and compassionate with yourself as you take this important step towards seeking support. You deserve to prioritize your mental health and well-being, and seeking counseling is a sign of strength, not weakness.",questionID_936,How does someone approach a counselor?,How does a person start the counseling process?,counseling-fundamentals,llama3,0.250858868772534,0.3511881870567474
models_disagree,1113,0,0.5022221762315039,1,0.4150640514230239,0,0.24943557,0,151,7,"Remember, it's not your responsibility to bear all the weight of these issues.",761,839,0,0,5,"I'm really sorry to hear that you're going through this. Communication issues can be quite challenging in a relationship. It's important to remember that resolution and effective communication require effort from both parties. It might be helpful to consider seeking assistance from a couples counselor or therapist to facilitate open, respectful, and productive conversations. This professional guidance could provide both of you with the tools and strategies needed to express feelings and address issues constructively. In the meantime, try to approach conversations with empathy, patience, and the intention to understand each other's perspectives. It's also important to ensure your own wellbeing, so please consider individual therapy or support as well. Remember, it's not your responsibility to bear all the weight of these issues. This needs to be a mutual effort, and professional help can often be the catalyst for that change.",questionID_754,Why do my boyfriend and I have such trouble communicating?,"We’ve been together almost three years. We argue and he ends it by telling me he doesn’t love me. It's hurtful because I am all about resolving the problem, and he dwells on the issue even if I drop what he's done and just swallow my pride and say I am sorry. How can this be resolved? We have kids, and I don't want a broken family because we can't communicate.",relationships,gpt4,0.25056443,0.38890726588484253
models_disagree,580,1,0.5058383778079989,1,0.4547750053013177,0,0.74703145,1,80,1,"In the end, it is the clients who get to decide what type of treatment they want.",89,170,1,1,5,"Typically, a therapist cannot force a client to receive any treatment they do not want.  In the end, it is the clients who get to decide what type of treatment they want.If a therapist believes that their client is in imminent danger of harm however, the therapist might have an obligation to take actions to protect their client.  In such a case, the therapist would need to discuss the options with the client, and come up with a plan to best protect the client.In a situiaon like this, it would probably be a good idea to talk to the therapist about the possilbe positvies and negatives of the treatmetn center.  A good therpist will be happy to have that conversation with you and allow you to make the final decisions about your own treatment.",questionID_708,Can a therapist have a client admitted to an eating disorder treatment center if the client does not want to go?,,eating-disorders,human,0.24703145000000004,0.5692149443697723
models_disagree,2570,0,0.5067986217347705,1,0.4312387963967442,0,0.7465759,1,335,2,"In any relationship, the complexities of each person combine.",205,266,0,0,5,"I'm sorry for the stress and unhappiness stemming the problem you describe.Trust your instinct that there is more complexity to feeling good about being in a partnership than simply wanting this to happen.In any relationship, the complexities of each person combine.   Often people accept when this feels good and are lost as to what to do when natural human complexity, doesn't match up with our partner in the way we'd like.A couples' therapist would be able to help each of you talk about the factors motivating the cheating, as well as clarify the reasons you each have for continuing to stay together. The unique advantage of couple's therapy is that each person is able to hear their partner talk out loud about themselves and their partner.This is sometimes enormously helpful since our inner thoughts are often hidden yet very dominant in how we direct ourselves in relationships.Sometimes the initial consult session offers enough new understanding that a second session wouldn't be necessary for a while.Good luck in finding your relationship happiness!",questionID_732,My fiancé cheated. How can we mend our relationship?,"I'm in a relationship with my fiancé and I currently found out that she's been cheating on me with a co-worker. I was very upset none the less. I understand what she did was wrong, but I want to spend the rest of my life with her. So I'm willing to forgive and move on. We have been together for a little over 9 years, and we have a son. At the beginning of our relationship, I was unfaithful and she caught me cheating. She forgave me for what I've done to her and since then I been completely faithful. I'm worried about our relationship and want to move forward but its been very unsettling. All I can think about is her with another man. I don't know what to do or where to go for advice?",relationships,human,0.24657589999999996,0.5615377727105049
models_disagree,960,1,0.5060544200381625,1,0.4646811536842396,0,0.7444223,1,130,4,When you are in the public eye it can be a bit much and you have to know what client is a good fit for your practice.,369,486,2,2,5,"Each client brings their own style they like to a coaching or counseling relationship.  When I counseled and coached military I learned to relate to what style of coaching they seek.  Some were better at the Drill Sergeant style of coaching,  or a liberal style, integrative, humanistic, progressive, or conservative.  Some can be obsessed and try and cross the line.  When you are in the public eye it can be a bit much and you have to know what client is a good fit for your practice.  Some don't see you as human but we are.  We seek to do the best we can with our knowledge cause it is a calling and I am sure others will say on here that we have to have our go to place of healing also so we can be good for our clients.",questionID_939,Are some clients more difficult than others?,What are some difficulties that a counselor can encounter when dealing with a client?,counseling-fundamentals,human,0.24442229999999998,0.5717192912408007
models_disagree,2147,0,0.5003996966029859,1,0.3324553855220349,0,0.25733188,0,285,10,"If you're unsure about the ethics or potential consequences of a relationship with a fellow counselor, it's recommended that you consult with a supervisor, a professional organization, or a licensed attorney for guidance.",1324,1545,0,0,5,"Having a romantic or intimate relationship with a fellow counselor can be a complex issue, and its ethics depend on various factors. The American Counseling Association (ACA) and other professional organizations have established codes of ethics to guide counselors' behavior. 

According to the ACA Code of Ethics, there is no explicit prohibition against relationships between colleagues. However, Section C.3.a. (Avoiding Harm and Imposing Values) and Section F.10.a. (Dual Relationships) emphasize the importance of avoiding harm, exploitation, or conflicts of interest that may arise in such relationships. 

If the relationship involves a power imbalance, such as a supervisor-supervisee or instructor-student relationship, it's generally considered unethical and may be prohibited by the organization or institution. 

In terms of legal ramifications, laws and regulations vary by jurisdiction, but generally, there are no specific laws prohibiting relationships between counselors. However, if the relationship leads to favoritism, discrimination, or creates a hostile work environment, it may result in legal issues, such as lawsuits or complaints to licensing boards. 

To navigate these situations, it's essential to consider the potential impact on your professional relationships, work environment, and clients. If you're unsure about the ethics or potential consequences of a relationship with a fellow counselor, it's recommended that you consult with a supervisor, a professional organization, or a licensed attorney for guidance. Ultimately, prioritize maintaining professional boundaries, respecting colleagues, and upholding the principles of your profession to avoid any potential harm or conflicts of interest.",questionID_401,Is it unethical to have a relationship with a fellow counselor?,Does this go against any ethical codes? Are there legal ramifications?,workplace-relationships,llama3,0.24266812,0.3633956540416736
models_disagree,1478,1,0.5012513428033041,1,0.4843902790021714,0,0.7414414,1,203,1,What feelings are coming up and thoughts in your mind first to start.,97,166,1,1,5,Oh that is too bad not sure is it because of the one you are in therapy with or the counselor ?  What feelings are coming up and thoughts in your mind first to start.  Try and put them down and look at what is on paper.  If you need to maybe do a group first then individual then couple.,questionID_146,Is it normal to go into therapy feeling nervous?,I've gone to a couple therapy sessions so far and still everytime I walk in I get nervous and shaky. Is this normal? Should I still be feeling like this?,anxiety,human,0.24144140000000003,0.5756943406018252
models_disagree,2560,1,0.5022068195046194,1,0.4300128065064614,0,0.73929083,1,333,8,"To overcome the unsettling thoughts, try to focus on the present moment and the future you want to build together.",812,926,1,1,5,"I'm so sorry to hear about the pain and betrayal you're experiencing. Given your history and desire to move forward, it's essential to approach this situation with care and honesty. First, acknowledge that forgiveness is a process, and it may take time for both of you to heal. Consider couples therapy to work through your feelings and rebuild trust. It's crucial to have open and honest conversations about what happened, why it happened, and how you both can work together to prevent it in the future.

Reflect on your past infidelity and how your fiancé forgave you. Recognize that her cheating may be a symptom of deeper issues in your relationship, and it's essential to address these underlying problems. Make sure you're both on the same page regarding your commitment to the relationship and your son.

To overcome the unsettling thoughts, try to focus on the present moment and the future you want to build together. Practice self-care, engage in activities that bring you joy, and prioritize quality time with your fiancé and son. Rebuilding trust will require effort, patience, and understanding from both parties.

Remember that healing is not about forgetting or condoning the infidelity but about working together to create a stronger, more resilient relationship. It's okay to seek help, and don't be afraid to reach out to a therapist or counselor who can provide guidance and support throughout this challenging time.",questionID_732,My fiancé cheated. How can we mend our relationship?,"I'm in a relationship with my fiancé and I currently found out that she's been cheating on me with a co-worker. I was very upset none the less. I understand what she did was wrong, but I want to spend the rest of my life with her. So I'm willing to forgive and move on. We have been together for a little over 9 years, and we have a son. At the beginning of our relationship, I was unfaithful and she caught me cheating. She forgave me for what I've done to her and since then I been completely faithful. I'm worried about our relationship and want to move forward but its been very unsettling. All I can think about is her with another man. I don't know what to do or where to go for advice?",relationships,llama3,0.23929082999999995,0.5571701520036937
models_disagree,2102,0,0.4983004822762976,0,0.6547476766813278,1,0.7386644,1,280,7,"Instead, view it as a way to strengthen and care for your body.",720,783,0,0,5,"I'm really sorry to hear that you're struggling with this, but please know that you're not alone and it's commendable that you're seeking help. Binge eating can often be a coping mechanism for stress and other emotions, so it's important to find healthy alternatives. Cognitive behavioral therapy (CBT) can be very effective in addressing binge eating by helping you to understand your triggers and develop healthier responses. Mindful eating, where you focus on the taste, texture, and feelings of fullness, can also be beneficial. Regular, balanced meals can prevent extreme hunger that often leads to binging. Physical activity is important for overall health, but try not to use exercise as a punishment for eating. Instead, view it as a way to strengthen and care for your body. Reach out to a mental health professional who can provide you with more personalized strategies and consider joining a support group where you can connect with others facing the same challenges. Remember, it's okay to seek help and recovery is absolutely possible.",questionID_712,How do I handle my binge eating?,"I have a problem with binge eating, especially during times of stress. I binge eat and feel so overwhelmed with shame and disappointment that I end up going to the gym and trying to exercise the calories off. I am in my late 20s, and I have been dealing with this since I was a teenager. Are there any coping mechanisms I can use to break this cycle?",eating-disorders,gpt4,0.2386644,0.6305708529858751
models_disagree,1932,1,0.4989899528990774,0,0.7385271682026033,1,0.66596156,1,261,1,From just your personal experience alone you might realize how easy it may seem to keep such a secret from those around you.,100,224,1,1,5,"There are some struggles that are less ""obvious"" than others, an eating disorder being one of them. From just your personal experience alone you might realize how easy it may seem to keep such a secret from those around you. In the same way, there are many people who struggle secretly with this problem and not many people know or even notice. So you are definitely not alone. Low self-esteem or lack of confidence in some areas are issues that EVERY teen, in fact EVERY person, has experienced at some point. These feelings are ""normal."" It sounds, though, as if these feelings of insecurity and inadequacy have begun to consume your every day thoughts and behaviors bringing you to where you are today - comparing yourself to others, purging, and feeling extreme guilt. Sometimes it's best if we seek outside help, instead of trying to tackle problems on our own. Breaking habits that come along with an eating disorder really requires the help of a doctor, nutritionist, and a therapist who can help change your perspective from the inside out! Hope this helps!",questionID_346,"I feel like I'm this dumb fat girl that no one likes, and everything is my fault. Are these normal teenage girl feelings?","Everyone around me is much smarter and flaunts it. Everyone around me is skinny, and here I am trying to throw up so I'm not fat. Everything I do is wrong, and I can't seem to do anything right! No one else at school seems to feel the way I do! Is this normal teenage girls feelings? I don't think these feelings are normal.",self-esteem,human,0.23852716820260333,0.6344928937005602
models_disagree,565,0,0.500949304982611,1,0.4189525556172984,0,0.2627697,0,77,3,"In most cases, a person must voluntarily agree to receive treatment.",326,394,0,0,5,"As a therapist, my primary role is to provide guidance, support, and therapeutic intervention for my clients. I can certainly recommend that a client seek specialized treatment for an eating disorder if it's necessary for their health and well-being. However, I cannot forcibly admit anyone into treatment against their will. In most cases, a person must voluntarily agree to receive treatment. There are exceptions, such as when a person's life is in immediate danger, but these are generally guided by local laws and regulations. It's important to have open conversations about the benefits of treatment, and to encourage and support individuals to make choices that prioritize their health.",questionID_708,Can a therapist have a client admitted to an eating disorder treatment center if the client does not want to go?,,eating-disorders,gpt4,0.2372303,0.39422385353330314
models_disagree,1833,1,0.5027768014164429,1,0.4129992286451531,0,0.73395103,1,247,0,"Oh, crying in therapy is very normal!",0,37,2,2,5,"Oh, crying in therapy is very normal! I have a stack of kleenex boxes in my office. Cry away, therapist are very used to it:) First time being in therapy is scary, but you'll soon know if you are a good match.",questionID_144,Is it normal to cry during therapy?,"I start counseling/therapy in a few days (I'm freaking out) but my main fear is that I'll cry and embarrass myself, is it something to worry about?",anxiety,human,0.23395102999999995,0.549909020020532
models_disagree,2135,0,0.500876726847303,1,0.2702877537633458,0,0.2674001,0,284,6,Always ensure you act professionally and ethically in all aspects of your work.,1018,1097,0,0,5,"As a therapist, it's important to maintain professional boundaries and adhere to ethical guidelines in all circumstances. In terms of having a romantic relationship with a fellow counselor, it's not inherently unethical, provided it doesn't interfere with your ability to provide effective and unbiased care to your clients. It's crucial to avoid any conflicts of interest and ensure that your personal life doesn't affect your professional responsibilities. 

However, it's important to know that different organizations, workplaces, and professional bodies may have their own specific rules or guidelines about relationships between colleagues, so you should consult your organization's policies or your professional body's ethical guidelines for clarity.

In terms of legality, generally there aren't any legal ramifications for having a relationship with a fellow counselor. However, situations that involve harassment, discrimination, or violation of workplace policies could potentially have legal implications. Always ensure you act professionally and ethically in all aspects of your work. If you're uncertain, consider seeking advice from a mentor, supervisor, or legal counsel.",questionID_401,Is it unethical to have a relationship with a fellow counselor?,Does this go against any ethical codes? Are there legal ramifications?,workplace-relationships,gpt4,0.23259990000000003,0.3461881935368829
models_disagree,506,0,0.5074749763656804,1,0.5420708498066438,0,0.7294982,1,68,4,"You may also discover, rather quickly, that this therapist is not the right match for you.",522,612,0,0,5,"Hello, There are many ways to approach a counselor and starting the process, however they all start with picking up the phone.  It's most definitely an uncomfortable feeling, but once that first step is taken it is often met with a wave of relief. My recommendation is always to call and speak with a therapist over the phone before scheduling an appointment. Listening to how they converse, use their tone and inflection, may give you a brief insight to how they will respond to you and increase your comfort right away. You may also discover, rather quickly, that this therapist is not the right match for you.Regardless of how you go about it, I like to remind all people who call, email, text or walk-in, therapists are a bit like pizzas - if you don't like the toppings, send it back! There are hundreds of therapists offering all kinds of styles of therapy - take the time to pick one that suits you.",questionID_936,How does someone approach a counselor?,How does a person start the counseling process?,counseling-fundamentals,human,0.22949819999999999,0.5930146753907747
models_disagree,379,0,0.496201771402249,0,0.3817503256973602,0,0.7274371,1,51,4,"Eat slowly and deliberately, savoring every bite.",230,279,0,0,5,"It sounds like you're struggling with mindful eating, and I want to assure you that you're not alone in this. Here are a few strategies that might help:

1. Practice Mindful Eating: Pay attention to your hunger and fullness cues. Eat slowly and deliberately, savoring every bite. This can help you become more aware of when you're actually full.

2. Eat Regular, Balanced Meals: Skipping meals or eating irregularly can lead to overeating. Try to have regular, balanced meals filled with protein, fiber, and healthy fats to keep you satisfied.

3. Manage Your Environment: Limit the availability of sweets or tempting foods in your home. If they're not readily accessible, you're less likely to overindulge.

4. Seek Support: Sometimes, it helps to talk about these issues. A support group, a dietitian, or a mental health professional can provide additional strategies and coping mechanisms.

5. Practice Self-Compassion: It's okay to have off days. Don't be too hard on yourself if you slip up. Remember, it's about progress, not perfection.

If you find that these strategies aren't enough or if your eating habits are causing you distress, it might be beneficial to seek help from a mental health professional. They can provide you with more personalized strategies and could also explore if there's an underlying emotional issue that needs to be addressed.",questionID_714,How can I train myself to stop eating when I'm full?,"I have no self control over food. Most people stop when they've had enough, but I keep eating for the pleasure of it. Especially with sweets - I'm never done eating dessert.",eating-disorders,gpt4,0.22743709999999995,0.5351297323665364
models_disagree,2356,0,0.5046702552244107,1,0.2730192272443833,0,0.67567307,1,312,2,But please be aware that it is rare that any wedding is perfect.,190,254,0,0,5,"It's hard to let go of the dreams you had regarding your wedding and engagement. This was something that you and most women think about for years, so it's understandable to be disappointed. But please be aware that it is rare that any wedding is perfect. You may envy your friends' weddings but more than likely they had a few mishaps of their own and/or it wasn't as perfect as they had planned it either. However, like you know, the marriage is the most important thing. How many women are envious that you are in a happy, stable relationship? I assure you that there are plenty. Try to live in the present considering that dwelling on the past can still not change how you were proposed to or how your wedding day transpired. Focus on what you can control NOW. Perhaps, you can plan an extravagant renewal of your vows or change the look of your ring?I would also be upfront with your husband and explain why you've been short lately. But after that, close that chapter and move on. It sounds like you have a wonderful companion and you certainly don't want to lose this due to a situation that is impossible to change.",questionID_707,How can I let go of my dream wedding?,"I have been with my husband for almost 7 years. We got engaged a little after 5 years of being together. I had always been clear that I wanted to get married and I sadly would drop hints about how i wanted him to propose. When he did propose it was during a random vacation that I had planned. I was happy but I couldn't help feeling disappointed too. I had told him numerous times before that I wanted him to do it in front of my friends and family. I know it sounds dumb to be upset but I couldn't help how I was feeling. We are now married but the wedding and ring were also far from what I wanted and it wasn't due to lack of funds. I know this is all material and the marriage is the most important thing but I cant help but get jealous and envious every time I see someone get a proposal or wedding that I had wanted. I cant help my anger because I know we only get one proposal and one wedding. What I wanted will never happen. I have been working on my feelings for the past year and half to get over it. I try to focus on our marriage but every time I see someone have the best proposals and weddings I get upset. I know it is selfish and I know its petty but I just can't control it. It's ruining our relationship because I constantly think about it. Plus, I get mad at him for small things because I am trying to hide the fact that I am so disappointed. Why can't I move on?",marriage,human,0.22698077275561668,0.4844541841562647
models_disagree,584,1,0.5059113681523485,1,0.4473000985343575,0,0.7262679,1,80,5,A good therpist will be happy to have that conversation with you and allow you to make the final decisions about your own treatment.,616,748,1,1,5,"Typically, a therapist cannot force a client to receive any treatment they do not want.  In the end, it is the clients who get to decide what type of treatment they want.If a therapist believes that their client is in imminent danger of harm however, the therapist might have an obligation to take actions to protect their client.  In such a case, the therapist would need to discuss the options with the client, and come up with a plan to best protect the client.In a situiaon like this, it would probably be a good idea to talk to the therapist about the possilbe positvies and negatives of the treatmetn center.  A good therpist will be happy to have that conversation with you and allow you to make the final decisions about your own treatment.",questionID_708,Can a therapist have a client admitted to an eating disorder treatment center if the client does not want to go?,,eating-disorders,human,0.22626789999999997,0.5598264555622353
models_disagree,578,0,0.5015769486225718,1,0.4759717523453563,0,0.72597575,1,79,1,"A therapist can be part of this process, but they cannot unilaterally admit someone against their will.",227,330,0,0,5,"Involuntary admission to a treatment center for an eating disorder is complex and varies by location, but generally requires a legal process involving demonstrating imminent danger to self or others due to the eating disorder. A therapist can be part of this process, but they cannot unilaterally admit someone against their will.",questionID_708,Can a therapist have a client admitted to an eating disorder treatment center if the client does not want to go?,,eating-disorders,gemini,0.22597575000000003,0.5678414836559761
models_disagree,948,0,0.5012389513711933,1,0.3674731990874575,0,0.27423498,0,128,3,"Other challenges may arise from clients who are mandated to attend therapy, such as those involved in the legal system, as they may not be invested in the therapeutic process.",472,647,0,0,5,"As a counselor, I can attest that every client presents unique challenges, and some may be more difficult to work with than others. Some common difficulties that a counselor can encounter when dealing with a client include resistance to change, lack of motivation, or unrealistic expectations. Additionally, clients with severe mental health issues, such as borderline personality disorder or trauma, may require specialized training and expertise to manage effectively.

Other challenges may arise from clients who are mandated to attend therapy, such as those involved in the legal system, as they may not be invested in the therapeutic process. Cultural or language barriers can also create difficulties, as can differences in values or worldview between the client and counselor.

Furthermore, some clients may exhibit behaviors that are challenging to manage, such as aggression, manipulation, or emotional dysregulation. In these cases, the counselor must prioritize their own emotional safety and well-being while still providing a supportive and non-judgmental space for the client.

To navigate these challenges, it's essential for counselors to maintain a strong therapeutic alliance, establish clear boundaries, and engage in ongoing self-reflection and professional development. By doing so, counselors can build resilience, improve their skills, and provide effective support to even the most difficult clients. Ultimately, every client deserves compassion, empathy, and understanding, regardless of the challenges they may present.",questionID_939,Are some clients more difficult than others?,What are some difficulties that a counselor can encounter when dealing with a client?,counseling-fundamentals,llama3,0.22576501999999998,0.38098237681955033
models_disagree,1915,1,0.5030817396103197,1,0.5241988186262309,0,0.7253444,1,259,3,"However, the intensity of your feelings and the behaviors you're considering, such as throwing up to lose weight, are not normal or healthy.",302,442,2,2,5,"I'm so glad you reached out for support. What you're describing are common struggles that many teenage girls face, but that doesn't mean they're normal or healthy. It's understandable to feel insecure or compare yourself to others, especially during adolescence when you're figuring out your identity. However, the intensity of your feelings and the behaviors you're considering, such as throwing up to lose weight, are not normal or healthy.

It's essential to recognize that everyone has their unique strengths, weaknesses, and struggles, regardless of their appearance or intellect. The idea that everyone around you is smarter, skinnier, or more capable is likely an exaggerated perception. People often present a curated version of themselves, hiding their flaws and insecurities.

Your feelings of self-doubt, low self-esteem, and inadequacy are not uncommon, but they can be overwhelming and damaging if left unaddressed. It's crucial to talk to someone you trust, such as a parent, teacher, school counselor, or mental health professional, about how you're feeling. They can help you develop coping strategies, work through your emotions, and provide support and guidance.

Remember, you are not alone, and your feelings are valid. It takes courage to acknowledge and share your struggles, and I'm proud of you for taking this first step. Please consider reaching out to a trusted adult or a helpline, such as the National Eating Disorders Association (NEDA) Helpline (1-800-931-2237) or the Crisis Text Line (text ""HOME"" to 741741), for immediate support. You deserve to feel seen, heard, and supported.",questionID_346,"I feel like I'm this dumb fat girl that no one likes, and everything is my fault. Are these normal teenage girl feelings?","Everyone around me is much smarter and flaunts it. Everyone around me is skinny, and here I am trying to throw up so I'm not fat. Everything I do is wrong, and I can't seem to do anything right! No one else at school seems to feel the way I do! Is this normal teenage girls feelings? I don't think these feelings are normal.",self-esteem,llama3,0.2253444,0.5842083194121835
models_disagree,502,1,0.5011912511815004,1,0.3451018476573096,0,0.7252212,1,68,0,"Hello, There are many ways to approach a counselor and starting the process, however they all start with picking up the phone.",0,126,2,2,5,"Hello, There are many ways to approach a counselor and starting the process, however they all start with picking up the phone.  It's most definitely an uncomfortable feeling, but once that first step is taken it is often met with a wave of relief. My recommendation is always to call and speak with a therapist over the phone before scheduling an appointment. Listening to how they converse, use their tone and inflection, may give you a brief insight to how they will respond to you and increase your comfort right away. You may also discover, rather quickly, that this therapist is not the right match for you.Regardless of how you go about it, I like to remind all people who call, email, text or walk-in, therapists are a bit like pizzas - if you don't like the toppings, send it back! There are hundreds of therapists offering all kinds of styles of therapy - take the time to pick one that suits you.",questionID_936,How does someone approach a counselor?,How does a person start the counseling process?,counseling-fundamentals,human,0.2252212,0.5238380996129367
models_disagree,411,1,0.4990458514542447,0,0.7250028943212082,1,0.6189719,0,54,3,I hope this helps.,394,412,2,2,5,"I would recommend removing yourself from the environment you are in after you have finished eating. A simple walk around the block, calling up a friend and going to visit, or even going to another room in the house can help. If you find that you truly have no self control over food, I recommend attending Overeaters Anonymous; a 12 step group for those with compulsive issues related to food. I hope this helps.",questionID_714,How can I train myself to stop eating when I'm full?,"I have no self control over food. Most people stop when they've had enough, but I keep eating for the pleasure of it. Especially with sweets - I'm never done eating dessert.",eating-disorders,human,0.22500289432120824,0.6143402152584844
models_disagree,1442,0,0.505291384703569,1,0.4678908727094178,0,0.72430676,1,197,5,"Approach the conversation with empathy, but also set clear boundaries and expectations for how you want to be treated in the relationship.",649,787,0,0,5,"It sounds like you're feeling frustrated, hurt, and possibly even defensive in your relationship. The constant accusations and lack of acknowledgment of her own mistakes can be draining. To address this, consider having an open and honest conversation with your wife about how her behavior is affecting you. Use ""I"" statements to express your feelings, such as ""I feel disrespected when you accuse me of cheating without any evidence"" or ""I feel like I'm walking on eggshells around you, never knowing what will trigger an argument."" 

It's also essential to understand that her behavior might be a sign of her own insecurities or past experiences. Approach the conversation with empathy, but also set clear boundaries and expectations for how you want to be treated in the relationship. Regarding the ""sweetheart"" example, you could explain that it's a harmless term you use in a professional setting, and reassure her that it doesn't imply any romantic or intimate intentions.

However, it's crucial to recognize that you can't force someone to understand or admit their mistakes. If your wife is unwilling to listen, reflect on her actions, or work on rebuilding trust, it may be a sign of deeper issues in the relationship. In such cases, couples therapy can be beneficial in addressing these concerns and improving communication. Remember that your emotional well-being is important, and it's okay to prioritize your own needs and seek support if the relationship becomes toxic or unsustainable.",questionID_391,Why do I feel like I'm always wrong in everything in my relationship?,"My wife is always accusing me of cheating and telling me that I'm doing things she finds disrespectful even when I don't mean it like that. For example, she gets offended when I call someone at work ""sweetheart."" I wish I had a penny for every time she accused me of cheating on her. She doesn't, and never will say she was wrong. How do I get her to understand?",workplace-relationships,llama3,0.22430676000000005,0.5658296724709957
models_disagree,2151,0,0.4979052161652776,0,0.6118663933866123,1,0.27804658,0,287,0,"Generally, the ethical codes only prohibit relationships with clients.",0,70,0,0,5,"Generally, the ethical codes only prohibit relationships with clients. There are however a few types of counselor-to-counselor relationships that are prohibited by the ethics codes. Such prohibited relationships include those between supervisors and supervisees; between professors and students; or any time the relationship might negatively impact your (or their) clients. Lastly, some workplaces have rules against dating coworkers. It would be a good idea to check if there is such a rule that applies to you.",questionID_401,Is it unethical to have a relationship with a fellow counselor?,Does this go against any ethical codes? Are there legal ramifications?,workplace-relationships,human,0.22195342,0.4626060631839633
models_disagree,503,1,0.5027822545373895,1,0.3226553205411054,0,0.72165185,1,68,1,"It's most definitely an uncomfortable feeling, but once that first step is taken it is often met with a wave of relief.",128,247,3,3,5,"Hello, There are many ways to approach a counselor and starting the process, however they all start with picking up the phone.  It's most definitely an uncomfortable feeling, but once that first step is taken it is often met with a wave of relief. My recommendation is always to call and speak with a therapist over the phone before scheduling an appointment. Listening to how they converse, use their tone and inflection, may give you a brief insight to how they will respond to you and increase your comfort right away. You may also discover, rather quickly, that this therapist is not the right match for you.Regardless of how you go about it, I like to remind all people who call, email, text or walk-in, therapists are a bit like pizzas - if you don't like the toppings, send it back! There are hundreds of therapists offering all kinds of styles of therapy - take the time to pick one that suits you.",questionID_936,How does someone approach a counselor?,How does a person start the counseling process?,counseling-fundamentals,human,0.22165184999999998,0.5156964750261649
models_disagree,277,1,0.5025374250854331,1,0.6840035506256152,1,0.28009352,0,38,0,"Have you reached your own conclusions and reasons for these, regarding the topic?",0,81,1,1,5,"Have you reached your own conclusions and reasons for these, regarding the topic?   When you feel confident in your own reasons for your conclusions, then obviously ask your daughter in law for some time together and tell her what you think and your reasons for opinions.Plan for this meeting according to the type of relationship you have with your daughter in law.Since your son will also be affected by the prenatal conditions of his child, he may also be interested in being part of this conversation.Also, during your discussion, find out the exact ways the morning sickness affects your daughter in law.It is possible that scheduling adjustments in routines can be made so your daughter has more time to rest or fewer responsibilities for a while until she feels better.Maybe you and other family members can lighten her daily routines so she has more time for herself to manage her morning sickness in a less risky way.Sending Good luck!",questionID_624,My daughter-in-law is smoking marijuana while pregnant,"My new daughter-in-law just informed me that she is smoking marijuana while pregnant because of her morning sickness. I’m in shock and I don’t know how to respond. I just lost my mom, and she was good with advice.",substance-abuse,human,0.21990648000000002,0.48887816523701605
models_disagree,1819,0,0.5022979156759894,1,0.5039245648843284,0,0.2814485,0,244,4,"Remember, therapy is about helping you, and there's no right or wrong way to feel.",335,417,0,0,5,"It's absolutely normal to cry during therapy, and there's absolutely nothing to be embarrassed about. Therapy is a safe space for you to express your emotions and feelings openly. Crying can often be a part of the healing process, allowing us to release pent-up emotions. A good therapist will understand and support you through this. Remember, therapy is about helping you, and there's no right or wrong way to feel. It's natural to feel anxious about starting therapy, but try to see it as a positive step towards better understanding and managing your emotions.",questionID_144,Is it normal to cry during therapy?,"I start counseling/therapy in a few days (I'm freaking out) but my main fear is that I'll cry and embarrass myself, is it something to worry about?",anxiety,gpt4,0.2185515,0.42922366018677255
models_disagree,66,0,0.5001398263680067,1,0.2845142389585134,0,0.33048537,0,9,2,"The lack of information from the hospital can be frustrating, but it's likely due to patient confidentiality laws and protocols.",191,319,0,0,5,"I'm so sorry to hear that you're going through this uncertain and stressful situation. It's completely understandable that you're feeling anxious and concerned about your boyfriend's health. The lack of information from the hospital can be frustrating, but it's likely due to patient confidentiality laws and protocols. 

In the meantime, take care of yourself during this challenging time. Reach out to friends, family, or a support group for emotional support. You can also try contacting the hospital's social work department or patient advocate to see if they can provide any guidance or support. 

Remember that you have the right to be informed about your boyfriend's condition if he has designated you as his emergency contact or healthcare proxy. If you haven't already, you may want to ask him if he has completed any advance directives or if he would like you to be his representative. 

Try to stay calm, focus on what you can control, and prioritize your own well-being. Keep in mind that the hospital staff is working to provide the best care for your boyfriend, and it's possible that they will be able to share more information with you soon. Sending you positive thoughts and hoping for your boyfriend's speedy recovery.",questionID_886,My boyfriend is in the hospital. They won’t tell me what’s wrong and if or when he’s coming back,,legal-regulatory,llama3,0.2154857610414866,0.37171314510884007
models_disagree,2347,0,0.501195922841696,1,0.2854100356945896,0,0.5377567,0,310,4,"It may also be helpful to reflect on what specifically you felt was missing from your wedding and proposal, and see if there are ways to recreate or celebrate those aspects in other ways, such as a vow renewal or a special anniversary celebration.",656,903,0,0,5,"It's completely understandable that you're struggling to let go of your dream wedding, especially when it feels like a once-in-a-lifetime experience that didn't meet your expectations. It's not about being selfish or petty, but rather about acknowledging and processing your unmet emotional needs. It's possible that your feelings of disappointment and jealousy are rooted in a sense of grief for the wedding and proposal you had envisioned, which is a valid emotion. 

To move forward, consider having an open and honest conversation with your husband about your feelings, using ""I"" statements to express your emotions and avoid blaming or resenting him. It may also be helpful to reflect on what specifically you felt was missing from your wedding and proposal, and see if there are ways to recreate or celebrate those aspects in other ways, such as a vow renewal or a special anniversary celebration. 

Additionally, practicing self-compassion and acknowledging that it's okay to have these feelings can help you work through them. Remind yourself that your marriage is not defined by one event, but by the daily choices and commitments you and your husband make to each other. Focus on nurturing your relationship and building positive experiences together, rather than comparing your wedding to others. Lastly, consider seeking the help of a couples therapist who can provide a safe and supportive environment to explore these feelings and work through them together.",questionID_707,How can I let go of my dream wedding?,"I have been with my husband for almost 7 years. We got engaged a little after 5 years of being together. I had always been clear that I wanted to get married and I sadly would drop hints about how i wanted him to propose. When he did propose it was during a random vacation that I had planned. I was happy but I couldn't help feeling disappointed too. I had told him numerous times before that I wanted him to do it in front of my friends and family. I know it sounds dumb to be upset but I couldn't help how I was feeling. We are now married but the wedding and ring were also far from what I wanted and it wasn't due to lack of funds. I know this is all material and the marriage is the most important thing but I cant help but get jealous and envious every time I see someone get a proposal or wedding that I had wanted. I cant help my anger because I know we only get one proposal and one wedding. What I wanted will never happen. I have been working on my feelings for the past year and half to get over it. I try to focus on our marriage but every time I see someone have the best proposals and weddings I get upset. I know it is selfish and I know its petty but I just can't control it. It's ruining our relationship because I constantly think about it. Plus, I get mad at him for small things because I am trying to hide the fact that I am so disappointed. Why can't I move on?",marriage,llama3,0.21458996430541039,0.44145421951209524
models_disagree,1440,0,0.5029406515448926,1,0.7104295630470032,1,0.56326765,0,197,3,"Use ""I"" statements to express your feelings, such as ""I feel disrespected when you accuse me of cheating without any evidence"" or ""I feel like I'm walking on eggshells around you, never knowing what will trigger an argument.""",308,533,0,0,5,"It sounds like you're feeling frustrated, hurt, and possibly even defensive in your relationship. The constant accusations and lack of acknowledgment of her own mistakes can be draining. To address this, consider having an open and honest conversation with your wife about how her behavior is affecting you. Use ""I"" statements to express your feelings, such as ""I feel disrespected when you accuse me of cheating without any evidence"" or ""I feel like I'm walking on eggshells around you, never knowing what will trigger an argument."" 

It's also essential to understand that her behavior might be a sign of her own insecurities or past experiences. Approach the conversation with empathy, but also set clear boundaries and expectations for how you want to be treated in the relationship. Regarding the ""sweetheart"" example, you could explain that it's a harmless term you use in a professional setting, and reassure her that it doesn't imply any romantic or intimate intentions.

However, it's crucial to recognize that you can't force someone to understand or admit their mistakes. If your wife is unwilling to listen, reflect on her actions, or work on rebuilding trust, it may be a sign of deeper issues in the relationship. In such cases, couples therapy can be beneficial in addressing these concerns and improving communication. Remember that your emotional well-being is important, and it's okay to prioritize your own needs and seek support if the relationship becomes toxic or unsustainable.",questionID_391,Why do I feel like I'm always wrong in everything in my relationship?,"My wife is always accusing me of cheating and telling me that I'm doing things she finds disrespectful even when I don't mean it like that. For example, she gets offended when I call someone at work ""sweetheart."" I wish I had a penny for every time she accused me of cheating on her. She doesn't, and never will say she was wrong. How do I get her to understand?",workplace-relationships,llama3,0.21042956304700322,0.5922126215306319
all_models_wrong,1917,0,0.5082204175913935,1,0.8964180961476997,1,0.8529941,1,259,5,"The idea that everyone around you is smarter, skinnier, or more capable is likely an exaggerated perception.",586,694,0,0,5,"I'm so glad you reached out for support. What you're describing are common struggles that many teenage girls face, but that doesn't mean they're normal or healthy. It's understandable to feel insecure or compare yourself to others, especially during adolescence when you're figuring out your identity. However, the intensity of your feelings and the behaviors you're considering, such as throwing up to lose weight, are not normal or healthy.

It's essential to recognize that everyone has their unique strengths, weaknesses, and struggles, regardless of their appearance or intellect. The idea that everyone around you is smarter, skinnier, or more capable is likely an exaggerated perception. People often present a curated version of themselves, hiding their flaws and insecurities.

Your feelings of self-doubt, low self-esteem, and inadequacy are not uncommon, but they can be overwhelming and damaging if left unaddressed. It's crucial to talk to someone you trust, such as a parent, teacher, school counselor, or mental health professional, about how you're feeling. They can help you develop coping strategies, work through your emotions, and provide support and guidance.

Remember, you are not alone, and your feelings are valid. It takes courage to acknowledge and share your struggles, and I'm proud of you for taking this first step. Please consider reaching out to a trusted adult or a helpline, such as the National Eating Disorders Association (NEDA) Helpline (1-800-931-2237) or the Crisis Text Line (text ""HOME"" to 741741), for immediate support. You deserve to feel seen, heard, and supported.",questionID_346,"I feel like I'm this dumb fat girl that no one likes, and everything is my fault. Are these normal teenage girl feelings?","Everyone around me is much smarter and flaunts it. Everyone around me is skinny, and here I am trying to throw up so I'm not fat. Everything I do is wrong, and I can't seem to do anything right! No one else at school seems to feel the way I do! Is this normal teenage girls feelings? I don't think these feelings are normal.",self-esteem,llama3,0.39641809614769974,0.7525442045796978
all_models_wrong,1129,0,0.5132222982187417,1,0.6044707809265459,1,0.8608251,1,154,2,"In simple terms it is as if two infants somehow acquire the ability to say words but they are motivated by very basic early wounds that were created due to deficits in what was able to be done for each of you, and likely understandable in terms of caregiver's life experience, and that still fell short of what you needed.",195,517,0,0,5,"Under duress the very youngest parts of you and your boyfriend emerge. So, while you still look like grown ups, your actions and words are motivated by very early preverbal parts of both of you. In simple terms it is as if two infants somehow acquire the ability to say words but they are motivated by very basic early wounds that were created due to deficits in what was able to be done for each of you, and likely understandable in terms of caregiver's life experience, and that still fell short of what you needed. You are both still trying to get very early needs met. The best advice I can offer is to try and remember this as early as possible when things start to heat up, and then restrain expression that you already know leads nowhere helpful. And seek out a therapist who can help you to work with these early issues and can support you to grow and develop from this stuck point.",questionID_754,Why do my boyfriend and I have such trouble communicating?,"We’ve been together almost three years. We argue and he ends it by telling me he doesn’t love me. It's hurtful because I am all about resolving the problem, and he dwells on the issue even if I drop what he's done and just swallow my pride and say I am sorry. How can this be resolved? We have kids, and I don't want a broken family because we can't communicate.",relationships,human,0.3608251,0.6595060597150959
all_models_wrong,1131,0,0.5056327923296433,1,0.6917834188679628,1,0.856284,1,154,4,"The best advice I can offer is to try and remember this as early as possible when things start to heat up, and then restrain expression that you already know leads nowhere helpful.",573,753,0,0,5,"Under duress the very youngest parts of you and your boyfriend emerge. So, while you still look like grown ups, your actions and words are motivated by very early preverbal parts of both of you. In simple terms it is as if two infants somehow acquire the ability to say words but they are motivated by very basic early wounds that were created due to deficits in what was able to be done for each of you, and likely understandable in terms of caregiver's life experience, and that still fell short of what you needed. You are both still trying to get very early needs met. The best advice I can offer is to try and remember this as early as possible when things start to heat up, and then restrain expression that you already know leads nowhere helpful. And seek out a therapist who can help you to work with these early issues and can support you to grow and develop from this stuck point.",questionID_754,Why do my boyfriend and I have such trouble communicating?,"We’ve been together almost three years. We argue and he ends it by telling me he doesn’t love me. It's hurtful because I am all about resolving the problem, and he dwells on the issue even if I drop what he's done and just swallow my pride and say I am sorry. How can this be resolved? We have kids, and I don't want a broken family because we can't communicate.",relationships,human,0.35628400000000005,0.6845667370658687
all_models_wrong,1480,0,0.5081106620293913,1,0.5884933846548892,1,0.85265064,1,203,3,If you need to maybe do a group first then individual then couple.,221,287,0,0,5,Oh that is too bad not sure is it because of the one you are in therapy with or the counselor ?  What feelings are coming up and thoughts in your mind first to start.  Try and put them down and look at what is on paper.  If you need to maybe do a group first then individual then couple.,questionID_146,Is it normal to go into therapy feeling nervous?,I've gone to a couple therapy sessions so far and still everytime I walk in I get nervous and shaky. Is this normal? Should I still be feeling like this?,anxiety,human,0.35265064,0.6497515622280935
all_models_wrong,399,0,0.5009128982668196,1,0.6063493349760043,1,0.84702945,1,52,4,"Aim to stop eating when you reach a 7 or 8, when you feel content but not overly full.",483,569,0,0,5,"Developing self-control around food, especially sweets, can be challenging, but it's achievable with practice, patience, and the right strategies. To start, try to tune into your body's hunger and fullness cues by eating slowly and mindfully. Savor each bite, pay attention to the flavors, textures, and aromas, and stop eating when you feel satisfied, rather than stuffed. It can also be helpful to use a hunger-fullness scale, where 1 is extremely hungry and 10 is extremely full. Aim to stop eating when you reach a 7 or 8, when you feel content but not overly full.

Another strategy is to identify your emotional triggers for overeating, such as stress, boredom, or emotional events. Once you're aware of your triggers, you can develop alternative coping mechanisms, like going for a walk, practicing deep breathing, or engaging in a hobby. It's also essential to set realistic expectations and allow yourself to enjoy your favorite sweets in moderation, rather than depriving yourself and then overindulging.

Additionally, consider implementing some practical tips, such as using smaller plates, eating regular meals to avoid extreme hunger, and removing distractions while eating, like turning off the TV or putting away your phone. Remember that it takes time and effort to develop new habits, so be gentle with yourself and don't expect to change overnight. With consistent practice and self-compassion, you can develop a healthier relationship with food and learn to stop eating when you're full, rather than relying on willpower or self-control.",questionID_714,How can I train myself to stop eating when I'm full?,"I have no self control over food. Most people stop when they've had enough, but I keep eating for the pleasure of it. Especially with sweets - I'm never done eating dessert.",eating-disorders,llama3,0.34702944999999996,0.6514305610809413
all_models_wrong,1127,0,0.508189401147506,1,0.6765117116785009,1,0.8332233,1,154,0,Under duress the very youngest parts of you and your boyfriend emerge.,0,70,0,0,5,"Under duress the very youngest parts of you and your boyfriend emerge. So, while you still look like grown ups, your actions and words are motivated by very early preverbal parts of both of you. In simple terms it is as if two infants somehow acquire the ability to say words but they are motivated by very basic early wounds that were created due to deficits in what was able to be done for each of you, and likely understandable in terms of caregiver's life experience, and that still fell short of what you needed. You are both still trying to get very early needs met. The best advice I can offer is to try and remember this as early as possible when things start to heat up, and then restrain expression that you already know leads nowhere helpful. And seek out a therapist who can help you to work with these early issues and can support you to grow and develop from this stuck point.",questionID_754,Why do my boyfriend and I have such trouble communicating?,"We’ve been together almost three years. We argue and he ends it by telling me he doesn’t love me. It's hurtful because I am all about resolving the problem, and he dwells on the issue even if I drop what he's done and just swallow my pride and say I am sorry. How can this be resolved? We have kids, and I don't want a broken family because we can't communicate.",relationships,human,0.3332233,0.6726414709420023
all_models_wrong,2569,0,0.5089555665821537,1,0.6735825531424745,1,0.8173908,1,335,1,Trust your instinct that there is more complexity to feeling good about being in a partnership than simply wanting this to happen.,75,205,0,0,5,"I'm sorry for the stress and unhappiness stemming the problem you describe.Trust your instinct that there is more complexity to feeling good about being in a partnership than simply wanting this to happen.In any relationship, the complexities of each person combine.   Often people accept when this feels good and are lost as to what to do when natural human complexity, doesn't match up with our partner in the way we'd like.A couples' therapist would be able to help each of you talk about the factors motivating the cheating, as well as clarify the reasons you each have for continuing to stay together. The unique advantage of couple's therapy is that each person is able to hear their partner talk out loud about themselves and their partner.This is sometimes enormously helpful since our inner thoughts are often hidden yet very dominant in how we direct ourselves in relationships.Sometimes the initial consult session offers enough new understanding that a second session wouldn't be necessary for a while.Good luck in finding your relationship happiness!",questionID_732,My fiancé cheated. How can we mend our relationship?,"I'm in a relationship with my fiancé and I currently found out that she's been cheating on me with a co-worker. I was very upset none the less. I understand what she did was wrong, but I want to spend the rest of my life with her. So I'm willing to forgive and move on. We have been together for a little over 9 years, and we have a son. At the beginning of our relationship, I was unfaithful and she caught me cheating. She forgave me for what I've done to her and since then I been completely faithful. I'm worried about our relationship and want to move forward but its been very unsettling. All I can think about is her with another man. I don't know what to do or where to go for advice?",relationships,human,0.3173908,0.6666429732415428
all_models_wrong,1128,0,0.5018641547395083,1,0.7897265873939896,1,0.8106016,1,154,1,"So, while you still look like grown ups, your actions and words are motivated by very early preverbal parts of both of you.",71,194,0,0,5,"Under duress the very youngest parts of you and your boyfriend emerge. So, while you still look like grown ups, your actions and words are motivated by very early preverbal parts of both of you. In simple terms it is as if two infants somehow acquire the ability to say words but they are motivated by very basic early wounds that were created due to deficits in what was able to be done for each of you, and likely understandable in terms of caregiver's life experience, and that still fell short of what you needed. You are both still trying to get very early needs met. The best advice I can offer is to try and remember this as early as possible when things start to heat up, and then restrain expression that you already know leads nowhere helpful. And seek out a therapist who can help you to work with these early issues and can support you to grow and develop from this stuck point.",questionID_754,Why do my boyfriend and I have such trouble communicating?,"We’ve been together almost three years. We argue and he ends it by telling me he doesn’t love me. It's hurtful because I am all about resolving the problem, and he dwells on the issue even if I drop what he's done and just swallow my pride and say I am sorry. How can this be resolved? We have kids, and I don't want a broken family because we can't communicate.",relationships,human,0.31060160000000003,0.700730780711166
all_models_wrong,1937,0,0.5018879316543763,1,0.7064464691071878,1,0.8046302,1,261,6,"It sounds, though, as if these feelings of insecurity and inadequacy have begun to consume your every day thoughts and behaviors bringing you to where you are today - comparing yourself to others, purging, and feeling extreme guilt.",540,772,0,0,5,"There are some struggles that are less ""obvious"" than others, an eating disorder being one of them. From just your personal experience alone you might realize how easy it may seem to keep such a secret from those around you. In the same way, there are many people who struggle secretly with this problem and not many people know or even notice. So you are definitely not alone. Low self-esteem or lack of confidence in some areas are issues that EVERY teen, in fact EVERY person, has experienced at some point. These feelings are ""normal."" It sounds, though, as if these feelings of insecurity and inadequacy have begun to consume your every day thoughts and behaviors bringing you to where you are today - comparing yourself to others, purging, and feeling extreme guilt. Sometimes it's best if we seek outside help, instead of trying to tackle problems on our own. Breaking habits that come along with an eating disorder really requires the help of a doctor, nutritionist, and a therapist who can help change your perspective from the inside out! Hope this helps!",questionID_346,"I feel like I'm this dumb fat girl that no one likes, and everything is my fault. Are these normal teenage girl feelings?","Everyone around me is much smarter and flaunts it. Everyone around me is skinny, and here I am trying to throw up so I'm not fat. Everything I do is wrong, and I can't seem to do anything right! No one else at school seems to feel the way I do! Is this normal teenage girls feelings? I don't think these feelings are normal.",self-esteem,human,0.30463019999999996,0.6709882002538547
all_models_wrong,2364,0,0.5012858807379116,1,0.6306498232055873,1,0.7979393,1,312,10,"But after that, close that chapter and move on.",938,985,0,0,5,"It's hard to let go of the dreams you had regarding your wedding and engagement. This was something that you and most women think about for years, so it's understandable to be disappointed. But please be aware that it is rare that any wedding is perfect. You may envy your friends' weddings but more than likely they had a few mishaps of their own and/or it wasn't as perfect as they had planned it either. However, like you know, the marriage is the most important thing. How many women are envious that you are in a happy, stable relationship? I assure you that there are plenty. Try to live in the present considering that dwelling on the past can still not change how you were proposed to or how your wedding day transpired. Focus on what you can control NOW. Perhaps, you can plan an extravagant renewal of your vows or change the look of your ring?I would also be upfront with your husband and explain why you've been short lately. But after that, close that chapter and move on. It sounds like you have a wonderful companion and you certainly don't want to lose this due to a situation that is impossible to change.",questionID_707,How can I let go of my dream wedding?,"I have been with my husband for almost 7 years. We got engaged a little after 5 years of being together. I had always been clear that I wanted to get married and I sadly would drop hints about how i wanted him to propose. When he did propose it was during a random vacation that I had planned. I was happy but I couldn't help feeling disappointed too. I had told him numerous times before that I wanted him to do it in front of my friends and family. I know it sounds dumb to be upset but I couldn't help how I was feeling. We are now married but the wedding and ring were also far from what I wanted and it wasn't due to lack of funds. I know this is all material and the marriage is the most important thing but I cant help but get jealous and envious every time I see someone get a proposal or wedding that I had wanted. I cant help my anger because I know we only get one proposal and one wedding. What I wanted will never happen. I have been working on my feelings for the past year and half to get over it. I try to focus on our marriage but every time I see someone have the best proposals and weddings I get upset. I know it is selfish and I know its petty but I just can't control it. It's ruining our relationship because I constantly think about it. Plus, I get mad at him for small things because I am trying to hide the fact that I am so disappointed. Why can't I move on?",marriage,human,0.2979393,0.6432916679811663
all_models_wrong,2564,1,0.4841030653404176,0,0.2122122275538251,0,0.20495081,0,333,12,"It's okay to seek help, and don't be afraid to reach out to a therapist or counselor who can provide guidance and support throughout this challenging time.",1280,1435,1,1,5,"I'm so sorry to hear about the pain and betrayal you're experiencing. Given your history and desire to move forward, it's essential to approach this situation with care and honesty. First, acknowledge that forgiveness is a process, and it may take time for both of you to heal. Consider couples therapy to work through your feelings and rebuild trust. It's crucial to have open and honest conversations about what happened, why it happened, and how you both can work together to prevent it in the future.

Reflect on your past infidelity and how your fiancé forgave you. Recognize that her cheating may be a symptom of deeper issues in your relationship, and it's essential to address these underlying problems. Make sure you're both on the same page regarding your commitment to the relationship and your son.

To overcome the unsettling thoughts, try to focus on the present moment and the future you want to build together. Practice self-care, engage in activities that bring you joy, and prioritize quality time with your fiancé and son. Rebuilding trust will require effort, patience, and understanding from both parties.

Remember that healing is not about forgetting or condoning the infidelity but about working together to create a stronger, more resilient relationship. It's okay to seek help, and don't be afraid to reach out to a therapist or counselor who can provide guidance and support throughout this challenging time.",questionID_732,My fiancé cheated. How can we mend our relationship?,"I'm in a relationship with my fiancé and I currently found out that she's been cheating on me with a co-worker. I was very upset none the less. I understand what she did was wrong, but I want to spend the rest of my life with her. So I'm willing to forgive and move on. We have been together for a little over 9 years, and we have a son. At the beginning of our relationship, I was unfaithful and she caught me cheating. She forgave me for what I've done to her and since then I been completely faithful. I'm worried about our relationship and want to move forward but its been very unsettling. All I can think about is her with another man. I don't know what to do or where to go for advice?",relationships,llama3,0.29504918999999996,0.3004220342980809
all_models_wrong,2552,1,0.4902521690115636,0,0.3638660098714519,0,0.20614257,0,333,0,I'm so sorry to hear about the pain and betrayal you're experiencing.,0,69,1,1,5,"I'm so sorry to hear about the pain and betrayal you're experiencing. Given your history and desire to move forward, it's essential to approach this situation with care and honesty. First, acknowledge that forgiveness is a process, and it may take time for both of you to heal. Consider couples therapy to work through your feelings and rebuild trust. It's crucial to have open and honest conversations about what happened, why it happened, and how you both can work together to prevent it in the future.

Reflect on your past infidelity and how your fiancé forgave you. Recognize that her cheating may be a symptom of deeper issues in your relationship, and it's essential to address these underlying problems. Make sure you're both on the same page regarding your commitment to the relationship and your son.

To overcome the unsettling thoughts, try to focus on the present moment and the future you want to build together. Practice self-care, engage in activities that bring you joy, and prioritize quality time with your fiancé and son. Rebuilding trust will require effort, patience, and understanding from both parties.

Remember that healing is not about forgetting or condoning the infidelity but about working together to create a stronger, more resilient relationship. It's okay to seek help, and don't be afraid to reach out to a therapist or counselor who can provide guidance and support throughout this challenging time.",questionID_732,My fiancé cheated. How can we mend our relationship?,"I'm in a relationship with my fiancé and I currently found out that she's been cheating on me with a co-worker. I was very upset none the less. I understand what she did was wrong, but I want to spend the rest of my life with her. So I'm willing to forgive and move on. We have been together for a little over 9 years, and we have a son. At the beginning of our relationship, I was unfaithful and she caught me cheating. She forgave me for what I've done to her and since then I been completely faithful. I'm worried about our relationship and want to move forward but its been very unsettling. All I can think about is her with another man. I don't know what to do or where to go for advice?",relationships,llama3,0.29385743,0.35342024962767177
all_models_wrong,60,0,0.5035814469654978,1,0.5791949710121242,1,0.7887569,1,8,3,"What you can do right now is to take care of yourself, try to stay connected with your boyfriend through messages or phone calls if possible, and seek support from your friends and family.",240,428,0,0,5,"I'm really sorry to hear about your boyfriend. It sounds like you're going through a particularly stressful and uncertain time. It's important for you to understand that you can't control everything, especially health situations of others. What you can do right now is to take care of yourself, try to stay connected with your boyfriend through messages or phone calls if possible, and seek support from your friends and family. It might also help to engage in activities that can help you cope with stress, like reading, listening to music, doing some physical exercise, or meditation. Remember, it's okay to feel scared and worried, but try not to let your worry consume you. You're stronger than you think.",questionID_886,My boyfriend is in the hospital. They won’t tell me what’s wrong and if or when he’s coming back,,legal-regulatory,gpt4,0.2887569,0.623844439325874
all_models_wrong,1445,0,0.5090687427165208,1,0.7429694046652032,1,0.7858154,1,197,8,"If your wife is unwilling to listen, reflect on her actions, or work on rebuilding trust, it may be a sign of deeper issues in the relationship.",1083,1227,0,0,5,"It sounds like you're feeling frustrated, hurt, and possibly even defensive in your relationship. The constant accusations and lack of acknowledgment of her own mistakes can be draining. To address this, consider having an open and honest conversation with your wife about how her behavior is affecting you. Use ""I"" statements to express your feelings, such as ""I feel disrespected when you accuse me of cheating without any evidence"" or ""I feel like I'm walking on eggshells around you, never knowing what will trigger an argument."" 

It's also essential to understand that her behavior might be a sign of her own insecurities or past experiences. Approach the conversation with empathy, but also set clear boundaries and expectations for how you want to be treated in the relationship. Regarding the ""sweetheart"" example, you could explain that it's a harmless term you use in a professional setting, and reassure her that it doesn't imply any romantic or intimate intentions.

However, it's crucial to recognize that you can't force someone to understand or admit their mistakes. If your wife is unwilling to listen, reflect on her actions, or work on rebuilding trust, it may be a sign of deeper issues in the relationship. In such cases, couples therapy can be beneficial in addressing these concerns and improving communication. Remember that your emotional well-being is important, and it's okay to prioritize your own needs and seek support if the relationship becomes toxic or unsustainable.",questionID_391,Why do I feel like I'm always wrong in everything in my relationship?,"My wife is always accusing me of cheating and telling me that I'm doing things she finds disrespectful even when I don't mean it like that. For example, she gets offended when I call someone at work ""sweetheart."" I wish I had a penny for every time she accused me of cheating on her. She doesn't, and never will say she was wrong. How do I get her to understand?",workplace-relationships,llama3,0.28581540000000005,0.679284515793908
all_models_wrong,2571,0,0.5106917971859339,1,0.7516712387171587,1,0.77999836,1,335,3,"Often people accept when this feels good and are lost as to what to do when natural human complexity, doesn't match up with our partner in the way we'd like.",269,426,0,0,5,"I'm sorry for the stress and unhappiness stemming the problem you describe.Trust your instinct that there is more complexity to feeling good about being in a partnership than simply wanting this to happen.In any relationship, the complexities of each person combine.   Often people accept when this feels good and are lost as to what to do when natural human complexity, doesn't match up with our partner in the way we'd like.A couples' therapist would be able to help each of you talk about the factors motivating the cheating, as well as clarify the reasons you each have for continuing to stay together. The unique advantage of couple's therapy is that each person is able to hear their partner talk out loud about themselves and their partner.This is sometimes enormously helpful since our inner thoughts are often hidden yet very dominant in how we direct ourselves in relationships.Sometimes the initial consult session offers enough new understanding that a second session wouldn't be necessary for a while.Good luck in finding your relationship happiness!",questionID_732,My fiancé cheated. How can we mend our relationship?,"I'm in a relationship with my fiancé and I currently found out that she's been cheating on me with a co-worker. I was very upset none the less. I understand what she did was wrong, but I want to spend the rest of my life with her. So I'm willing to forgive and move on. We have been together for a little over 9 years, and we have a son. At the beginning of our relationship, I was unfaithful and she caught me cheating. She forgave me for what I've done to her and since then I been completely faithful. I'm worried about our relationship and want to move forward but its been very unsettling. All I can think about is her with another man. I don't know what to do or where to go for advice?",relationships,human,0.27999836,0.6807871319676976
all_models_wrong,2353,1,0.4928446877312326,0,0.3418299540205564,0,0.23140705,0,311,1,Consider exploring these feelings further with a therapist to develop coping strategies and strengthen your communication skills.,271,400,1,1,5,"While it's understandable to feel disappointed when a long-held dream doesn't match reality, focusing on acceptance and open communication with your husband about your lingering feelings, rather than suppressing them, is key to moving forward and enjoying your marriage. Consider exploring these feelings further with a therapist to develop coping strategies and strengthen your communication skills.",questionID_707,How can I let go of my dream wedding?,"I have been with my husband for almost 7 years. We got engaged a little after 5 years of being together. I had always been clear that I wanted to get married and I sadly would drop hints about how i wanted him to propose. When he did propose it was during a random vacation that I had planned. I was happy but I couldn't help feeling disappointed too. I had told him numerous times before that I wanted him to do it in front of my friends and family. I know it sounds dumb to be upset but I couldn't help how I was feeling. We are now married but the wedding and ring were also far from what I wanted and it wasn't due to lack of funds. I know this is all material and the marriage is the most important thing but I cant help but get jealous and envious every time I see someone get a proposal or wedding that I had wanted. I cant help my anger because I know we only get one proposal and one wedding. What I wanted will never happen. I have been working on my feelings for the past year and half to get over it. I try to focus on our marriage but every time I see someone have the best proposals and weddings I get upset. I know it is selfish and I know its petty but I just can't control it. It's ruining our relationship because I constantly think about it. Plus, I get mad at him for small things because I am trying to hide the fact that I am so disappointed. Why can't I move on?",marriage,gemini,0.26859295,0.355360563917263
all_models_wrong,2553,1,0.4935679993691462,0,0.3368642935115197,0,0.23402077,0,333,1,"Given your history and desire to move forward, it's essential to approach this situation with care and honesty.",70,181,1,1,5,"I'm so sorry to hear about the pain and betrayal you're experiencing. Given your history and desire to move forward, it's essential to approach this situation with care and honesty. First, acknowledge that forgiveness is a process, and it may take time for both of you to heal. Consider couples therapy to work through your feelings and rebuild trust. It's crucial to have open and honest conversations about what happened, why it happened, and how you both can work together to prevent it in the future.

Reflect on your past infidelity and how your fiancé forgave you. Recognize that her cheating may be a symptom of deeper issues in your relationship, and it's essential to address these underlying problems. Make sure you're both on the same page regarding your commitment to the relationship and your son.

To overcome the unsettling thoughts, try to focus on the present moment and the future you want to build together. Practice self-care, engage in activities that bring you joy, and prioritize quality time with your fiancé and son. Rebuilding trust will require effort, patience, and understanding from both parties.

Remember that healing is not about forgetting or condoning the infidelity but about working together to create a stronger, more resilient relationship. It's okay to seek help, and don't be afraid to reach out to a therapist or counselor who can provide guidance and support throughout this challenging time.",questionID_732,My fiancé cheated. How can we mend our relationship?,"I'm in a relationship with my fiancé and I currently found out that she's been cheating on me with a co-worker. I was very upset none the less. I understand what she did was wrong, but I want to spend the rest of my life with her. So I'm willing to forgive and move on. We have been together for a little over 9 years, and we have a son. At the beginning of our relationship, I was unfaithful and she caught me cheating. She forgave me for what I've done to her and since then I been completely faithful. I'm worried about our relationship and want to move forward but its been very unsettling. All I can think about is her with another man. I don't know what to do or where to go for advice?",relationships,llama3,0.26597923,0.35481768762688864
all_models_wrong,1458,0,0.5013974455411119,1,0.5984092166065816,1,0.7611526,1,200,2,"So, feeling nervous or shaky is a common reaction.",246,296,0,0,5,"It is absolutely normal to feel nervous before therapy sessions, especially when you're still in the early stages. You are about to have a conversation that may involve discussing deeply personal issues and feelings, which can be quite daunting. So, feeling nervous or shaky is a common reaction. Over time, as you get more comfortable with your therapist and the therapeutic process, these feelings should lessen. However, if they persist or cause significant distress, it's important to talk about it with your therapist. They can help you explore these feelings and develop strategies for managing them. Remember, there's no right or wrong way to feel about therapy, and it's okay to take some time to adjust.",questionID_146,Is it normal to go into therapy feeling nervous?,I've gone to a couple therapy sessions so far and still everytime I walk in I get nervous and shaky. Is this normal? Should I still be feeling like this?,anxiety,gpt4,0.26115259999999996,0.6203197540492312
all_models_wrong,2363,0,0.5010838802711721,1,0.6276791201028639,1,0.7601431,1,312,9,"Perhaps, you can plan an extravagant renewal of your vows or change the look of your ring?I would also be upfront with your husband and explain why you've been short lately.",764,937,0,0,5,"It's hard to let go of the dreams you had regarding your wedding and engagement. This was something that you and most women think about for years, so it's understandable to be disappointed. But please be aware that it is rare that any wedding is perfect. You may envy your friends' weddings but more than likely they had a few mishaps of their own and/or it wasn't as perfect as they had planned it either. However, like you know, the marriage is the most important thing. How many women are envious that you are in a happy, stable relationship? I assure you that there are plenty. Try to live in the present considering that dwelling on the past can still not change how you were proposed to or how your wedding day transpired. Focus on what you can control NOW. Perhaps, you can plan an extravagant renewal of your vows or change the look of your ring?I would also be upfront with your husband and explain why you've been short lately. But after that, close that chapter and move on. It sounds like you have a wonderful companion and you certainly don't want to lose this due to a situation that is impossible to change.",questionID_707,How can I let go of my dream wedding?,"I have been with my husband for almost 7 years. We got engaged a little after 5 years of being together. I had always been clear that I wanted to get married and I sadly would drop hints about how i wanted him to propose. When he did propose it was during a random vacation that I had planned. I was happy but I couldn't help feeling disappointed too. I had told him numerous times before that I wanted him to do it in front of my friends and family. I know it sounds dumb to be upset but I couldn't help how I was feeling. We are now married but the wedding and ring were also far from what I wanted and it wasn't due to lack of funds. I know this is all material and the marriage is the most important thing but I cant help but get jealous and envious every time I see someone get a proposal or wedding that I had wanted. I cant help my anger because I know we only get one proposal and one wedding. What I wanted will never happen. I have been working on my feelings for the past year and half to get over it. I try to focus on our marriage but every time I see someone have the best proposals and weddings I get upset. I know it is selfish and I know its petty but I just can't control it. It's ruining our relationship because I constantly think about it. Plus, I get mad at him for small things because I am trying to hide the fact that I am so disappointed. Why can't I move on?",marriage,human,0.26014309999999996,0.6296353667913454
all_models_wrong,266,1,0.498299677435229,0,0.4007884279011202,0,0.24161436,0,36,2,"While some studies suggest that marijuana may help alleviate morning sickness, the American College of Obstetricians and Gynecologists (ACOG) and other reputable health organizations recommend avoiding marijuana use during pregnancy due to potential risks to the fetus, such as low birth weight and developmental delays.",246,566,1,1,5,"I'm so sorry to hear about your loss, and I can understand why you're seeking guidance during this challenging time. Regarding your daughter-in-law's situation, it's natural to feel concerned about her decision to smoke marijuana while pregnant. While some studies suggest that marijuana may help alleviate morning sickness, the American College of Obstetricians and Gynecologists (ACOG) and other reputable health organizations recommend avoiding marijuana use during pregnancy due to potential risks to the fetus, such as low birth weight and developmental delays.

When responding to your daughter-in-law, approach the conversation with empathy and concern for her well-being, rather than judgment or criticism. You might say something like, ""I care about you and the baby, and I want to make sure you're both doing well. I've heard that marijuana can have unknown effects on the fetus, and I'm worried about the potential risks. Have you talked to your doctor about your morning sickness and explored other treatment options?"" This can help open a dialogue and encourage her to consult with her healthcare provider about safer alternatives for managing her symptoms. Remember to prioritize your relationship with your daughter-in-law and avoid being confrontational, as this may lead to defensiveness and make the situation more challenging to navigate.",questionID_624,My daughter-in-law is smoking marijuana while pregnant,"My new daughter-in-law just informed me that she is smoking marijuana while pregnant because of her morning sickness. I’m in shock and I don’t know how to respond. I just lost my mom, and she was good with advice.",substance-abuse,llama3,0.25838563999999997,0.3802341551121164
all_models_wrong,2554,1,0.4953830021073141,0,0.4028012454833259,0,0.24270195,0,333,2,"First, acknowledge that forgiveness is a process, and it may take time for both of you to heal.",182,277,1,1,5,"I'm so sorry to hear about the pain and betrayal you're experiencing. Given your history and desire to move forward, it's essential to approach this situation with care and honesty. First, acknowledge that forgiveness is a process, and it may take time for both of you to heal. Consider couples therapy to work through your feelings and rebuild trust. It's crucial to have open and honest conversations about what happened, why it happened, and how you both can work together to prevent it in the future.

Reflect on your past infidelity and how your fiancé forgave you. Recognize that her cheating may be a symptom of deeper issues in your relationship, and it's essential to address these underlying problems. Make sure you're both on the same page regarding your commitment to the relationship and your son.

To overcome the unsettling thoughts, try to focus on the present moment and the future you want to build together. Practice self-care, engage in activities that bring you joy, and prioritize quality time with your fiancé and son. Rebuilding trust will require effort, patience, and understanding from both parties.

Remember that healing is not about forgetting or condoning the infidelity but about working together to create a stronger, more resilient relationship. It's okay to seek help, and don't be afraid to reach out to a therapist or counselor who can provide guidance and support throughout this challenging time.",questionID_732,My fiancé cheated. How can we mend our relationship?,"I'm in a relationship with my fiancé and I currently found out that she's been cheating on me with a co-worker. I was very upset none the less. I understand what she did was wrong, but I want to spend the rest of my life with her. So I'm willing to forgive and move on. We have been together for a little over 9 years, and we have a son. At the beginning of our relationship, I was unfaithful and she caught me cheating. She forgave me for what I've done to her and since then I been completely faithful. I'm worried about our relationship and want to move forward but its been very unsettling. All I can think about is her with another man. I don't know what to do or where to go for advice?",relationships,llama3,0.25729805,0.38029539919688005
all_models_wrong,1116,0,0.5021465232379909,1,0.7541180713963241,1,0.7270463,1,152,1,This pattern suggests that he may be using a form of emotional manipulation to control or punish you during conflicts.,170,288,0,0,5,"It's concerning to hear that your boyfriend often ends arguments by saying he doesn't love you, as this can be emotionally distressing and damaging to your relationship. This pattern suggests that he may be using a form of emotional manipulation to control or punish you during conflicts. To address this issue, consider having an open and honest conversation with your boyfriend about how his words affect you. It's essential to express your feelings and concerns in a non-accusatory manner, focusing on the specific behavior that's causing harm.

Given your commitment to resolving problems and your desire to maintain a healthy family environment for your kids, it might be helpful to establish some ground rules for conflict resolution. This could include active listening, avoiding hurtful language, and making a genuine effort to understand each other's perspectives. Since you're willing to apologize and move forward, it's crucial that your boyfriend also learns to let go of grudges and work towards resolving issues rather than dwelling on them.

Couples therapy could be a valuable resource for you both, providing a safe and guided environment to explore your communication dynamics and work on developing healthier conflict resolution strategies. A professional therapist can help you identify patterns and behaviors that contribute to your communication challenges and offer tools and techniques to improve your interaction. By addressing these issues and learning to communicate more effectively, you can work towards strengthening your relationship and creating a more stable and loving environment for your family.",questionID_754,Why do my boyfriend and I have such trouble communicating?,"We’ve been together almost three years. We argue and he ends it by telling me he doesn’t love me. It's hurtful because I am all about resolving the problem, and he dwells on the issue even if I drop what he's done and just swallow my pride and say I am sorry. How can this be resolved? We have kids, and I don't want a broken family because we can't communicate.",relationships,llama3,0.25411807139632414,0.6611036315447717
all_models_wrong,1130,0,0.5036922883144158,1,0.6020062114712208,1,0.7509724,1,154,3,You are both still trying to get very early needs met.,518,572,0,0,5,"Under duress the very youngest parts of you and your boyfriend emerge. So, while you still look like grown ups, your actions and words are motivated by very early preverbal parts of both of you. In simple terms it is as if two infants somehow acquire the ability to say words but they are motivated by very basic early wounds that were created due to deficits in what was able to be done for each of you, and likely understandable in terms of caregiver's life experience, and that still fell short of what you needed. You are both still trying to get very early needs met. The best advice I can offer is to try and remember this as early as possible when things start to heat up, and then restrain expression that you already know leads nowhere helpful. And seek out a therapist who can help you to work with these early issues and can support you to grow and develop from this stuck point.",questionID_754,Why do my boyfriend and I have such trouble communicating?,"We’ve been together almost three years. We argue and he ends it by telling me he doesn’t love me. It's hurtful because I am all about resolving the problem, and he dwells on the issue even if I drop what he's done and just swallow my pride and say I am sorry. How can this be resolved? We have kids, and I don't want a broken family because we can't communicate.",relationships,human,0.2509724,0.6188902999285456
all_models_wrong,74,0,0.5024848118567532,1,0.6043826682867653,1,0.74967295,1,9,10,Sending you positive thoughts and hoping for your boyfriend's speedy recovery.,1158,1236,0,0,5,"I'm so sorry to hear that you're going through this uncertain and stressful situation. It's completely understandable that you're feeling anxious and concerned about your boyfriend's health. The lack of information from the hospital can be frustrating, but it's likely due to patient confidentiality laws and protocols. 

In the meantime, take care of yourself during this challenging time. Reach out to friends, family, or a support group for emotional support. You can also try contacting the hospital's social work department or patient advocate to see if they can provide any guidance or support. 

Remember that you have the right to be informed about your boyfriend's condition if he has designated you as his emergency contact or healthcare proxy. If you haven't already, you may want to ask him if he has completed any advance directives or if he would like you to be his representative. 

Try to stay calm, focus on what you can control, and prioritize your own well-being. Keep in mind that the hospital staff is working to provide the best care for your boyfriend, and it's possible that they will be able to share more information with you soon. Sending you positive thoughts and hoping for your boyfriend's speedy recovery.",questionID_886,My boyfriend is in the hospital. They won’t tell me what’s wrong and if or when he’s coming back,,legal-regulatory,llama3,0.24967295,0.6188468100478395
all_models_wrong,2155,0,0.5095926754798021,1,0.7479227785903751,1,0.6502306,1,287,4,It would be a good idea to check if there is such a rule that applies to you.,435,512,0,0,5,"Generally, the ethical codes only prohibit relationships with clients. There are however a few types of counselor-to-counselor relationships that are prohibited by the ethics codes. Such prohibited relationships include those between supervisors and supervisees; between professors and students; or any time the relationship might negatively impact your (or their) clients. Lastly, some workplaces have rules against dating coworkers. It would be a good idea to check if there is such a rule that applies to you.",questionID_401,Is it unethical to have a relationship with a fellow counselor?,Does this go against any ethical codes? Are there legal ramifications?,workplace-relationships,human,0.24792277859037515,0.6359153513567257
all_models_wrong,2561,1,0.4905855218789139,0,0.2671584773063595,0,0.34798953,0,333,9,"Practice self-care, engage in activities that bring you joy, and prioritize quality time with your fiancé and son.",927,1041,1,1,5,"I'm so sorry to hear about the pain and betrayal you're experiencing. Given your history and desire to move forward, it's essential to approach this situation with care and honesty. First, acknowledge that forgiveness is a process, and it may take time for both of you to heal. Consider couples therapy to work through your feelings and rebuild trust. It's crucial to have open and honest conversations about what happened, why it happened, and how you both can work together to prevent it in the future.

Reflect on your past infidelity and how your fiancé forgave you. Recognize that her cheating may be a symptom of deeper issues in your relationship, and it's essential to address these underlying problems. Make sure you're both on the same page regarding your commitment to the relationship and your son.

To overcome the unsettling thoughts, try to focus on the present moment and the future you want to build together. Practice self-care, engage in activities that bring you joy, and prioritize quality time with your fiancé and son. Rebuilding trust will require effort, patience, and understanding from both parties.

Remember that healing is not about forgetting or condoning the infidelity but about working together to create a stronger, more resilient relationship. It's okay to seek help, and don't be afraid to reach out to a therapist or counselor who can provide guidance and support throughout this challenging time.",questionID_732,My fiancé cheated. How can we mend our relationship?,"I'm in a relationship with my fiancé and I currently found out that she's been cheating on me with a co-worker. I was very upset none the less. I understand what she did was wrong, but I want to spend the rest of my life with her. So I'm willing to forgive and move on. We have been together for a little over 9 years, and we have a son. At the beginning of our relationship, I was unfaithful and she caught me cheating. She forgave me for what I've done to her and since then I been completely faithful. I'm worried about our relationship and want to move forward but its been very unsettling. All I can think about is her with another man. I don't know what to do or where to go for advice?",relationships,llama3,0.2328415226936405,0.36857784306175784
all_models_wrong,579,1,0.4974656644231339,0,0.4170566483402347,0,0.2794706,0,80,0,"Typically, a therapist cannot force a client to receive any treatment they do not want.",0,87,1,1,5,"Typically, a therapist cannot force a client to receive any treatment they do not want.  In the end, it is the clients who get to decide what type of treatment they want.If a therapist believes that their client is in imminent danger of harm however, the therapist might have an obligation to take actions to protect their client.  In such a case, the therapist would need to discuss the options with the client, and come up with a plan to best protect the client.In a situiaon like this, it would probably be a good idea to talk to the therapist about the possilbe positvies and negatives of the treatmetn center.  A good therpist will be happy to have that conversation with you and allow you to make the final decisions about your own treatment.",questionID_708,Can a therapist have a client admitted to an eating disorder treatment center if the client does not want to go?,,eating-disorders,human,0.2205294,0.39799763758778955
all_models_wrong,273,1,0.4931868341964461,0,0.3940728775538124,0,0.28261027,0,37,0,"While I understand your concern, it's important to approach this with sensitivity and avoid judgment.",0,101,1,1,5,"While I understand your concern, it's important to approach this with sensitivity and avoid judgment. Sharing credible information about the potential risks of marijuana use during pregnancy, such as the March of Dimes website, could be helpful, but ultimately the decision rests with your daughter-in-law and her doctor. If you're struggling with how to cope with this and your recent loss, consider seeking grief counseling or support for yourself. Focus on offering your daughter-in-law non-judgmental support and letting her know you care about her and the baby’s well-being.",questionID_624,My daughter-in-law is smoking marijuana while pregnant,"My new daughter-in-law just informed me that she is smoking marijuana while pregnant because of her morning sickness. I’m in shock and I don’t know how to respond. I just lost my mom, and she was good with advice.",substance-abuse,gemini,0.21738973,0.3899566605834195
all_models_wrong,2355,0,0.5084753328211536,1,0.7165089743599914,1,0.71158105,1,312,1,"This was something that you and most women think about for years, so it's understandable to be disappointed.",81,189,0,0,5,"It's hard to let go of the dreams you had regarding your wedding and engagement. This was something that you and most women think about for years, so it's understandable to be disappointed. But please be aware that it is rare that any wedding is perfect. You may envy your friends' weddings but more than likely they had a few mishaps of their own and/or it wasn't as perfect as they had planned it either. However, like you know, the marriage is the most important thing. How many women are envious that you are in a happy, stable relationship? I assure you that there are plenty. Try to live in the present considering that dwelling on the past can still not change how you were proposed to or how your wedding day transpired. Focus on what you can control NOW. Perhaps, you can plan an extravagant renewal of your vows or change the look of your ring?I would also be upfront with your husband and explain why you've been short lately. But after that, close that chapter and move on. It sounds like you have a wonderful companion and you certainly don't want to lose this due to a situation that is impossible to change.",questionID_707,How can I let go of my dream wedding?,"I have been with my husband for almost 7 years. We got engaged a little after 5 years of being together. I had always been clear that I wanted to get married and I sadly would drop hints about how i wanted him to propose. When he did propose it was during a random vacation that I had planned. I was happy but I couldn't help feeling disappointed too. I had told him numerous times before that I wanted him to do it in front of my friends and family. I know it sounds dumb to be upset but I couldn't help how I was feeling. We are now married but the wedding and ring were also far from what I wanted and it wasn't due to lack of funds. I know this is all material and the marriage is the most important thing but I cant help but get jealous and envious every time I see someone get a proposal or wedding that I had wanted. I cant help my anger because I know we only get one proposal and one wedding. What I wanted will never happen. I have been working on my feelings for the past year and half to get over it. I try to focus on our marriage but every time I see someone have the best proposals and weddings I get upset. I know it is selfish and I know its petty but I just can't control it. It's ruining our relationship because I constantly think about it. Plus, I get mad at him for small things because I am trying to hide the fact that I am so disappointed. Why can't I move on?",marriage,human,0.2165089743599914,0.6455217857270483
all_models_wrong,500,1,0.4993236505643234,0,0.3032955459445161,0,0.3665789,0,67,1,"Contact a few to inquire about their approach, availability, and fees, and schedule a consultation to see if it's a good fit.",218,343,1,1,5,"Start by identifying your needs and preferences (like specialty areas, in-person vs. online), then use online directories (Psychology Today, GoodTherapy) or your insurance provider's list to find potential counselors. Contact a few to inquire about their approach, availability, and fees, and schedule a consultation to see if it's a good fit. Trust your gut feeling in choosing someone you feel comfortable with.",questionID_936,How does someone approach a counselor?,How does a person start the counseling process?,counseling-fundamentals,gemini,0.19670445405548392,0.38973269883627976
all_models_wrong,1438,0,0.5042984199084517,1,0.6537093488048458,1,0.6953459,1,197,1,The constant accusations and lack of acknowledgment of her own mistakes can be draining.,98,186,0,0,5,"It sounds like you're feeling frustrated, hurt, and possibly even defensive in your relationship. The constant accusations and lack of acknowledgment of her own mistakes can be draining. To address this, consider having an open and honest conversation with your wife about how her behavior is affecting you. Use ""I"" statements to express your feelings, such as ""I feel disrespected when you accuse me of cheating without any evidence"" or ""I feel like I'm walking on eggshells around you, never knowing what will trigger an argument."" 

It's also essential to understand that her behavior might be a sign of her own insecurities or past experiences. Approach the conversation with empathy, but also set clear boundaries and expectations for how you want to be treated in the relationship. Regarding the ""sweetheart"" example, you could explain that it's a harmless term you use in a professional setting, and reassure her that it doesn't imply any romantic or intimate intentions.

However, it's crucial to recognize that you can't force someone to understand or admit their mistakes. If your wife is unwilling to listen, reflect on her actions, or work on rebuilding trust, it may be a sign of deeper issues in the relationship. In such cases, couples therapy can be beneficial in addressing these concerns and improving communication. Remember that your emotional well-being is important, and it's okay to prioritize your own needs and seek support if the relationship becomes toxic or unsustainable.",questionID_391,Why do I feel like I'm always wrong in everything in my relationship?,"My wife is always accusing me of cheating and telling me that I'm doing things she finds disrespectful even when I don't mean it like that. For example, she gets offended when I call someone at work ""sweetheart."" I wish I had a penny for every time she accused me of cheating on her. She doesn't, and never will say she was wrong. How do I get her to understand?",workplace-relationships,llama3,0.19534589999999996,0.6177845562377658
all_models_wrong,956,1,0.4972373213520227,0,0.3055228964489382,0,0.35691038,0,130,0,Each client brings their own style they like to a coaching or counseling relationship.,0,86,1,1,5,"Each client brings their own style they like to a coaching or counseling relationship.  When I counseled and coached military I learned to relate to what style of coaching they seek.  Some were better at the Drill Sergeant style of coaching,  or a liberal style, integrative, humanistic, progressive, or conservative.  Some can be obsessed and try and cross the line.  When you are in the public eye it can be a bit much and you have to know what client is a good fit for your practice.  Some don't see you as human but we are.  We seek to do the best we can with our knowledge cause it is a calling and I am sure others will say on here that we have to have our go to place of healing also so we can be good for our clients.",questionID_939,Are some clients more difficult than others?,What are some difficulties that a counselor can encounter when dealing with a client?,counseling-fundamentals,human,0.1944771035510618,0.3865568659336536
all_models_wrong,499,1,0.4954029826835934,0,0.3184161423094816,0,0.43908423,0,67,0,"Start by identifying your needs and preferences (like specialty areas, in-person vs. online), then use online directories (Psychology Today, GoodTherapy) or your insurance provider's list to find potential counselors.",0,217,1,1,5,"Start by identifying your needs and preferences (like specialty areas, in-person vs. online), then use online directories (Psychology Today, GoodTherapy) or your insurance provider's list to find potential counselors. Contact a few to inquire about their approach, availability, and fees, and schedule a consultation to see if it's a good fit. Trust your gut feeling in choosing someone you feel comfortable with.",questionID_936,How does someone approach a counselor?,How does a person start the counseling process?,counseling-fundamentals,gemini,0.18158385769051838,0.41763445166435836
all_models_wrong,505,0,0.5040749838513952,1,0.5756030387493463,1,0.66675264,1,68,3,"Listening to how they converse, use their tone and inflection, may give you a brief insight to how they will respond to you and increase your comfort right away.",360,521,0,0,5,"Hello, There are many ways to approach a counselor and starting the process, however they all start with picking up the phone.  It's most definitely an uncomfortable feeling, but once that first step is taken it is often met with a wave of relief. My recommendation is always to call and speak with a therapist over the phone before scheduling an appointment. Listening to how they converse, use their tone and inflection, may give you a brief insight to how they will respond to you and increase your comfort right away. You may also discover, rather quickly, that this therapist is not the right match for you.Regardless of how you go about it, I like to remind all people who call, email, text or walk-in, therapists are a bit like pizzas - if you don't like the toppings, send it back! There are hundreds of therapists offering all kinds of styles of therapy - take the time to pick one that suits you.",questionID_936,How does someone approach a counselor?,How does a person start the counseling process?,counseling-fundamentals,human,0.16675264,0.5821435542002472
all_models_wrong,582,1,0.4993611219406812,0,0.3350611281375189,0,0.46868727,0,80,3,"In such a case, the therapist would need to discuss the options with the client, and come up with a plan to best protect the client.",332,464,1,1,5,"Typically, a therapist cannot force a client to receive any treatment they do not want.  In the end, it is the clients who get to decide what type of treatment they want.If a therapist believes that their client is in imminent danger of harm however, the therapist might have an obligation to take actions to protect their client.  In such a case, the therapist would need to discuss the options with the client, and come up with a plan to best protect the client.In a situiaon like this, it would probably be a good idea to talk to the therapist about the possilbe positvies and negatives of the treatmetn center.  A good therpist will be happy to have that conversation with you and allow you to make the final decisions about your own treatment.",questionID_708,Can a therapist have a client admitted to an eating disorder treatment center if the client does not want to go?,,eating-disorders,human,0.16493887186248107,0.4343698400260667
all_models_wrong,938,0,0.5002652554196904,1,0.6160552209364023,1,0.6631661,1,127,3,They might be skeptical about therapy and lack trust in the process or the therapist.,265,350,0,0,5,"Yes, as a therapist, it is common to find that some clients may be more difficult to work with than others. Several challenges can arise in the therapeutic process. A client may be resistant to change or unwilling to participate actively in their recovery process. They might be skeptical about therapy and lack trust in the process or the therapist. Some clients may have difficulties in expressing their feelings or thoughts, making it hard to understand their issues. Clients with complex mental health conditions or severe symptoms can also be challenging to manage. There could be cultural or language barriers that make communication difficult. Additionally, managing boundaries can be an issue if a client becomes overly dependent or if they cross personal boundaries. It's important to remember that these difficulties are part of the therapeutic process and provide opportunities for growth and learning for both the therapist and the client. By applying empathy, patience, respect, and professional skills, these challenges can be effectively navigated.",questionID_939,Are some clients more difficult than others?,What are some difficulties that a counselor can encounter when dealing with a client?,counseling-fundamentals,gpt4,0.16316609999999998,0.5931621921186976
all_models_wrong,1935,0,0.5012809238191501,1,0.6017593945246038,1,0.66196936,1,261,4,"Low self-esteem or lack of confidence in some areas are issues that EVERY teen, in fact EVERY person, has experienced at some point.",378,510,0,0,5,"There are some struggles that are less ""obvious"" than others, an eating disorder being one of them. From just your personal experience alone you might realize how easy it may seem to keep such a secret from those around you. In the same way, there are many people who struggle secretly with this problem and not many people know or even notice. So you are definitely not alone. Low self-esteem or lack of confidence in some areas are issues that EVERY teen, in fact EVERY person, has experienced at some point. These feelings are ""normal."" It sounds, though, as if these feelings of insecurity and inadequacy have begun to consume your every day thoughts and behaviors bringing you to where you are today - comparing yourself to others, purging, and feeling extreme guilt. Sometimes it's best if we seek outside help, instead of trying to tackle problems on our own. Breaking habits that come along with an eating disorder really requires the help of a doctor, nutritionist, and a therapist who can help change your perspective from the inside out! Hope this helps!",questionID_346,"I feel like I'm this dumb fat girl that no one likes, and everything is my fault. Are these normal teenage girl feelings?","Everyone around me is much smarter and flaunts it. Everyone around me is skinny, and here I am trying to throw up so I'm not fat. Everything I do is wrong, and I can't seem to do anything right! No one else at school seems to feel the way I do! Is this normal teenage girls feelings? I don't think these feelings are normal.",self-esteem,human,0.16196935999999995,0.5883365594479181
all_models_wrong,2556,1,0.4998133935029691,0,0.3930499610222282,0,0.34665585,0,333,4,"It's crucial to have open and honest conversations about what happened, why it happened, and how you both can work together to prevent it in the future.",352,504,1,1,5,"I'm so sorry to hear about the pain and betrayal you're experiencing. Given your history and desire to move forward, it's essential to approach this situation with care and honesty. First, acknowledge that forgiveness is a process, and it may take time for both of you to heal. Consider couples therapy to work through your feelings and rebuild trust. It's crucial to have open and honest conversations about what happened, why it happened, and how you both can work together to prevent it in the future.

Reflect on your past infidelity and how your fiancé forgave you. Recognize that her cheating may be a symptom of deeper issues in your relationship, and it's essential to address these underlying problems. Make sure you're both on the same page regarding your commitment to the relationship and your son.

To overcome the unsettling thoughts, try to focus on the present moment and the future you want to build together. Practice self-care, engage in activities that bring you joy, and prioritize quality time with your fiancé and son. Rebuilding trust will require effort, patience, and understanding from both parties.

Remember that healing is not about forgetting or condoning the infidelity but about working together to create a stronger, more resilient relationship. It's okay to seek help, and don't be afraid to reach out to a therapist or counselor who can provide guidance and support throughout this challenging time.",questionID_732,My fiancé cheated. How can we mend our relationship?,"I'm in a relationship with my fiancé and I currently found out that she's been cheating on me with a co-worker. I was very upset none the less. I understand what she did was wrong, but I want to spend the rest of my life with her. So I'm willing to forgive and move on. We have been together for a little over 9 years, and we have a son. At the beginning of our relationship, I was unfaithful and she caught me cheating. She forgave me for what I've done to her and since then I been completely faithful. I'm worried about our relationship and want to move forward but its been very unsettling. All I can think about is her with another man. I don't know what to do or where to go for advice?",relationships,llama3,0.15334415,0.41317306817506577
all_models_wrong,2122,1,0.4960036643235611,0,0.498954069684018,0,0.35935232,0,282,2,"In the meantime, try practicing self-compassion and focusing on nourishing your body with regular, balanced meals.",331,445,1,1,5,"Binge eating combined with compensatory exercise suggests a possible eating disorder, and I strongly recommend seeking professional support from a therapist or counselor specializing in eating disorders. They can provide personalized strategies and help you develop healthier coping mechanisms for stress and emotional regulation. In the meantime, try practicing self-compassion and focusing on nourishing your body with regular, balanced meals. Avoid restrictive dieting, as this can often exacerbate binge eating.",questionID_712,How do I handle my binge eating?,"I have a problem with binge eating, especially during times of stress. I binge eat and feel so overwhelmed with shame and disappointment that I end up going to the gym and trying to exercise the calories off. I am in my late 20s, and I have been dealing with this since I was a teenager. Are there any coping mechanisms I can use to break this cycle?",eating-disorders,gemini,0.14064768,0.451436684669193
all_models_wrong,2555,1,0.4948409564015581,0,0.4649513691352934,0,0.36000004,0,333,3,Consider couples therapy to work through your feelings and rebuild trust.,278,351,1,1,5,"I'm so sorry to hear about the pain and betrayal you're experiencing. Given your history and desire to move forward, it's essential to approach this situation with care and honesty. First, acknowledge that forgiveness is a process, and it may take time for both of you to heal. Consider couples therapy to work through your feelings and rebuild trust. It's crucial to have open and honest conversations about what happened, why it happened, and how you both can work together to prevent it in the future.

Reflect on your past infidelity and how your fiancé forgave you. Recognize that her cheating may be a symptom of deeper issues in your relationship, and it's essential to address these underlying problems. Make sure you're both on the same page regarding your commitment to the relationship and your son.

To overcome the unsettling thoughts, try to focus on the present moment and the future you want to build together. Practice self-care, engage in activities that bring you joy, and prioritize quality time with your fiancé and son. Rebuilding trust will require effort, patience, and understanding from both parties.

Remember that healing is not about forgetting or condoning the infidelity but about working together to create a stronger, more resilient relationship. It's okay to seek help, and don't be afraid to reach out to a therapist or counselor who can provide guidance and support throughout this challenging time.",questionID_732,My fiancé cheated. How can we mend our relationship?,"I'm in a relationship with my fiancé and I currently found out that she's been cheating on me with a co-worker. I was very upset none the less. I understand what she did was wrong, but I want to spend the rest of my life with her. So I'm willing to forgive and move on. We have been together for a little over 9 years, and we have a son. At the beginning of our relationship, I was unfaithful and she caught me cheating. She forgave me for what I've done to her and since then I been completely faithful. I'm worried about our relationship and want to move forward but its been very unsettling. All I can think about is her with another man. I don't know what to do or where to go for advice?",relationships,llama3,0.13999995999999998,0.43993078851228384
all_models_wrong,1831,1,0.4962156760465435,0,0.3978808426803382,0,0.45163217,0,246,0,"Crying in therapy is completely normal and even expected sometimes – it's a safe space to express your emotions, so don't worry about feeling embarrassed.",0,154,2,2,5,"Crying in therapy is completely normal and even expected sometimes – it's a safe space to express your emotions, so don't worry about feeling embarrassed. Your therapist is there to support you through whatever you're experiencing.",questionID_144,Is it normal to cry during therapy?,"I start counseling/therapy in a few days (I'm freaking out) but my main fear is that I'll cry and embarrass myself, is it something to worry about?",anxiety,gemini,0.10211915731966181,0.4485762295756272
all_models_wrong,1939,1,0.4957144643459419,0,0.4078388943087064,0,0.43478942,0,261,8,"Breaking habits that come along with an eating disorder really requires the help of a doctor, nutritionist, and a therapist who can help change your perspective from the inside out!",867,1048,1,1,5,"There are some struggles that are less ""obvious"" than others, an eating disorder being one of them. From just your personal experience alone you might realize how easy it may seem to keep such a secret from those around you. In the same way, there are many people who struggle secretly with this problem and not many people know or even notice. So you are definitely not alone. Low self-esteem or lack of confidence in some areas are issues that EVERY teen, in fact EVERY person, has experienced at some point. These feelings are ""normal."" It sounds, though, as if these feelings of insecurity and inadequacy have begun to consume your every day thoughts and behaviors bringing you to where you are today - comparing yourself to others, purging, and feeling extreme guilt. Sometimes it's best if we seek outside help, instead of trying to tackle problems on our own. Breaking habits that come along with an eating disorder really requires the help of a doctor, nutritionist, and a therapist who can help change your perspective from the inside out! Hope this helps!",questionID_346,"I feel like I'm this dumb fat girl that no one likes, and everything is my fault. Are these normal teenage girl feelings?","Everyone around me is much smarter and flaunts it. Everyone around me is skinny, and here I am trying to throw up so I'm not fat. Everything I do is wrong, and I can't seem to do anything right! No one else at school seems to feel the way I do! Is this normal teenage girls feelings? I don't think these feelings are normal.",self-esteem,human,0.0921611056912936,0.44611425955154943
all_models_wrong,2097,1,0.4941056418361411,0,0.4910619875560841,0,0.41112918,0,280,2,"Binge eating can often be a coping mechanism for stress and other emotions, so it's important to find healthy alternatives.",144,267,1,1,5,"I'm really sorry to hear that you're struggling with this, but please know that you're not alone and it's commendable that you're seeking help. Binge eating can often be a coping mechanism for stress and other emotions, so it's important to find healthy alternatives. Cognitive behavioral therapy (CBT) can be very effective in addressing binge eating by helping you to understand your triggers and develop healthier responses. Mindful eating, where you focus on the taste, texture, and feelings of fullness, can also be beneficial. Regular, balanced meals can prevent extreme hunger that often leads to binging. Physical activity is important for overall health, but try not to use exercise as a punishment for eating. Instead, view it as a way to strengthen and care for your body. Reach out to a mental health professional who can provide you with more personalized strategies and consider joining a support group where you can connect with others facing the same challenges. Remember, it's okay to seek help and recovery is absolutely possible.",questionID_712,How do I handle my binge eating?,"I have a problem with binge eating, especially during times of stress. I binge eat and feel so overwhelmed with shame and disappointment that I end up going to the gym and trying to exercise the calories off. I am in my late 20s, and I have been dealing with this since I was a teenager. Are there any coping mechanisms I can use to break this cycle?",eating-disorders,gpt4,0.08887082000000002,0.4654322697974084
all_models_wrong,1832,1,0.4979851137108543,0,0.4147545930357859,0,0.43100372,0,246,1,Your therapist is there to support you through whatever you're experiencing.,155,231,2,2,5,"Crying in therapy is completely normal and even expected sometimes – it's a safe space to express your emotions, so don't worry about feeling embarrassed. Your therapist is there to support you through whatever you're experiencing.",questionID_144,Is it normal to cry during therapy?,"I start counseling/therapy in a few days (I'm freaking out) but my main fear is that I'll cry and embarrass myself, is it something to worry about?",anxiety,gemini,0.08524540696421412,0.44791447558221337
all_models_wrong,59,1,0.4981304834105921,0,0.5392551606150985,0,0.42523605,0,8,2,"It's important for you to understand that you can't control everything, especially health situations of others.",128,239,2,2,5,"I'm really sorry to hear about your boyfriend. It sounds like you're going through a particularly stressful and uncertain time. It's important for you to understand that you can't control everything, especially health situations of others. What you can do right now is to take care of yourself, try to stay connected with your boyfriend through messages or phone calls if possible, and seek support from your friends and family. It might also help to engage in activities that can help you cope with stress, like reading, listening to music, doing some physical exercise, or meditation. Remember, it's okay to feel scared and worried, but try not to let your worry consume you. You're stronger than you think.",questionID_886,My boyfriend is in the hospital. They won’t tell me what’s wrong and if or when he’s coming back,,legal-regulatory,gpt4,0.07476395000000002,0.4875405646752302
all_models_wrong,2557,1,0.4992566446723784,0,0.4845748499684145,0,0.55614203,0,333,5,Reflect on your past infidelity and how your fiancé forgave you.,506,570,1,1,5,"I'm so sorry to hear about the pain and betrayal you're experiencing. Given your history and desire to move forward, it's essential to approach this situation with care and honesty. First, acknowledge that forgiveness is a process, and it may take time for both of you to heal. Consider couples therapy to work through your feelings and rebuild trust. It's crucial to have open and honest conversations about what happened, why it happened, and how you both can work together to prevent it in the future.

Reflect on your past infidelity and how your fiancé forgave you. Recognize that her cheating may be a symptom of deeper issues in your relationship, and it's essential to address these underlying problems. Make sure you're both on the same page regarding your commitment to the relationship and your son.

To overcome the unsettling thoughts, try to focus on the present moment and the future you want to build together. Practice self-care, engage in activities that bring you joy, and prioritize quality time with your fiancé and son. Rebuilding trust will require effort, patience, and understanding from both parties.

Remember that healing is not about forgetting or condoning the infidelity but about working together to create a stronger, more resilient relationship. It's okay to seek help, and don't be afraid to reach out to a therapist or counselor who can provide guidance and support throughout this challenging time.",questionID_732,My fiancé cheated. How can we mend our relationship?,"I'm in a relationship with my fiancé and I currently found out that she's been cheating on me with a co-worker. I was very upset none the less. I understand what she did was wrong, but I want to spend the rest of my life with her. So I'm willing to forgive and move on. We have been together for a little over 9 years, and we have a son. At the beginning of our relationship, I was unfaithful and she caught me cheating. She forgave me for what I've done to her and since then I been completely faithful. I'm worried about our relationship and want to move forward but its been very unsettling. All I can think about is her with another man. I don't know what to do or where to go for advice?",relationships,llama3,0.056142029999999954,0.5133245082135977
