response_id,sentence_id,sentence,start,end,label,match_count,positive_annotators,total_annotators,response,questionID,questionTitle,questionText,topic,responder,row_index,probability,prediction
3,0,Finding the right therapist for you is very important and can sometimes be tricky.,0,82,0,0,0,5,"Finding the right therapist for you is very important and can sometimes be tricky. It can sometimes take a number of sessions to get a good sense of whether you and your therapist are the ""right fit.""  The first couple of sessions are generally spent on gathering information, formulating a plan of treatment, and building the client/therapist relationship. The client/therapist relationship will be very different from other relationships you have experienced.  You will know you have found the right therapist when you notice there is a good rapport between the two of you.  You will get a sense that the therapist ""gets you"" and understands the issues being presented. If you feel that you can trust your therapist and feel comfortable opening up and providing feedback during your sessions then you know it is a good fit. In terms of ""how to train your therapist how to give you what you need from treatment"" the therapeutic relationship is collaborative so the two of you will be working together as a team. During your sessions, the goal is for you to feel comfortable giving feedback about what is working and what is not working in your sessions. When you express your needs to your therapist then the two of you will discuss the best ways to get those needs met in order to maximize the effectiveness of your sessions.",questionID_933,How would I know if I have the right therapist?,"How do you know you have the right therapist for you?<br> How would I know how to ""train"" my therapist to be able to give me what I need from treatment?",counseling-fundamentals,human,20,0.38109648736149593,1
3,1,"It can sometimes take a number of sessions to get a good sense of whether you and your therapist are the ""right fit.""",83,200,0,0,0,5,"Finding the right therapist for you is very important and can sometimes be tricky. It can sometimes take a number of sessions to get a good sense of whether you and your therapist are the ""right fit.""  The first couple of sessions are generally spent on gathering information, formulating a plan of treatment, and building the client/therapist relationship. The client/therapist relationship will be very different from other relationships you have experienced.  You will know you have found the right therapist when you notice there is a good rapport between the two of you.  You will get a sense that the therapist ""gets you"" and understands the issues being presented. If you feel that you can trust your therapist and feel comfortable opening up and providing feedback during your sessions then you know it is a good fit. In terms of ""how to train your therapist how to give you what you need from treatment"" the therapeutic relationship is collaborative so the two of you will be working together as a team. During your sessions, the goal is for you to feel comfortable giving feedback about what is working and what is not working in your sessions. When you express your needs to your therapist then the two of you will discuss the best ways to get those needs met in order to maximize the effectiveness of your sessions.",questionID_933,How would I know if I have the right therapist?,"How do you know you have the right therapist for you?<br> How would I know how to ""train"" my therapist to be able to give me what I need from treatment?",counseling-fundamentals,human,21,0.33807683367703273,1
3,2,"The first couple of sessions are generally spent on gathering information, formulating a plan of treatment, and building the client/therapist relationship.",202,357,0,0,0,5,"Finding the right therapist for you is very important and can sometimes be tricky. It can sometimes take a number of sessions to get a good sense of whether you and your therapist are the ""right fit.""  The first couple of sessions are generally spent on gathering information, formulating a plan of treatment, and building the client/therapist relationship. The client/therapist relationship will be very different from other relationships you have experienced.  You will know you have found the right therapist when you notice there is a good rapport between the two of you.  You will get a sense that the therapist ""gets you"" and understands the issues being presented. If you feel that you can trust your therapist and feel comfortable opening up and providing feedback during your sessions then you know it is a good fit. In terms of ""how to train your therapist how to give you what you need from treatment"" the therapeutic relationship is collaborative so the two of you will be working together as a team. During your sessions, the goal is for you to feel comfortable giving feedback about what is working and what is not working in your sessions. When you express your needs to your therapist then the two of you will discuss the best ways to get those needs met in order to maximize the effectiveness of your sessions.",questionID_933,How would I know if I have the right therapist?,"How do you know you have the right therapist for you?<br> How would I know how to ""train"" my therapist to be able to give me what I need from treatment?",counseling-fundamentals,human,22,0.17903558089274277,1
3,3,The client/therapist relationship will be very different from other relationships you have experienced.,358,461,0,0,0,5,"Finding the right therapist for you is very important and can sometimes be tricky. It can sometimes take a number of sessions to get a good sense of whether you and your therapist are the ""right fit.""  The first couple of sessions are generally spent on gathering information, formulating a plan of treatment, and building the client/therapist relationship. The client/therapist relationship will be very different from other relationships you have experienced.  You will know you have found the right therapist when you notice there is a good rapport between the two of you.  You will get a sense that the therapist ""gets you"" and understands the issues being presented. If you feel that you can trust your therapist and feel comfortable opening up and providing feedback during your sessions then you know it is a good fit. In terms of ""how to train your therapist how to give you what you need from treatment"" the therapeutic relationship is collaborative so the two of you will be working together as a team. During your sessions, the goal is for you to feel comfortable giving feedback about what is working and what is not working in your sessions. When you express your needs to your therapist then the two of you will discuss the best ways to get those needs met in order to maximize the effectiveness of your sessions.",questionID_933,How would I know if I have the right therapist?,"How do you know you have the right therapist for you?<br> How would I know how to ""train"" my therapist to be able to give me what I need from treatment?",counseling-fundamentals,human,23,0.41514286246831206,1
3,4,You will know you have found the right therapist when you notice there is a good rapport between the two of you.,463,575,0,0,0,5,"Finding the right therapist for you is very important and can sometimes be tricky. It can sometimes take a number of sessions to get a good sense of whether you and your therapist are the ""right fit.""  The first couple of sessions are generally spent on gathering information, formulating a plan of treatment, and building the client/therapist relationship. The client/therapist relationship will be very different from other relationships you have experienced.  You will know you have found the right therapist when you notice there is a good rapport between the two of you.  You will get a sense that the therapist ""gets you"" and understands the issues being presented. If you feel that you can trust your therapist and feel comfortable opening up and providing feedback during your sessions then you know it is a good fit. In terms of ""how to train your therapist how to give you what you need from treatment"" the therapeutic relationship is collaborative so the two of you will be working together as a team. During your sessions, the goal is for you to feel comfortable giving feedback about what is working and what is not working in your sessions. When you express your needs to your therapist then the two of you will discuss the best ways to get those needs met in order to maximize the effectiveness of your sessions.",questionID_933,How would I know if I have the right therapist?,"How do you know you have the right therapist for you?<br> How would I know how to ""train"" my therapist to be able to give me what I need from treatment?",counseling-fundamentals,human,24,0.5801521290824295,1
3,5,"You will get a sense that the therapist ""gets you"" and understands the issues being presented.",577,671,0,0,0,5,"Finding the right therapist for you is very important and can sometimes be tricky. It can sometimes take a number of sessions to get a good sense of whether you and your therapist are the ""right fit.""  The first couple of sessions are generally spent on gathering information, formulating a plan of treatment, and building the client/therapist relationship. The client/therapist relationship will be very different from other relationships you have experienced.  You will know you have found the right therapist when you notice there is a good rapport between the two of you.  You will get a sense that the therapist ""gets you"" and understands the issues being presented. If you feel that you can trust your therapist and feel comfortable opening up and providing feedback during your sessions then you know it is a good fit. In terms of ""how to train your therapist how to give you what you need from treatment"" the therapeutic relationship is collaborative so the two of you will be working together as a team. During your sessions, the goal is for you to feel comfortable giving feedback about what is working and what is not working in your sessions. When you express your needs to your therapist then the two of you will discuss the best ways to get those needs met in order to maximize the effectiveness of your sessions.",questionID_933,How would I know if I have the right therapist?,"How do you know you have the right therapist for you?<br> How would I know how to ""train"" my therapist to be able to give me what I need from treatment?",counseling-fundamentals,human,25,0.3632856130890742,1
3,6,If you feel that you can trust your therapist and feel comfortable opening up and providing feedback during your sessions then you know it is a good fit.,672,825,0,0,0,5,"Finding the right therapist for you is very important and can sometimes be tricky. It can sometimes take a number of sessions to get a good sense of whether you and your therapist are the ""right fit.""  The first couple of sessions are generally spent on gathering information, formulating a plan of treatment, and building the client/therapist relationship. The client/therapist relationship will be very different from other relationships you have experienced.  You will know you have found the right therapist when you notice there is a good rapport between the two of you.  You will get a sense that the therapist ""gets you"" and understands the issues being presented. If you feel that you can trust your therapist and feel comfortable opening up and providing feedback during your sessions then you know it is a good fit. In terms of ""how to train your therapist how to give you what you need from treatment"" the therapeutic relationship is collaborative so the two of you will be working together as a team. During your sessions, the goal is for you to feel comfortable giving feedback about what is working and what is not working in your sessions. When you express your needs to your therapist then the two of you will discuss the best ways to get those needs met in order to maximize the effectiveness of your sessions.",questionID_933,How would I know if I have the right therapist?,"How do you know you have the right therapist for you?<br> How would I know how to ""train"" my therapist to be able to give me what I need from treatment?",counseling-fundamentals,human,26,0.3894930993080598,1
3,7,"In terms of ""how to train your therapist how to give you what you need from treatment"" the therapeutic relationship is collaborative so the two of you will be working together as a team.",826,1012,0,0,0,5,"Finding the right therapist for you is very important and can sometimes be tricky. It can sometimes take a number of sessions to get a good sense of whether you and your therapist are the ""right fit.""  The first couple of sessions are generally spent on gathering information, formulating a plan of treatment, and building the client/therapist relationship. The client/therapist relationship will be very different from other relationships you have experienced.  You will know you have found the right therapist when you notice there is a good rapport between the two of you.  You will get a sense that the therapist ""gets you"" and understands the issues being presented. If you feel that you can trust your therapist and feel comfortable opening up and providing feedback during your sessions then you know it is a good fit. In terms of ""how to train your therapist how to give you what you need from treatment"" the therapeutic relationship is collaborative so the two of you will be working together as a team. During your sessions, the goal is for you to feel comfortable giving feedback about what is working and what is not working in your sessions. When you express your needs to your therapist then the two of you will discuss the best ways to get those needs met in order to maximize the effectiveness of your sessions.",questionID_933,How would I know if I have the right therapist?,"How do you know you have the right therapist for you?<br> How would I know how to ""train"" my therapist to be able to give me what I need from treatment?",counseling-fundamentals,human,27,0.4877648265380228,1
3,8,"During your sessions, the goal is for you to feel comfortable giving feedback about what is working and what is not working in your sessions.",1013,1154,0,0,0,5,"Finding the right therapist for you is very important and can sometimes be tricky. It can sometimes take a number of sessions to get a good sense of whether you and your therapist are the ""right fit.""  The first couple of sessions are generally spent on gathering information, formulating a plan of treatment, and building the client/therapist relationship. The client/therapist relationship will be very different from other relationships you have experienced.  You will know you have found the right therapist when you notice there is a good rapport between the two of you.  You will get a sense that the therapist ""gets you"" and understands the issues being presented. If you feel that you can trust your therapist and feel comfortable opening up and providing feedback during your sessions then you know it is a good fit. In terms of ""how to train your therapist how to give you what you need from treatment"" the therapeutic relationship is collaborative so the two of you will be working together as a team. During your sessions, the goal is for you to feel comfortable giving feedback about what is working and what is not working in your sessions. When you express your needs to your therapist then the two of you will discuss the best ways to get those needs met in order to maximize the effectiveness of your sessions.",questionID_933,How would I know if I have the right therapist?,"How do you know you have the right therapist for you?<br> How would I know how to ""train"" my therapist to be able to give me what I need from treatment?",counseling-fundamentals,human,28,0.29667680050336975,1
3,9,When you express your needs to your therapist then the two of you will discuss the best ways to get those needs met in order to maximize the effectiveness of your sessions.,1155,1327,0,0,0,5,"Finding the right therapist for you is very important and can sometimes be tricky. It can sometimes take a number of sessions to get a good sense of whether you and your therapist are the ""right fit.""  The first couple of sessions are generally spent on gathering information, formulating a plan of treatment, and building the client/therapist relationship. The client/therapist relationship will be very different from other relationships you have experienced.  You will know you have found the right therapist when you notice there is a good rapport between the two of you.  You will get a sense that the therapist ""gets you"" and understands the issues being presented. If you feel that you can trust your therapist and feel comfortable opening up and providing feedback during your sessions then you know it is a good fit. In terms of ""how to train your therapist how to give you what you need from treatment"" the therapeutic relationship is collaborative so the two of you will be working together as a team. During your sessions, the goal is for you to feel comfortable giving feedback about what is working and what is not working in your sessions. When you express your needs to your therapist then the two of you will discuss the best ways to get those needs met in order to maximize the effectiveness of your sessions.",questionID_933,How would I know if I have the right therapist?,"How do you know you have the right therapist for you?<br> How would I know how to ""train"" my therapist to be able to give me what I need from treatment?",counseling-fundamentals,human,29,0.40160858164513563,1
11,0,I know it can be really tough when a loved one is in the hospital and you aren't being told what is going on.,0,109,0,0,0,5,"I know it can be really tough when a loved one is in the hospital and you aren't being told what is going on.In general, both Federal and State confidentiality laws prohibit health care providers from giving out private information about patients to non-family members.Unfortunately, you will probably just have to wait until he is released (or until you can visit him) to find out from him what is going on.",questionID_886,My boyfriend is in the hospital. They won’t tell me what’s wrong and if or when he’s coming back,,legal-regulatory,human,79,0.30974702512656255,1
11,1,"In general, both Federal and State confidentiality laws prohibit health care providers from giving out private information about patients to non-family members.",109,269,0,0,0,5,"I know it can be really tough when a loved one is in the hospital and you aren't being told what is going on.In general, both Federal and State confidentiality laws prohibit health care providers from giving out private information about patients to non-family members.Unfortunately, you will probably just have to wait until he is released (or until you can visit him) to find out from him what is going on.",questionID_886,My boyfriend is in the hospital. They won’t tell me what’s wrong and if or when he’s coming back,,legal-regulatory,human,80,0.09404449832097032,0
11,2,"Unfortunately, you will probably just have to wait until he is released (or until you can visit him) to find out from him what is going on.",269,408,1,1,1,5,"I know it can be really tough when a loved one is in the hospital and you aren't being told what is going on.In general, both Federal and State confidentiality laws prohibit health care providers from giving out private information about patients to non-family members.Unfortunately, you will probably just have to wait until he is released (or until you can visit him) to find out from him what is going on.",questionID_886,My boyfriend is in the hospital. They won’t tell me what’s wrong and if or when he’s coming back,,legal-regulatory,human,81,0.39834818207550127,1
14,0,"Counseling typically ends when the client's goals have been met, they've developed coping skills to manage their challenges, and both the client and counselor agree they're ready to move forward independently; sometimes, other factors like insurance coverage or relocation can also lead to termination, but a good counselor will discuss this process and appropriate referrals with you.",0,385,0,0,0,5,"Counseling typically ends when the client's goals have been met, they've developed coping skills to manage their challenges, and both the client and counselor agree they're ready to move forward independently; sometimes, other factors like insurance coverage or relocation can also lead to termination, but a good counselor will discuss this process and appropriate referrals with you.",questionID_895,How does counseling end?,How does a counselor decide when to end counseling sessions or to terminate working with a client?,professional-ethics,gemini,97,0.16045359002192053,1
15,0,There are typically three reasons why therapy is terminated:1),0,62,0,0,0,5,"There are typically three reasons why therapy is terminated:1) Client has met therapy goals2) Client is not progressing 3) Therapist is not a good fit for clientIn order to properly assess whether therapy is helping and what progress is being made, the therapist needs to have ways of consistently checking in with clients sessions-by-session to determine what is helping, what isn't, and where the client is at in relation to their original therapy goals. When a client has met their goals, that is a good time to end counselling sessions unless the client has new goals or simply wants to check-in periodically to make sure that they are still on track (sometimes referred to as relapse prevention). When a client is not progressing, and feedback has been taken and attempts have been made to make the therapy more helpful for the client but to no avail, than it is considered unethical to continue to work with the client. In these circumstances, referring out to another therapist who may be a better fit is a good idea.",questionID_895,How does counseling end?,How does a counselor decide when to end counseling sessions or to terminate working with a client?,professional-ethics,human,98,0.3150491760694662,1
15,1,Client has met therapy goals2),63,93,0,0,0,5,"There are typically three reasons why therapy is terminated:1) Client has met therapy goals2) Client is not progressing 3) Therapist is not a good fit for clientIn order to properly assess whether therapy is helping and what progress is being made, the therapist needs to have ways of consistently checking in with clients sessions-by-session to determine what is helping, what isn't, and where the client is at in relation to their original therapy goals. When a client has met their goals, that is a good time to end counselling sessions unless the client has new goals or simply wants to check-in periodically to make sure that they are still on track (sometimes referred to as relapse prevention). When a client is not progressing, and feedback has been taken and attempts have been made to make the therapy more helpful for the client but to no avail, than it is considered unethical to continue to work with the client. In these circumstances, referring out to another therapist who may be a better fit is a good idea.",questionID_895,How does counseling end?,How does a counselor decide when to end counseling sessions or to terminate working with a client?,professional-ethics,human,99,0.16641180730199476,1
15,2,"Client is not progressing 3) Therapist is not a good fit for clientIn order to properly assess whether therapy is helping and what progress is being made, the therapist needs to have ways of consistently checking in with clients sessions-by-session to determine what is helping, what isn't, and where the client is at in relation to their original therapy goals.",94,456,0,0,0,5,"There are typically three reasons why therapy is terminated:1) Client has met therapy goals2) Client is not progressing 3) Therapist is not a good fit for clientIn order to properly assess whether therapy is helping and what progress is being made, the therapist needs to have ways of consistently checking in with clients sessions-by-session to determine what is helping, what isn't, and where the client is at in relation to their original therapy goals. When a client has met their goals, that is a good time to end counselling sessions unless the client has new goals or simply wants to check-in periodically to make sure that they are still on track (sometimes referred to as relapse prevention). When a client is not progressing, and feedback has been taken and attempts have been made to make the therapy more helpful for the client but to no avail, than it is considered unethical to continue to work with the client. In these circumstances, referring out to another therapist who may be a better fit is a good idea.",questionID_895,How does counseling end?,How does a counselor decide when to end counseling sessions or to terminate working with a client?,professional-ethics,human,100,0.2595975058764919,1
15,3,"When a client has met their goals, that is a good time to end counselling sessions unless the client has new goals or simply wants to check-in periodically to make sure that they are still on track (sometimes referred to as relapse prevention).",457,701,0,0,0,5,"There are typically three reasons why therapy is terminated:1) Client has met therapy goals2) Client is not progressing 3) Therapist is not a good fit for clientIn order to properly assess whether therapy is helping and what progress is being made, the therapist needs to have ways of consistently checking in with clients sessions-by-session to determine what is helping, what isn't, and where the client is at in relation to their original therapy goals. When a client has met their goals, that is a good time to end counselling sessions unless the client has new goals or simply wants to check-in periodically to make sure that they are still on track (sometimes referred to as relapse prevention). When a client is not progressing, and feedback has been taken and attempts have been made to make the therapy more helpful for the client but to no avail, than it is considered unethical to continue to work with the client. In these circumstances, referring out to another therapist who may be a better fit is a good idea.",questionID_895,How does counseling end?,How does a counselor decide when to end counseling sessions or to terminate working with a client?,professional-ethics,human,101,0.2475940616023651,1
15,4,"When a client is not progressing, and feedback has been taken and attempts have been made to make the therapy more helpful for the client but to no avail, than it is considered unethical to continue to work with the client.",702,925,0,0,0,5,"There are typically three reasons why therapy is terminated:1) Client has met therapy goals2) Client is not progressing 3) Therapist is not a good fit for clientIn order to properly assess whether therapy is helping and what progress is being made, the therapist needs to have ways of consistently checking in with clients sessions-by-session to determine what is helping, what isn't, and where the client is at in relation to their original therapy goals. When a client has met their goals, that is a good time to end counselling sessions unless the client has new goals or simply wants to check-in periodically to make sure that they are still on track (sometimes referred to as relapse prevention). When a client is not progressing, and feedback has been taken and attempts have been made to make the therapy more helpful for the client but to no avail, than it is considered unethical to continue to work with the client. In these circumstances, referring out to another therapist who may be a better fit is a good idea.",questionID_895,How does counseling end?,How does a counselor decide when to end counseling sessions or to terminate working with a client?,professional-ethics,human,102,0.2459612230518713,1
15,5,"In these circumstances, referring out to another therapist who may be a better fit is a good idea.",926,1024,0,0,0,5,"There are typically three reasons why therapy is terminated:1) Client has met therapy goals2) Client is not progressing 3) Therapist is not a good fit for clientIn order to properly assess whether therapy is helping and what progress is being made, the therapist needs to have ways of consistently checking in with clients sessions-by-session to determine what is helping, what isn't, and where the client is at in relation to their original therapy goals. When a client has met their goals, that is a good time to end counselling sessions unless the client has new goals or simply wants to check-in periodically to make sure that they are still on track (sometimes referred to as relapse prevention). When a client is not progressing, and feedback has been taken and attempts have been made to make the therapy more helpful for the client but to no avail, than it is considered unethical to continue to work with the client. In these circumstances, referring out to another therapist who may be a better fit is a good idea.",questionID_895,How does counseling end?,How does a counselor decide when to end counseling sessions or to terminate working with a client?,professional-ethics,human,103,0.28832759980769773,1
24,0,I'm so sorry to hear about the traumatic experiences you've endured.,0,68,0,0,0,5,"I'm so sorry to hear about the traumatic experiences you've endured. Healing from childhood abuse is a journey that requires patience, support, and self-compassion. To start, consider seeking professional help from a therapist who specializes in trauma and abuse. They can help you work through your emotions and develop coping strategies to manage anger and trust issues. 

In the meantime, here are some steps you can take:

1. **Practice self-care**: Engage in activities that bring you comfort and relaxation, such as exercise, meditation, or creative pursuits.
2. **Keep a journal**: Writing down your thoughts and feelings can help you process and release emotions related to the trauma.
3. **Build a support network**: Reach out to trusted friends, family members, or support groups who can provide emotional support and validation.
4. **Learn about trauma and abuse**: Educating yourself on the effects of trauma can help you understand your feelings and behaviors, and empower you to take control of your healing.
5. **Consider therapy modalities**: Techniques like Cognitive-Behavioral Therapy (CBT), Eye Movement Desensitization and Reprocessing (EMDR), or Trauma-Focused CBT may be helpful in addressing your specific needs.

Remember, healing is not about ""fixing"" yourself, but about acknowledging your experiences, working through your emotions, and developing a more compassionate and empowered sense of self. You are not alone, and there is help available. Take things one step at a time, and be gentle with yourself as you navigate this journey.",questionID_451,I endured sexual and physical abuse by my brother as child,Now I have anger and trust issues. How can I treat this and fix myself?,domestic-violence,llama3,161,0.10079716501250587,0
24,1,"Healing from childhood abuse is a journey that requires patience, support, and self-compassion.",69,164,0,0,0,5,"I'm so sorry to hear about the traumatic experiences you've endured. Healing from childhood abuse is a journey that requires patience, support, and self-compassion. To start, consider seeking professional help from a therapist who specializes in trauma and abuse. They can help you work through your emotions and develop coping strategies to manage anger and trust issues. 

In the meantime, here are some steps you can take:

1. **Practice self-care**: Engage in activities that bring you comfort and relaxation, such as exercise, meditation, or creative pursuits.
2. **Keep a journal**: Writing down your thoughts and feelings can help you process and release emotions related to the trauma.
3. **Build a support network**: Reach out to trusted friends, family members, or support groups who can provide emotional support and validation.
4. **Learn about trauma and abuse**: Educating yourself on the effects of trauma can help you understand your feelings and behaviors, and empower you to take control of your healing.
5. **Consider therapy modalities**: Techniques like Cognitive-Behavioral Therapy (CBT), Eye Movement Desensitization and Reprocessing (EMDR), or Trauma-Focused CBT may be helpful in addressing your specific needs.

Remember, healing is not about ""fixing"" yourself, but about acknowledging your experiences, working through your emotions, and developing a more compassionate and empowered sense of self. You are not alone, and there is help available. Take things one step at a time, and be gentle with yourself as you navigate this journey.",questionID_451,I endured sexual and physical abuse by my brother as child,Now I have anger and trust issues. How can I treat this and fix myself?,domestic-violence,llama3,162,0.12338426894667677,0
24,2,"To start, consider seeking professional help from a therapist who specializes in trauma and abuse.",165,263,0,0,0,5,"I'm so sorry to hear about the traumatic experiences you've endured. Healing from childhood abuse is a journey that requires patience, support, and self-compassion. To start, consider seeking professional help from a therapist who specializes in trauma and abuse. They can help you work through your emotions and develop coping strategies to manage anger and trust issues. 

In the meantime, here are some steps you can take:

1. **Practice self-care**: Engage in activities that bring you comfort and relaxation, such as exercise, meditation, or creative pursuits.
2. **Keep a journal**: Writing down your thoughts and feelings can help you process and release emotions related to the trauma.
3. **Build a support network**: Reach out to trusted friends, family members, or support groups who can provide emotional support and validation.
4. **Learn about trauma and abuse**: Educating yourself on the effects of trauma can help you understand your feelings and behaviors, and empower you to take control of your healing.
5. **Consider therapy modalities**: Techniques like Cognitive-Behavioral Therapy (CBT), Eye Movement Desensitization and Reprocessing (EMDR), or Trauma-Focused CBT may be helpful in addressing your specific needs.

Remember, healing is not about ""fixing"" yourself, but about acknowledging your experiences, working through your emotions, and developing a more compassionate and empowered sense of self. You are not alone, and there is help available. Take things one step at a time, and be gentle with yourself as you navigate this journey.",questionID_451,I endured sexual and physical abuse by my brother as child,Now I have anger and trust issues. How can I treat this and fix myself?,domestic-violence,llama3,163,0.06319028805185085,0
24,3,They can help you work through your emotions and develop coping strategies to manage anger and trust issues.,264,372,0,0,0,5,"I'm so sorry to hear about the traumatic experiences you've endured. Healing from childhood abuse is a journey that requires patience, support, and self-compassion. To start, consider seeking professional help from a therapist who specializes in trauma and abuse. They can help you work through your emotions and develop coping strategies to manage anger and trust issues. 

In the meantime, here are some steps you can take:

1. **Practice self-care**: Engage in activities that bring you comfort and relaxation, such as exercise, meditation, or creative pursuits.
2. **Keep a journal**: Writing down your thoughts and feelings can help you process and release emotions related to the trauma.
3. **Build a support network**: Reach out to trusted friends, family members, or support groups who can provide emotional support and validation.
4. **Learn about trauma and abuse**: Educating yourself on the effects of trauma can help you understand your feelings and behaviors, and empower you to take control of your healing.
5. **Consider therapy modalities**: Techniques like Cognitive-Behavioral Therapy (CBT), Eye Movement Desensitization and Reprocessing (EMDR), or Trauma-Focused CBT may be helpful in addressing your specific needs.

Remember, healing is not about ""fixing"" yourself, but about acknowledging your experiences, working through your emotions, and developing a more compassionate and empowered sense of self. You are not alone, and there is help available. Take things one step at a time, and be gentle with yourself as you navigate this journey.",questionID_451,I endured sexual and physical abuse by my brother as child,Now I have anger and trust issues. How can I treat this and fix myself?,domestic-violence,llama3,164,0.07434854375025196,0
24,4,"In the meantime, here are some steps you can take:

1.",375,429,0,0,0,5,"I'm so sorry to hear about the traumatic experiences you've endured. Healing from childhood abuse is a journey that requires patience, support, and self-compassion. To start, consider seeking professional help from a therapist who specializes in trauma and abuse. They can help you work through your emotions and develop coping strategies to manage anger and trust issues. 

In the meantime, here are some steps you can take:

1. **Practice self-care**: Engage in activities that bring you comfort and relaxation, such as exercise, meditation, or creative pursuits.
2. **Keep a journal**: Writing down your thoughts and feelings can help you process and release emotions related to the trauma.
3. **Build a support network**: Reach out to trusted friends, family members, or support groups who can provide emotional support and validation.
4. **Learn about trauma and abuse**: Educating yourself on the effects of trauma can help you understand your feelings and behaviors, and empower you to take control of your healing.
5. **Consider therapy modalities**: Techniques like Cognitive-Behavioral Therapy (CBT), Eye Movement Desensitization and Reprocessing (EMDR), or Trauma-Focused CBT may be helpful in addressing your specific needs.

Remember, healing is not about ""fixing"" yourself, but about acknowledging your experiences, working through your emotions, and developing a more compassionate and empowered sense of self. You are not alone, and there is help available. Take things one step at a time, and be gentle with yourself as you navigate this journey.",questionID_451,I endured sexual and physical abuse by my brother as child,Now I have anger and trust issues. How can I treat this and fix myself?,domestic-violence,llama3,165,0.25440182161316877,1
24,5,"**Practice self-care**: Engage in activities that bring you comfort and relaxation, such as exercise, meditation, or creative pursuits.",430,565,0,0,0,5,"I'm so sorry to hear about the traumatic experiences you've endured. Healing from childhood abuse is a journey that requires patience, support, and self-compassion. To start, consider seeking professional help from a therapist who specializes in trauma and abuse. They can help you work through your emotions and develop coping strategies to manage anger and trust issues. 

In the meantime, here are some steps you can take:

1. **Practice self-care**: Engage in activities that bring you comfort and relaxation, such as exercise, meditation, or creative pursuits.
2. **Keep a journal**: Writing down your thoughts and feelings can help you process and release emotions related to the trauma.
3. **Build a support network**: Reach out to trusted friends, family members, or support groups who can provide emotional support and validation.
4. **Learn about trauma and abuse**: Educating yourself on the effects of trauma can help you understand your feelings and behaviors, and empower you to take control of your healing.
5. **Consider therapy modalities**: Techniques like Cognitive-Behavioral Therapy (CBT), Eye Movement Desensitization and Reprocessing (EMDR), or Trauma-Focused CBT may be helpful in addressing your specific needs.

Remember, healing is not about ""fixing"" yourself, but about acknowledging your experiences, working through your emotions, and developing a more compassionate and empowered sense of self. You are not alone, and there is help available. Take things one step at a time, and be gentle with yourself as you navigate this journey.",questionID_451,I endured sexual and physical abuse by my brother as child,Now I have anger and trust issues. How can I treat this and fix myself?,domestic-violence,llama3,166,0.06136079691634044,0
24,6,2. **Keep a journal**: Writing down your thoughts and feelings can help you process and release emotions related to the trauma.,566,693,0,0,0,5,"I'm so sorry to hear about the traumatic experiences you've endured. Healing from childhood abuse is a journey that requires patience, support, and self-compassion. To start, consider seeking professional help from a therapist who specializes in trauma and abuse. They can help you work through your emotions and develop coping strategies to manage anger and trust issues. 

In the meantime, here are some steps you can take:

1. **Practice self-care**: Engage in activities that bring you comfort and relaxation, such as exercise, meditation, or creative pursuits.
2. **Keep a journal**: Writing down your thoughts and feelings can help you process and release emotions related to the trauma.
3. **Build a support network**: Reach out to trusted friends, family members, or support groups who can provide emotional support and validation.
4. **Learn about trauma and abuse**: Educating yourself on the effects of trauma can help you understand your feelings and behaviors, and empower you to take control of your healing.
5. **Consider therapy modalities**: Techniques like Cognitive-Behavioral Therapy (CBT), Eye Movement Desensitization and Reprocessing (EMDR), or Trauma-Focused CBT may be helpful in addressing your specific needs.

Remember, healing is not about ""fixing"" yourself, but about acknowledging your experiences, working through your emotions, and developing a more compassionate and empowered sense of self. You are not alone, and there is help available. Take things one step at a time, and be gentle with yourself as you navigate this journey.",questionID_451,I endured sexual and physical abuse by my brother as child,Now I have anger and trust issues. How can I treat this and fix myself?,domestic-violence,llama3,167,0.12291841579951857,0
24,7,"3. **Build a support network**: Reach out to trusted friends, family members, or support groups who can provide emotional support and validation.",694,839,0,0,0,5,"I'm so sorry to hear about the traumatic experiences you've endured. Healing from childhood abuse is a journey that requires patience, support, and self-compassion. To start, consider seeking professional help from a therapist who specializes in trauma and abuse. They can help you work through your emotions and develop coping strategies to manage anger and trust issues. 

In the meantime, here are some steps you can take:

1. **Practice self-care**: Engage in activities that bring you comfort and relaxation, such as exercise, meditation, or creative pursuits.
2. **Keep a journal**: Writing down your thoughts and feelings can help you process and release emotions related to the trauma.
3. **Build a support network**: Reach out to trusted friends, family members, or support groups who can provide emotional support and validation.
4. **Learn about trauma and abuse**: Educating yourself on the effects of trauma can help you understand your feelings and behaviors, and empower you to take control of your healing.
5. **Consider therapy modalities**: Techniques like Cognitive-Behavioral Therapy (CBT), Eye Movement Desensitization and Reprocessing (EMDR), or Trauma-Focused CBT may be helpful in addressing your specific needs.

Remember, healing is not about ""fixing"" yourself, but about acknowledging your experiences, working through your emotions, and developing a more compassionate and empowered sense of self. You are not alone, and there is help available. Take things one step at a time, and be gentle with yourself as you navigate this journey.",questionID_451,I endured sexual and physical abuse by my brother as child,Now I have anger and trust issues. How can I treat this and fix myself?,domestic-violence,llama3,168,0.05004364031278497,0
24,8,"4. **Learn about trauma and abuse**: Educating yourself on the effects of trauma can help you understand your feelings and behaviors, and empower you to take control of your healing.",840,1022,0,0,0,5,"I'm so sorry to hear about the traumatic experiences you've endured. Healing from childhood abuse is a journey that requires patience, support, and self-compassion. To start, consider seeking professional help from a therapist who specializes in trauma and abuse. They can help you work through your emotions and develop coping strategies to manage anger and trust issues. 

In the meantime, here are some steps you can take:

1. **Practice self-care**: Engage in activities that bring you comfort and relaxation, such as exercise, meditation, or creative pursuits.
2. **Keep a journal**: Writing down your thoughts and feelings can help you process and release emotions related to the trauma.
3. **Build a support network**: Reach out to trusted friends, family members, or support groups who can provide emotional support and validation.
4. **Learn about trauma and abuse**: Educating yourself on the effects of trauma can help you understand your feelings and behaviors, and empower you to take control of your healing.
5. **Consider therapy modalities**: Techniques like Cognitive-Behavioral Therapy (CBT), Eye Movement Desensitization and Reprocessing (EMDR), or Trauma-Focused CBT may be helpful in addressing your specific needs.

Remember, healing is not about ""fixing"" yourself, but about acknowledging your experiences, working through your emotions, and developing a more compassionate and empowered sense of self. You are not alone, and there is help available. Take things one step at a time, and be gentle with yourself as you navigate this journey.",questionID_451,I endured sexual and physical abuse by my brother as child,Now I have anger and trust issues. How can I treat this and fix myself?,domestic-violence,llama3,169,0.16086544074410655,1
24,9,"5. **Consider therapy modalities**: Techniques like Cognitive-Behavioral Therapy (CBT), Eye Movement Desensitization and Reprocessing (EMDR), or Trauma-Focused CBT may be helpful in addressing your specific needs.",1023,1236,0,0,0,5,"I'm so sorry to hear about the traumatic experiences you've endured. Healing from childhood abuse is a journey that requires patience, support, and self-compassion. To start, consider seeking professional help from a therapist who specializes in trauma and abuse. They can help you work through your emotions and develop coping strategies to manage anger and trust issues. 

In the meantime, here are some steps you can take:

1. **Practice self-care**: Engage in activities that bring you comfort and relaxation, such as exercise, meditation, or creative pursuits.
2. **Keep a journal**: Writing down your thoughts and feelings can help you process and release emotions related to the trauma.
3. **Build a support network**: Reach out to trusted friends, family members, or support groups who can provide emotional support and validation.
4. **Learn about trauma and abuse**: Educating yourself on the effects of trauma can help you understand your feelings and behaviors, and empower you to take control of your healing.
5. **Consider therapy modalities**: Techniques like Cognitive-Behavioral Therapy (CBT), Eye Movement Desensitization and Reprocessing (EMDR), or Trauma-Focused CBT may be helpful in addressing your specific needs.

Remember, healing is not about ""fixing"" yourself, but about acknowledging your experiences, working through your emotions, and developing a more compassionate and empowered sense of self. You are not alone, and there is help available. Take things one step at a time, and be gentle with yourself as you navigate this journey.",questionID_451,I endured sexual and physical abuse by my brother as child,Now I have anger and trust issues. How can I treat this and fix myself?,domestic-violence,llama3,170,0.08402390576310799,0
24,10,"Remember, healing is not about ""fixing"" yourself, but about acknowledging your experiences, working through your emotions, and developing a more compassionate and empowered sense of self.",1238,1425,0,0,0,5,"I'm so sorry to hear about the traumatic experiences you've endured. Healing from childhood abuse is a journey that requires patience, support, and self-compassion. To start, consider seeking professional help from a therapist who specializes in trauma and abuse. They can help you work through your emotions and develop coping strategies to manage anger and trust issues. 

In the meantime, here are some steps you can take:

1. **Practice self-care**: Engage in activities that bring you comfort and relaxation, such as exercise, meditation, or creative pursuits.
2. **Keep a journal**: Writing down your thoughts and feelings can help you process and release emotions related to the trauma.
3. **Build a support network**: Reach out to trusted friends, family members, or support groups who can provide emotional support and validation.
4. **Learn about trauma and abuse**: Educating yourself on the effects of trauma can help you understand your feelings and behaviors, and empower you to take control of your healing.
5. **Consider therapy modalities**: Techniques like Cognitive-Behavioral Therapy (CBT), Eye Movement Desensitization and Reprocessing (EMDR), or Trauma-Focused CBT may be helpful in addressing your specific needs.

Remember, healing is not about ""fixing"" yourself, but about acknowledging your experiences, working through your emotions, and developing a more compassionate and empowered sense of self. You are not alone, and there is help available. Take things one step at a time, and be gentle with yourself as you navigate this journey.",questionID_451,I endured sexual and physical abuse by my brother as child,Now I have anger and trust issues. How can I treat this and fix myself?,domestic-violence,llama3,171,0.08997933687998326,0
24,11,"You are not alone, and there is help available.",1426,1473,0,0,0,5,"I'm so sorry to hear about the traumatic experiences you've endured. Healing from childhood abuse is a journey that requires patience, support, and self-compassion. To start, consider seeking professional help from a therapist who specializes in trauma and abuse. They can help you work through your emotions and develop coping strategies to manage anger and trust issues. 

In the meantime, here are some steps you can take:

1. **Practice self-care**: Engage in activities that bring you comfort and relaxation, such as exercise, meditation, or creative pursuits.
2. **Keep a journal**: Writing down your thoughts and feelings can help you process and release emotions related to the trauma.
3. **Build a support network**: Reach out to trusted friends, family members, or support groups who can provide emotional support and validation.
4. **Learn about trauma and abuse**: Educating yourself on the effects of trauma can help you understand your feelings and behaviors, and empower you to take control of your healing.
5. **Consider therapy modalities**: Techniques like Cognitive-Behavioral Therapy (CBT), Eye Movement Desensitization and Reprocessing (EMDR), or Trauma-Focused CBT may be helpful in addressing your specific needs.

Remember, healing is not about ""fixing"" yourself, but about acknowledging your experiences, working through your emotions, and developing a more compassionate and empowered sense of self. You are not alone, and there is help available. Take things one step at a time, and be gentle with yourself as you navigate this journey.",questionID_451,I endured sexual and physical abuse by my brother as child,Now I have anger and trust issues. How can I treat this and fix myself?,domestic-violence,llama3,172,0.24206036893056695,1
24,12,"Take things one step at a time, and be gentle with yourself as you navigate this journey.",1474,1563,0,0,0,5,"I'm so sorry to hear about the traumatic experiences you've endured. Healing from childhood abuse is a journey that requires patience, support, and self-compassion. To start, consider seeking professional help from a therapist who specializes in trauma and abuse. They can help you work through your emotions and develop coping strategies to manage anger and trust issues. 

In the meantime, here are some steps you can take:

1. **Practice self-care**: Engage in activities that bring you comfort and relaxation, such as exercise, meditation, or creative pursuits.
2. **Keep a journal**: Writing down your thoughts and feelings can help you process and release emotions related to the trauma.
3. **Build a support network**: Reach out to trusted friends, family members, or support groups who can provide emotional support and validation.
4. **Learn about trauma and abuse**: Educating yourself on the effects of trauma can help you understand your feelings and behaviors, and empower you to take control of your healing.
5. **Consider therapy modalities**: Techniques like Cognitive-Behavioral Therapy (CBT), Eye Movement Desensitization and Reprocessing (EMDR), or Trauma-Focused CBT may be helpful in addressing your specific needs.

Remember, healing is not about ""fixing"" yourself, but about acknowledging your experiences, working through your emotions, and developing a more compassionate and empowered sense of self. You are not alone, and there is help available. Take things one step at a time, and be gentle with yourself as you navigate this journey.",questionID_451,I endured sexual and physical abuse by my brother as child,Now I have anger and trust issues. How can I treat this and fix myself?,domestic-violence,llama3,173,0.16550143764038272,1
49,0,"While the sentiment is kind, gifting alcohol to a counselor, even after the holidays, is generally not recommended due to professional boundaries and ethical considerations.",0,173,0,0,0,5,"While the sentiment is kind, gifting alcohol to a counselor, even after the holidays, is generally not recommended due to professional boundaries and ethical considerations. A thoughtful card expressing your gratitude for their support would be a wonderful alternative.",questionID_898,Is it appropriate to give my counselor a bottle of wine for Christmas?,"I am an international student, and it is my first semester in graduate school in the United States. I faced a cultural shock, and I was so depressed when I arrived here. My counselor in the university was my savior. He helped me a great deal. Now I am going back to my country for a vacation. I was thinking to get him something special with my country's name on it, and I remembered that he likes wine. My country is known for that. Is it appropriate to give him wine as a gift after Christmas?",professional-ethics,gemini,367,0.19090263391928516,1
49,1,A thoughtful card expressing your gratitude for their support would be a wonderful alternative.,174,269,1,1,1,5,"While the sentiment is kind, gifting alcohol to a counselor, even after the holidays, is generally not recommended due to professional boundaries and ethical considerations. A thoughtful card expressing your gratitude for their support would be a wonderful alternative.",questionID_898,Is it appropriate to give my counselor a bottle of wine for Christmas?,"I am an international student, and it is my first semester in graduate school in the United States. I faced a cultural shock, and I was so depressed when I arrived here. My counselor in the university was my savior. He helped me a great deal. Now I am going back to my country for a vacation. I was thinking to get him something special with my country's name on it, and I remembered that he likes wine. My country is known for that. Is it appropriate to give him wine as a gift after Christmas?",professional-ethics,gemini,368,0.17996619231600142,1
71,0,"Generally, no, past therapists cannot disclose information to your current therapist without your explicit, written consent.",0,124,0,0,0,5,"Generally, no, past therapists cannot disclose information to your current therapist without your explicit, written consent.",questionID_884,Can a past therapist disclose information to a current therapist that you are seeing?,,legal-regulatory,gemini,523,0.138271687970799,0
80,0,"Typically, a therapist cannot force a client to receive any treatment they do not want.",0,87,1,1,1,5,"Typically, a therapist cannot force a client to receive any treatment they do not want.  In the end, it is the clients who get to decide what type of treatment they want.If a therapist believes that their client is in imminent danger of harm however, the therapist might have an obligation to take actions to protect their client.  In such a case, the therapist would need to discuss the options with the client, and come up with a plan to best protect the client.In a situiaon like this, it would probably be a good idea to talk to the therapist about the possilbe positvies and negatives of the treatmetn center.  A good therpist will be happy to have that conversation with you and allow you to make the final decisions about your own treatment.",questionID_708,Can a therapist have a client admitted to an eating disorder treatment center if the client does not want to go?,,eating-disorders,human,579,0.14656525151027935,0
80,1,"In the end, it is the clients who get to decide what type of treatment they want.",89,170,1,1,1,5,"Typically, a therapist cannot force a client to receive any treatment they do not want.  In the end, it is the clients who get to decide what type of treatment they want.If a therapist believes that their client is in imminent danger of harm however, the therapist might have an obligation to take actions to protect their client.  In such a case, the therapist would need to discuss the options with the client, and come up with a plan to best protect the client.In a situiaon like this, it would probably be a good idea to talk to the therapist about the possilbe positvies and negatives of the treatmetn center.  A good therpist will be happy to have that conversation with you and allow you to make the final decisions about your own treatment.",questionID_708,Can a therapist have a client admitted to an eating disorder treatment center if the client does not want to go?,,eating-disorders,human,580,0.25931928306565855,1
80,2,"If a therapist believes that their client is in imminent danger of harm however, the therapist might have an obligation to take actions to protect their client.",170,330,1,1,1,5,"Typically, a therapist cannot force a client to receive any treatment they do not want.  In the end, it is the clients who get to decide what type of treatment they want.If a therapist believes that their client is in imminent danger of harm however, the therapist might have an obligation to take actions to protect their client.  In such a case, the therapist would need to discuss the options with the client, and come up with a plan to best protect the client.In a situiaon like this, it would probably be a good idea to talk to the therapist about the possilbe positvies and negatives of the treatmetn center.  A good therpist will be happy to have that conversation with you and allow you to make the final decisions about your own treatment.",questionID_708,Can a therapist have a client admitted to an eating disorder treatment center if the client does not want to go?,,eating-disorders,human,581,0.22272633095401714,1
80,3,"In such a case, the therapist would need to discuss the options with the client, and come up with a plan to best protect the client.",332,464,1,1,1,5,"Typically, a therapist cannot force a client to receive any treatment they do not want.  In the end, it is the clients who get to decide what type of treatment they want.If a therapist believes that their client is in imminent danger of harm however, the therapist might have an obligation to take actions to protect their client.  In such a case, the therapist would need to discuss the options with the client, and come up with a plan to best protect the client.In a situiaon like this, it would probably be a good idea to talk to the therapist about the possilbe positvies and negatives of the treatmetn center.  A good therpist will be happy to have that conversation with you and allow you to make the final decisions about your own treatment.",questionID_708,Can a therapist have a client admitted to an eating disorder treatment center if the client does not want to go?,,eating-disorders,human,582,0.25701191672802837,1
80,4,"In a situiaon like this, it would probably be a good idea to talk to the therapist about the possilbe positvies and negatives of the treatmetn center.",464,614,1,1,1,5,"Typically, a therapist cannot force a client to receive any treatment they do not want.  In the end, it is the clients who get to decide what type of treatment they want.If a therapist believes that their client is in imminent danger of harm however, the therapist might have an obligation to take actions to protect their client.  In such a case, the therapist would need to discuss the options with the client, and come up with a plan to best protect the client.In a situiaon like this, it would probably be a good idea to talk to the therapist about the possilbe positvies and negatives of the treatmetn center.  A good therpist will be happy to have that conversation with you and allow you to make the final decisions about your own treatment.",questionID_708,Can a therapist have a client admitted to an eating disorder treatment center if the client does not want to go?,,eating-disorders,human,583,0.36185163639970375,1
80,5,A good therpist will be happy to have that conversation with you and allow you to make the final decisions about your own treatment.,616,748,1,1,1,5,"Typically, a therapist cannot force a client to receive any treatment they do not want.  In the end, it is the clients who get to decide what type of treatment they want.If a therapist believes that their client is in imminent danger of harm however, the therapist might have an obligation to take actions to protect their client.  In such a case, the therapist would need to discuss the options with the client, and come up with a plan to best protect the client.In a situiaon like this, it would probably be a good idea to talk to the therapist about the possilbe positvies and negatives of the treatmetn center.  A good therpist will be happy to have that conversation with you and allow you to make the final decisions about your own treatment.",questionID_708,Can a therapist have a client admitted to an eating disorder treatment center if the client does not want to go?,,eating-disorders,human,584,0.3590998736147489,1
90,0,I can sense the complexity and emotional weight of your situation.,0,66,0,0,0,5,"I can sense the complexity and emotional weight of your situation. It's understandable that you want to move on while also considering the well-being of your child. First and foremost, prioritize your child's emotional needs and maintain a consistent, loving relationship. 

Research suggests that children benefit from having a positive relationship with both parents, even if the parents are no longer together. It's essential to establish a co-parenting arrangement that allows for regular contact and communication with your child. This can help your child feel secure, loved, and supported.

Rather than limiting your interactions with your child, consider aiming for a balanced and predictable schedule. This could include regular visits, phone calls, or video chats. Consistency and reliability are key to helping your child feel safe and adjusted to the new family dynamics.

It's also crucial to set clear boundaries with your ex-wife to prevent your child from being used as a pawn in your conflicts. You may want to consider seeking the help of a co-parenting counselor or mediator to establish a collaborative and respectful co-parenting plan.

Remember, moving on doesn't mean cutting ties with your child or minimizing your role in their life. Instead, focus on creating a new, healthy dynamic that allows you to nurture your relationship with your child while also prioritizing your own emotional well-being. By doing so, you can help your child develop a positive sense of identity and resilience, even in the face of challenging family circumstances.",questionID_250,How should I handle the child I had with my ex-wife?,"My ex-wife married and used me to have a child. She now uses that child as a pawn. I know my child misses me, but I need to move on and not live in the past. How do I do this? Do I see my child as much as possible or very little? Is it more confusing for the child?",parenting,llama3,684,0.1159887125557385,0
90,1,It's understandable that you want to move on while also considering the well-being of your child.,67,164,0,0,0,5,"I can sense the complexity and emotional weight of your situation. It's understandable that you want to move on while also considering the well-being of your child. First and foremost, prioritize your child's emotional needs and maintain a consistent, loving relationship. 

Research suggests that children benefit from having a positive relationship with both parents, even if the parents are no longer together. It's essential to establish a co-parenting arrangement that allows for regular contact and communication with your child. This can help your child feel secure, loved, and supported.

Rather than limiting your interactions with your child, consider aiming for a balanced and predictable schedule. This could include regular visits, phone calls, or video chats. Consistency and reliability are key to helping your child feel safe and adjusted to the new family dynamics.

It's also crucial to set clear boundaries with your ex-wife to prevent your child from being used as a pawn in your conflicts. You may want to consider seeking the help of a co-parenting counselor or mediator to establish a collaborative and respectful co-parenting plan.

Remember, moving on doesn't mean cutting ties with your child or minimizing your role in their life. Instead, focus on creating a new, healthy dynamic that allows you to nurture your relationship with your child while also prioritizing your own emotional well-being. By doing so, you can help your child develop a positive sense of identity and resilience, even in the face of challenging family circumstances.",questionID_250,How should I handle the child I had with my ex-wife?,"My ex-wife married and used me to have a child. She now uses that child as a pawn. I know my child misses me, but I need to move on and not live in the past. How do I do this? Do I see my child as much as possible or very little? Is it more confusing for the child?",parenting,llama3,685,0.21250183419936083,1
90,2,"First and foremost, prioritize your child's emotional needs and maintain a consistent, loving relationship.",165,272,0,0,0,5,"I can sense the complexity and emotional weight of your situation. It's understandable that you want to move on while also considering the well-being of your child. First and foremost, prioritize your child's emotional needs and maintain a consistent, loving relationship. 

Research suggests that children benefit from having a positive relationship with both parents, even if the parents are no longer together. It's essential to establish a co-parenting arrangement that allows for regular contact and communication with your child. This can help your child feel secure, loved, and supported.

Rather than limiting your interactions with your child, consider aiming for a balanced and predictable schedule. This could include regular visits, phone calls, or video chats. Consistency and reliability are key to helping your child feel safe and adjusted to the new family dynamics.

It's also crucial to set clear boundaries with your ex-wife to prevent your child from being used as a pawn in your conflicts. You may want to consider seeking the help of a co-parenting counselor or mediator to establish a collaborative and respectful co-parenting plan.

Remember, moving on doesn't mean cutting ties with your child or minimizing your role in their life. Instead, focus on creating a new, healthy dynamic that allows you to nurture your relationship with your child while also prioritizing your own emotional well-being. By doing so, you can help your child develop a positive sense of identity and resilience, even in the face of challenging family circumstances.",questionID_250,How should I handle the child I had with my ex-wife?,"My ex-wife married and used me to have a child. She now uses that child as a pawn. I know my child misses me, but I need to move on and not live in the past. How do I do this? Do I see my child as much as possible or very little? Is it more confusing for the child?",parenting,llama3,686,0.10767703894128981,0
90,3,"Research suggests that children benefit from having a positive relationship with both parents, even if the parents are no longer together.",275,413,0,0,0,5,"I can sense the complexity and emotional weight of your situation. It's understandable that you want to move on while also considering the well-being of your child. First and foremost, prioritize your child's emotional needs and maintain a consistent, loving relationship. 

Research suggests that children benefit from having a positive relationship with both parents, even if the parents are no longer together. It's essential to establish a co-parenting arrangement that allows for regular contact and communication with your child. This can help your child feel secure, loved, and supported.

Rather than limiting your interactions with your child, consider aiming for a balanced and predictable schedule. This could include regular visits, phone calls, or video chats. Consistency and reliability are key to helping your child feel safe and adjusted to the new family dynamics.

It's also crucial to set clear boundaries with your ex-wife to prevent your child from being used as a pawn in your conflicts. You may want to consider seeking the help of a co-parenting counselor or mediator to establish a collaborative and respectful co-parenting plan.

Remember, moving on doesn't mean cutting ties with your child or minimizing your role in their life. Instead, focus on creating a new, healthy dynamic that allows you to nurture your relationship with your child while also prioritizing your own emotional well-being. By doing so, you can help your child develop a positive sense of identity and resilience, even in the face of challenging family circumstances.",questionID_250,How should I handle the child I had with my ex-wife?,"My ex-wife married and used me to have a child. She now uses that child as a pawn. I know my child misses me, but I need to move on and not live in the past. How do I do this? Do I see my child as much as possible or very little? Is it more confusing for the child?",parenting,llama3,687,0.45314244632109535,1
90,4,It's essential to establish a co-parenting arrangement that allows for regular contact and communication with your child.,414,535,0,0,0,5,"I can sense the complexity and emotional weight of your situation. It's understandable that you want to move on while also considering the well-being of your child. First and foremost, prioritize your child's emotional needs and maintain a consistent, loving relationship. 

Research suggests that children benefit from having a positive relationship with both parents, even if the parents are no longer together. It's essential to establish a co-parenting arrangement that allows for regular contact and communication with your child. This can help your child feel secure, loved, and supported.

Rather than limiting your interactions with your child, consider aiming for a balanced and predictable schedule. This could include regular visits, phone calls, or video chats. Consistency and reliability are key to helping your child feel safe and adjusted to the new family dynamics.

It's also crucial to set clear boundaries with your ex-wife to prevent your child from being used as a pawn in your conflicts. You may want to consider seeking the help of a co-parenting counselor or mediator to establish a collaborative and respectful co-parenting plan.

Remember, moving on doesn't mean cutting ties with your child or minimizing your role in their life. Instead, focus on creating a new, healthy dynamic that allows you to nurture your relationship with your child while also prioritizing your own emotional well-being. By doing so, you can help your child develop a positive sense of identity and resilience, even in the face of challenging family circumstances.",questionID_250,How should I handle the child I had with my ex-wife?,"My ex-wife married and used me to have a child. She now uses that child as a pawn. I know my child misses me, but I need to move on and not live in the past. How do I do this? Do I see my child as much as possible or very little? Is it more confusing for the child?",parenting,llama3,688,0.16622610396681234,1
90,5,"This can help your child feel secure, loved, and supported.",536,595,0,0,0,5,"I can sense the complexity and emotional weight of your situation. It's understandable that you want to move on while also considering the well-being of your child. First and foremost, prioritize your child's emotional needs and maintain a consistent, loving relationship. 

Research suggests that children benefit from having a positive relationship with both parents, even if the parents are no longer together. It's essential to establish a co-parenting arrangement that allows for regular contact and communication with your child. This can help your child feel secure, loved, and supported.

Rather than limiting your interactions with your child, consider aiming for a balanced and predictable schedule. This could include regular visits, phone calls, or video chats. Consistency and reliability are key to helping your child feel safe and adjusted to the new family dynamics.

It's also crucial to set clear boundaries with your ex-wife to prevent your child from being used as a pawn in your conflicts. You may want to consider seeking the help of a co-parenting counselor or mediator to establish a collaborative and respectful co-parenting plan.

Remember, moving on doesn't mean cutting ties with your child or minimizing your role in their life. Instead, focus on creating a new, healthy dynamic that allows you to nurture your relationship with your child while also prioritizing your own emotional well-being. By doing so, you can help your child develop a positive sense of identity and resilience, even in the face of challenging family circumstances.",questionID_250,How should I handle the child I had with my ex-wife?,"My ex-wife married and used me to have a child. She now uses that child as a pawn. I know my child misses me, but I need to move on and not live in the past. How do I do this? Do I see my child as much as possible or very little? Is it more confusing for the child?",parenting,llama3,689,0.1558631637275023,1
90,6,"Rather than limiting your interactions with your child, consider aiming for a balanced and predictable schedule.",597,709,0,0,0,5,"I can sense the complexity and emotional weight of your situation. It's understandable that you want to move on while also considering the well-being of your child. First and foremost, prioritize your child's emotional needs and maintain a consistent, loving relationship. 

Research suggests that children benefit from having a positive relationship with both parents, even if the parents are no longer together. It's essential to establish a co-parenting arrangement that allows for regular contact and communication with your child. This can help your child feel secure, loved, and supported.

Rather than limiting your interactions with your child, consider aiming for a balanced and predictable schedule. This could include regular visits, phone calls, or video chats. Consistency and reliability are key to helping your child feel safe and adjusted to the new family dynamics.

It's also crucial to set clear boundaries with your ex-wife to prevent your child from being used as a pawn in your conflicts. You may want to consider seeking the help of a co-parenting counselor or mediator to establish a collaborative and respectful co-parenting plan.

Remember, moving on doesn't mean cutting ties with your child or minimizing your role in their life. Instead, focus on creating a new, healthy dynamic that allows you to nurture your relationship with your child while also prioritizing your own emotional well-being. By doing so, you can help your child develop a positive sense of identity and resilience, even in the face of challenging family circumstances.",questionID_250,How should I handle the child I had with my ex-wife?,"My ex-wife married and used me to have a child. She now uses that child as a pawn. I know my child misses me, but I need to move on and not live in the past. How do I do this? Do I see my child as much as possible or very little? Is it more confusing for the child?",parenting,llama3,690,0.24771022351873442,1
90,7,"This could include regular visits, phone calls, or video chats.",710,773,0,0,0,5,"I can sense the complexity and emotional weight of your situation. It's understandable that you want to move on while also considering the well-being of your child. First and foremost, prioritize your child's emotional needs and maintain a consistent, loving relationship. 

Research suggests that children benefit from having a positive relationship with both parents, even if the parents are no longer together. It's essential to establish a co-parenting arrangement that allows for regular contact and communication with your child. This can help your child feel secure, loved, and supported.

Rather than limiting your interactions with your child, consider aiming for a balanced and predictable schedule. This could include regular visits, phone calls, or video chats. Consistency and reliability are key to helping your child feel safe and adjusted to the new family dynamics.

It's also crucial to set clear boundaries with your ex-wife to prevent your child from being used as a pawn in your conflicts. You may want to consider seeking the help of a co-parenting counselor or mediator to establish a collaborative and respectful co-parenting plan.

Remember, moving on doesn't mean cutting ties with your child or minimizing your role in their life. Instead, focus on creating a new, healthy dynamic that allows you to nurture your relationship with your child while also prioritizing your own emotional well-being. By doing so, you can help your child develop a positive sense of identity and resilience, even in the face of challenging family circumstances.",questionID_250,How should I handle the child I had with my ex-wife?,"My ex-wife married and used me to have a child. She now uses that child as a pawn. I know my child misses me, but I need to move on and not live in the past. How do I do this? Do I see my child as much as possible or very little? Is it more confusing for the child?",parenting,llama3,691,0.1647406308670218,1
90,8,Consistency and reliability are key to helping your child feel safe and adjusted to the new family dynamics.,774,882,0,0,0,5,"I can sense the complexity and emotional weight of your situation. It's understandable that you want to move on while also considering the well-being of your child. First and foremost, prioritize your child's emotional needs and maintain a consistent, loving relationship. 

Research suggests that children benefit from having a positive relationship with both parents, even if the parents are no longer together. It's essential to establish a co-parenting arrangement that allows for regular contact and communication with your child. This can help your child feel secure, loved, and supported.

Rather than limiting your interactions with your child, consider aiming for a balanced and predictable schedule. This could include regular visits, phone calls, or video chats. Consistency and reliability are key to helping your child feel safe and adjusted to the new family dynamics.

It's also crucial to set clear boundaries with your ex-wife to prevent your child from being used as a pawn in your conflicts. You may want to consider seeking the help of a co-parenting counselor or mediator to establish a collaborative and respectful co-parenting plan.

Remember, moving on doesn't mean cutting ties with your child or minimizing your role in their life. Instead, focus on creating a new, healthy dynamic that allows you to nurture your relationship with your child while also prioritizing your own emotional well-being. By doing so, you can help your child develop a positive sense of identity and resilience, even in the face of challenging family circumstances.",questionID_250,How should I handle the child I had with my ex-wife?,"My ex-wife married and used me to have a child. She now uses that child as a pawn. I know my child misses me, but I need to move on and not live in the past. How do I do this? Do I see my child as much as possible or very little? Is it more confusing for the child?",parenting,llama3,692,0.22711989000421806,1
90,9,It's also crucial to set clear boundaries with your ex-wife to prevent your child from being used as a pawn in your conflicts.,884,1010,0,0,0,5,"I can sense the complexity and emotional weight of your situation. It's understandable that you want to move on while also considering the well-being of your child. First and foremost, prioritize your child's emotional needs and maintain a consistent, loving relationship. 

Research suggests that children benefit from having a positive relationship with both parents, even if the parents are no longer together. It's essential to establish a co-parenting arrangement that allows for regular contact and communication with your child. This can help your child feel secure, loved, and supported.

Rather than limiting your interactions with your child, consider aiming for a balanced and predictable schedule. This could include regular visits, phone calls, or video chats. Consistency and reliability are key to helping your child feel safe and adjusted to the new family dynamics.

It's also crucial to set clear boundaries with your ex-wife to prevent your child from being used as a pawn in your conflicts. You may want to consider seeking the help of a co-parenting counselor or mediator to establish a collaborative and respectful co-parenting plan.

Remember, moving on doesn't mean cutting ties with your child or minimizing your role in their life. Instead, focus on creating a new, healthy dynamic that allows you to nurture your relationship with your child while also prioritizing your own emotional well-being. By doing so, you can help your child develop a positive sense of identity and resilience, even in the face of challenging family circumstances.",questionID_250,How should I handle the child I had with my ex-wife?,"My ex-wife married and used me to have a child. She now uses that child as a pawn. I know my child misses me, but I need to move on and not live in the past. How do I do this? Do I see my child as much as possible or very little? Is it more confusing for the child?",parenting,llama3,693,0.12653635650632145,0
90,10,You may want to consider seeking the help of a co-parenting counselor or mediator to establish a collaborative and respectful co-parenting plan.,1011,1155,0,0,0,5,"I can sense the complexity and emotional weight of your situation. It's understandable that you want to move on while also considering the well-being of your child. First and foremost, prioritize your child's emotional needs and maintain a consistent, loving relationship. 

Research suggests that children benefit from having a positive relationship with both parents, even if the parents are no longer together. It's essential to establish a co-parenting arrangement that allows for regular contact and communication with your child. This can help your child feel secure, loved, and supported.

Rather than limiting your interactions with your child, consider aiming for a balanced and predictable schedule. This could include regular visits, phone calls, or video chats. Consistency and reliability are key to helping your child feel safe and adjusted to the new family dynamics.

It's also crucial to set clear boundaries with your ex-wife to prevent your child from being used as a pawn in your conflicts. You may want to consider seeking the help of a co-parenting counselor or mediator to establish a collaborative and respectful co-parenting plan.

Remember, moving on doesn't mean cutting ties with your child or minimizing your role in their life. Instead, focus on creating a new, healthy dynamic that allows you to nurture your relationship with your child while also prioritizing your own emotional well-being. By doing so, you can help your child develop a positive sense of identity and resilience, even in the face of challenging family circumstances.",questionID_250,How should I handle the child I had with my ex-wife?,"My ex-wife married and used me to have a child. She now uses that child as a pawn. I know my child misses me, but I need to move on and not live in the past. How do I do this? Do I see my child as much as possible or very little? Is it more confusing for the child?",parenting,llama3,694,0.11863208372137642,0
90,11,"Remember, moving on doesn't mean cutting ties with your child or minimizing your role in their life.",1157,1257,0,0,0,5,"I can sense the complexity and emotional weight of your situation. It's understandable that you want to move on while also considering the well-being of your child. First and foremost, prioritize your child's emotional needs and maintain a consistent, loving relationship. 

Research suggests that children benefit from having a positive relationship with both parents, even if the parents are no longer together. It's essential to establish a co-parenting arrangement that allows for regular contact and communication with your child. This can help your child feel secure, loved, and supported.

Rather than limiting your interactions with your child, consider aiming for a balanced and predictable schedule. This could include regular visits, phone calls, or video chats. Consistency and reliability are key to helping your child feel safe and adjusted to the new family dynamics.

It's also crucial to set clear boundaries with your ex-wife to prevent your child from being used as a pawn in your conflicts. You may want to consider seeking the help of a co-parenting counselor or mediator to establish a collaborative and respectful co-parenting plan.

Remember, moving on doesn't mean cutting ties with your child or minimizing your role in their life. Instead, focus on creating a new, healthy dynamic that allows you to nurture your relationship with your child while also prioritizing your own emotional well-being. By doing so, you can help your child develop a positive sense of identity and resilience, even in the face of challenging family circumstances.",questionID_250,How should I handle the child I had with my ex-wife?,"My ex-wife married and used me to have a child. She now uses that child as a pawn. I know my child misses me, but I need to move on and not live in the past. How do I do this? Do I see my child as much as possible or very little? Is it more confusing for the child?",parenting,llama3,695,0.14773072093181652,0
90,12,"Instead, focus on creating a new, healthy dynamic that allows you to nurture your relationship with your child while also prioritizing your own emotional well-being.",1258,1423,0,0,0,5,"I can sense the complexity and emotional weight of your situation. It's understandable that you want to move on while also considering the well-being of your child. First and foremost, prioritize your child's emotional needs and maintain a consistent, loving relationship. 

Research suggests that children benefit from having a positive relationship with both parents, even if the parents are no longer together. It's essential to establish a co-parenting arrangement that allows for regular contact and communication with your child. This can help your child feel secure, loved, and supported.

Rather than limiting your interactions with your child, consider aiming for a balanced and predictable schedule. This could include regular visits, phone calls, or video chats. Consistency and reliability are key to helping your child feel safe and adjusted to the new family dynamics.

It's also crucial to set clear boundaries with your ex-wife to prevent your child from being used as a pawn in your conflicts. You may want to consider seeking the help of a co-parenting counselor or mediator to establish a collaborative and respectful co-parenting plan.

Remember, moving on doesn't mean cutting ties with your child or minimizing your role in their life. Instead, focus on creating a new, healthy dynamic that allows you to nurture your relationship with your child while also prioritizing your own emotional well-being. By doing so, you can help your child develop a positive sense of identity and resilience, even in the face of challenging family circumstances.",questionID_250,How should I handle the child I had with my ex-wife?,"My ex-wife married and used me to have a child. She now uses that child as a pawn. I know my child misses me, but I need to move on and not live in the past. How do I do this? Do I see my child as much as possible or very little? Is it more confusing for the child?",parenting,llama3,696,0.22882627091861077,1
90,13,"By doing so, you can help your child develop a positive sense of identity and resilience, even in the face of challenging family circumstances.",1424,1567,0,0,0,5,"I can sense the complexity and emotional weight of your situation. It's understandable that you want to move on while also considering the well-being of your child. First and foremost, prioritize your child's emotional needs and maintain a consistent, loving relationship. 

Research suggests that children benefit from having a positive relationship with both parents, even if the parents are no longer together. It's essential to establish a co-parenting arrangement that allows for regular contact and communication with your child. This can help your child feel secure, loved, and supported.

Rather than limiting your interactions with your child, consider aiming for a balanced and predictable schedule. This could include regular visits, phone calls, or video chats. Consistency and reliability are key to helping your child feel safe and adjusted to the new family dynamics.

It's also crucial to set clear boundaries with your ex-wife to prevent your child from being used as a pawn in your conflicts. You may want to consider seeking the help of a co-parenting counselor or mediator to establish a collaborative and respectful co-parenting plan.

Remember, moving on doesn't mean cutting ties with your child or minimizing your role in their life. Instead, focus on creating a new, healthy dynamic that allows you to nurture your relationship with your child while also prioritizing your own emotional well-being. By doing so, you can help your child develop a positive sense of identity and resilience, even in the face of challenging family circumstances.",questionID_250,How should I handle the child I had with my ex-wife?,"My ex-wife married and used me to have a child. She now uses that child as a pawn. I know my child misses me, but I need to move on and not live in the past. How do I do this? Do I see my child as much as possible or very little? Is it more confusing for the child?",parenting,llama3,697,0.15690185227030648,1
91,0,"Navigating this situation is undoubtedly painful, and prioritizing your child's well-being is key.",0,98,0,0,0,5,"Navigating this situation is undoubtedly painful, and prioritizing your child's well-being is key. Consistent, predictable contact, even if it's not extensive, is generally less confusing for a child than sporadic involvement. Consider seeking legal advice to establish a formal custody arrangement that ensures your rights and allows you to be a stable presence in your child's life while setting healthy boundaries with your ex-wife. It's also crucial to prioritize your own well-being through this process; consider individual therapy to develop coping mechanisms and strategies for managing the emotional challenges you are facing.",questionID_250,How should I handle the child I had with my ex-wife?,"My ex-wife married and used me to have a child. She now uses that child as a pawn. I know my child misses me, but I need to move on and not live in the past. How do I do this? Do I see my child as much as possible or very little? Is it more confusing for the child?",parenting,gemini,698,0.1868613491308568,1
91,1,"Consistent, predictable contact, even if it's not extensive, is generally less confusing for a child than sporadic involvement.",99,226,0,0,0,5,"Navigating this situation is undoubtedly painful, and prioritizing your child's well-being is key. Consistent, predictable contact, even if it's not extensive, is generally less confusing for a child than sporadic involvement. Consider seeking legal advice to establish a formal custody arrangement that ensures your rights and allows you to be a stable presence in your child's life while setting healthy boundaries with your ex-wife. It's also crucial to prioritize your own well-being through this process; consider individual therapy to develop coping mechanisms and strategies for managing the emotional challenges you are facing.",questionID_250,How should I handle the child I had with my ex-wife?,"My ex-wife married and used me to have a child. She now uses that child as a pawn. I know my child misses me, but I need to move on and not live in the past. How do I do this? Do I see my child as much as possible or very little? Is it more confusing for the child?",parenting,gemini,699,0.2892265034089107,1
91,2,Consider seeking legal advice to establish a formal custody arrangement that ensures your rights and allows you to be a stable presence in your child's life while setting healthy boundaries with your ex-wife.,227,435,0,0,0,5,"Navigating this situation is undoubtedly painful, and prioritizing your child's well-being is key. Consistent, predictable contact, even if it's not extensive, is generally less confusing for a child than sporadic involvement. Consider seeking legal advice to establish a formal custody arrangement that ensures your rights and allows you to be a stable presence in your child's life while setting healthy boundaries with your ex-wife. It's also crucial to prioritize your own well-being through this process; consider individual therapy to develop coping mechanisms and strategies for managing the emotional challenges you are facing.",questionID_250,How should I handle the child I had with my ex-wife?,"My ex-wife married and used me to have a child. She now uses that child as a pawn. I know my child misses me, but I need to move on and not live in the past. How do I do this? Do I see my child as much as possible or very little? Is it more confusing for the child?",parenting,gemini,700,0.13709053809649616,0
91,3,It's also crucial to prioritize your own well-being through this process; consider individual therapy to develop coping mechanisms and strategies for managing the emotional challenges you are facing.,436,635,0,0,0,5,"Navigating this situation is undoubtedly painful, and prioritizing your child's well-being is key. Consistent, predictable contact, even if it's not extensive, is generally less confusing for a child than sporadic involvement. Consider seeking legal advice to establish a formal custody arrangement that ensures your rights and allows you to be a stable presence in your child's life while setting healthy boundaries with your ex-wife. It's also crucial to prioritize your own well-being through this process; consider individual therapy to develop coping mechanisms and strategies for managing the emotional challenges you are facing.",questionID_250,How should I handle the child I had with my ex-wife?,"My ex-wife married and used me to have a child. She now uses that child as a pawn. I know my child misses me, but I need to move on and not live in the past. How do I do this? Do I see my child as much as possible or very little? Is it more confusing for the child?",parenting,gemini,701,0.051683836352002965,0
93,0,I'm so sorry to hear that you're going through this incredibly challenging time.,0,80,0,0,0,5,"I'm so sorry to hear that you're going through this incredibly challenging time. It takes a lot of courage to acknowledge the patterns of behavior that may be contributing to your relationship dynamics, especially given your history of childhood abuse. 

Firstly, please recognize that your fear of being a single parent is understandable, but it's essential to prioritize your own well-being and that of your son. Staying in an unhappy relationship can have long-term negative effects on both you and your child.

Considering your history of abuse, it's crucial to seek professional help to work through these underlying issues. A therapist can support you in developing healthier coping mechanisms and relationships patterns. This will not only benefit you but also your son, as he will learn from your example.

Rather than begging your husband to return, focus on taking care of yourself and your son. Explore local resources and support groups for single parents, and consider seeking counseling to address your fears and anxieties. 

It might be helpful to ask yourself: What are my non-negotiables in a relationship? What kind of environment do I want to create for my son? What steps can I take to prioritize my own healing and growth?

Remember, you deserve to be in a healthy, fulfilling relationship, and it's never too late to work towards creating a better life for yourself and your son. Take things one step at a time, and don't hesitate to reach out for support when you need it.",questionID_387,My husband and I are separated. I'm so scared of getting divorced,I keep on begging him to come back. I am so unhappy with him but am so scared of being a single parent to our son. I was abused as a little girl and that has made to be very abusive to men. What should I do...,relationship-dissolution,llama3,712,0.045190904347733186,0
93,1,"It takes a lot of courage to acknowledge the patterns of behavior that may be contributing to your relationship dynamics, especially given your history of childhood abuse.",81,252,0,0,0,5,"I'm so sorry to hear that you're going through this incredibly challenging time. It takes a lot of courage to acknowledge the patterns of behavior that may be contributing to your relationship dynamics, especially given your history of childhood abuse. 

Firstly, please recognize that your fear of being a single parent is understandable, but it's essential to prioritize your own well-being and that of your son. Staying in an unhappy relationship can have long-term negative effects on both you and your child.

Considering your history of abuse, it's crucial to seek professional help to work through these underlying issues. A therapist can support you in developing healthier coping mechanisms and relationships patterns. This will not only benefit you but also your son, as he will learn from your example.

Rather than begging your husband to return, focus on taking care of yourself and your son. Explore local resources and support groups for single parents, and consider seeking counseling to address your fears and anxieties. 

It might be helpful to ask yourself: What are my non-negotiables in a relationship? What kind of environment do I want to create for my son? What steps can I take to prioritize my own healing and growth?

Remember, you deserve to be in a healthy, fulfilling relationship, and it's never too late to work towards creating a better life for yourself and your son. Take things one step at a time, and don't hesitate to reach out for support when you need it.",questionID_387,My husband and I are separated. I'm so scared of getting divorced,I keep on begging him to come back. I am so unhappy with him but am so scared of being a single parent to our son. I was abused as a little girl and that has made to be very abusive to men. What should I do...,relationship-dissolution,llama3,713,0.24877699639260684,1
93,2,"Firstly, please recognize that your fear of being a single parent is understandable, but it's essential to prioritize your own well-being and that of your son.",255,414,0,0,0,5,"I'm so sorry to hear that you're going through this incredibly challenging time. It takes a lot of courage to acknowledge the patterns of behavior that may be contributing to your relationship dynamics, especially given your history of childhood abuse. 

Firstly, please recognize that your fear of being a single parent is understandable, but it's essential to prioritize your own well-being and that of your son. Staying in an unhappy relationship can have long-term negative effects on both you and your child.

Considering your history of abuse, it's crucial to seek professional help to work through these underlying issues. A therapist can support you in developing healthier coping mechanisms and relationships patterns. This will not only benefit you but also your son, as he will learn from your example.

Rather than begging your husband to return, focus on taking care of yourself and your son. Explore local resources and support groups for single parents, and consider seeking counseling to address your fears and anxieties. 

It might be helpful to ask yourself: What are my non-negotiables in a relationship? What kind of environment do I want to create for my son? What steps can I take to prioritize my own healing and growth?

Remember, you deserve to be in a healthy, fulfilling relationship, and it's never too late to work towards creating a better life for yourself and your son. Take things one step at a time, and don't hesitate to reach out for support when you need it.",questionID_387,My husband and I are separated. I'm so scared of getting divorced,I keep on begging him to come back. I am so unhappy with him but am so scared of being a single parent to our son. I was abused as a little girl and that has made to be very abusive to men. What should I do...,relationship-dissolution,llama3,714,0.22185381556737896,1
93,3,Staying in an unhappy relationship can have long-term negative effects on both you and your child.,415,513,0,0,0,5,"I'm so sorry to hear that you're going through this incredibly challenging time. It takes a lot of courage to acknowledge the patterns of behavior that may be contributing to your relationship dynamics, especially given your history of childhood abuse. 

Firstly, please recognize that your fear of being a single parent is understandable, but it's essential to prioritize your own well-being and that of your son. Staying in an unhappy relationship can have long-term negative effects on both you and your child.

Considering your history of abuse, it's crucial to seek professional help to work through these underlying issues. A therapist can support you in developing healthier coping mechanisms and relationships patterns. This will not only benefit you but also your son, as he will learn from your example.

Rather than begging your husband to return, focus on taking care of yourself and your son. Explore local resources and support groups for single parents, and consider seeking counseling to address your fears and anxieties. 

It might be helpful to ask yourself: What are my non-negotiables in a relationship? What kind of environment do I want to create for my son? What steps can I take to prioritize my own healing and growth?

Remember, you deserve to be in a healthy, fulfilling relationship, and it's never too late to work towards creating a better life for yourself and your son. Take things one step at a time, and don't hesitate to reach out for support when you need it.",questionID_387,My husband and I are separated. I'm so scared of getting divorced,I keep on begging him to come back. I am so unhappy with him but am so scared of being a single parent to our son. I was abused as a little girl and that has made to be very abusive to men. What should I do...,relationship-dissolution,llama3,715,0.3467970122248052,1
93,4,"Considering your history of abuse, it's crucial to seek professional help to work through these underlying issues.",515,629,0,0,0,5,"I'm so sorry to hear that you're going through this incredibly challenging time. It takes a lot of courage to acknowledge the patterns of behavior that may be contributing to your relationship dynamics, especially given your history of childhood abuse. 

Firstly, please recognize that your fear of being a single parent is understandable, but it's essential to prioritize your own well-being and that of your son. Staying in an unhappy relationship can have long-term negative effects on both you and your child.

Considering your history of abuse, it's crucial to seek professional help to work through these underlying issues. A therapist can support you in developing healthier coping mechanisms and relationships patterns. This will not only benefit you but also your son, as he will learn from your example.

Rather than begging your husband to return, focus on taking care of yourself and your son. Explore local resources and support groups for single parents, and consider seeking counseling to address your fears and anxieties. 

It might be helpful to ask yourself: What are my non-negotiables in a relationship? What kind of environment do I want to create for my son? What steps can I take to prioritize my own healing and growth?

Remember, you deserve to be in a healthy, fulfilling relationship, and it's never too late to work towards creating a better life for yourself and your son. Take things one step at a time, and don't hesitate to reach out for support when you need it.",questionID_387,My husband and I are separated. I'm so scared of getting divorced,I keep on begging him to come back. I am so unhappy with him but am so scared of being a single parent to our son. I was abused as a little girl and that has made to be very abusive to men. What should I do...,relationship-dissolution,llama3,716,0.09015025979949927,0
93,5,A therapist can support you in developing healthier coping mechanisms and relationships patterns.,630,727,0,0,0,5,"I'm so sorry to hear that you're going through this incredibly challenging time. It takes a lot of courage to acknowledge the patterns of behavior that may be contributing to your relationship dynamics, especially given your history of childhood abuse. 

Firstly, please recognize that your fear of being a single parent is understandable, but it's essential to prioritize your own well-being and that of your son. Staying in an unhappy relationship can have long-term negative effects on both you and your child.

Considering your history of abuse, it's crucial to seek professional help to work through these underlying issues. A therapist can support you in developing healthier coping mechanisms and relationships patterns. This will not only benefit you but also your son, as he will learn from your example.

Rather than begging your husband to return, focus on taking care of yourself and your son. Explore local resources and support groups for single parents, and consider seeking counseling to address your fears and anxieties. 

It might be helpful to ask yourself: What are my non-negotiables in a relationship? What kind of environment do I want to create for my son? What steps can I take to prioritize my own healing and growth?

Remember, you deserve to be in a healthy, fulfilling relationship, and it's never too late to work towards creating a better life for yourself and your son. Take things one step at a time, and don't hesitate to reach out for support when you need it.",questionID_387,My husband and I are separated. I'm so scared of getting divorced,I keep on begging him to come back. I am so unhappy with him but am so scared of being a single parent to our son. I was abused as a little girl and that has made to be very abusive to men. What should I do...,relationship-dissolution,llama3,717,0.115504014628335,0
93,6,"This will not only benefit you but also your son, as he will learn from your example.",728,813,0,0,0,5,"I'm so sorry to hear that you're going through this incredibly challenging time. It takes a lot of courage to acknowledge the patterns of behavior that may be contributing to your relationship dynamics, especially given your history of childhood abuse. 

Firstly, please recognize that your fear of being a single parent is understandable, but it's essential to prioritize your own well-being and that of your son. Staying in an unhappy relationship can have long-term negative effects on both you and your child.

Considering your history of abuse, it's crucial to seek professional help to work through these underlying issues. A therapist can support you in developing healthier coping mechanisms and relationships patterns. This will not only benefit you but also your son, as he will learn from your example.

Rather than begging your husband to return, focus on taking care of yourself and your son. Explore local resources and support groups for single parents, and consider seeking counseling to address your fears and anxieties. 

It might be helpful to ask yourself: What are my non-negotiables in a relationship? What kind of environment do I want to create for my son? What steps can I take to prioritize my own healing and growth?

Remember, you deserve to be in a healthy, fulfilling relationship, and it's never too late to work towards creating a better life for yourself and your son. Take things one step at a time, and don't hesitate to reach out for support when you need it.",questionID_387,My husband and I are separated. I'm so scared of getting divorced,I keep on begging him to come back. I am so unhappy with him but am so scared of being a single parent to our son. I was abused as a little girl and that has made to be very abusive to men. What should I do...,relationship-dissolution,llama3,718,0.4452532286065522,1
93,7,"Rather than begging your husband to return, focus on taking care of yourself and your son.",815,905,0,0,0,5,"I'm so sorry to hear that you're going through this incredibly challenging time. It takes a lot of courage to acknowledge the patterns of behavior that may be contributing to your relationship dynamics, especially given your history of childhood abuse. 

Firstly, please recognize that your fear of being a single parent is understandable, but it's essential to prioritize your own well-being and that of your son. Staying in an unhappy relationship can have long-term negative effects on both you and your child.

Considering your history of abuse, it's crucial to seek professional help to work through these underlying issues. A therapist can support you in developing healthier coping mechanisms and relationships patterns. This will not only benefit you but also your son, as he will learn from your example.

Rather than begging your husband to return, focus on taking care of yourself and your son. Explore local resources and support groups for single parents, and consider seeking counseling to address your fears and anxieties. 

It might be helpful to ask yourself: What are my non-negotiables in a relationship? What kind of environment do I want to create for my son? What steps can I take to prioritize my own healing and growth?

Remember, you deserve to be in a healthy, fulfilling relationship, and it's never too late to work towards creating a better life for yourself and your son. Take things one step at a time, and don't hesitate to reach out for support when you need it.",questionID_387,My husband and I are separated. I'm so scared of getting divorced,I keep on begging him to come back. I am so unhappy with him but am so scared of being a single parent to our son. I was abused as a little girl and that has made to be very abusive to men. What should I do...,relationship-dissolution,llama3,719,0.1780734229333958,1
93,8,"Explore local resources and support groups for single parents, and consider seeking counseling to address your fears and anxieties.",906,1037,0,0,0,5,"I'm so sorry to hear that you're going through this incredibly challenging time. It takes a lot of courage to acknowledge the patterns of behavior that may be contributing to your relationship dynamics, especially given your history of childhood abuse. 

Firstly, please recognize that your fear of being a single parent is understandable, but it's essential to prioritize your own well-being and that of your son. Staying in an unhappy relationship can have long-term negative effects on both you and your child.

Considering your history of abuse, it's crucial to seek professional help to work through these underlying issues. A therapist can support you in developing healthier coping mechanisms and relationships patterns. This will not only benefit you but also your son, as he will learn from your example.

Rather than begging your husband to return, focus on taking care of yourself and your son. Explore local resources and support groups for single parents, and consider seeking counseling to address your fears and anxieties. 

It might be helpful to ask yourself: What are my non-negotiables in a relationship? What kind of environment do I want to create for my son? What steps can I take to prioritize my own healing and growth?

Remember, you deserve to be in a healthy, fulfilling relationship, and it's never too late to work towards creating a better life for yourself and your son. Take things one step at a time, and don't hesitate to reach out for support when you need it.",questionID_387,My husband and I are separated. I'm so scared of getting divorced,I keep on begging him to come back. I am so unhappy with him but am so scared of being a single parent to our son. I was abused as a little girl and that has made to be very abusive to men. What should I do...,relationship-dissolution,llama3,720,0.10504748311857941,0
93,9,It might be helpful to ask yourself: What are my non-negotiables in a relationship?,1040,1123,0,0,0,5,"I'm so sorry to hear that you're going through this incredibly challenging time. It takes a lot of courage to acknowledge the patterns of behavior that may be contributing to your relationship dynamics, especially given your history of childhood abuse. 

Firstly, please recognize that your fear of being a single parent is understandable, but it's essential to prioritize your own well-being and that of your son. Staying in an unhappy relationship can have long-term negative effects on both you and your child.

Considering your history of abuse, it's crucial to seek professional help to work through these underlying issues. A therapist can support you in developing healthier coping mechanisms and relationships patterns. This will not only benefit you but also your son, as he will learn from your example.

Rather than begging your husband to return, focus on taking care of yourself and your son. Explore local resources and support groups for single parents, and consider seeking counseling to address your fears and anxieties. 

It might be helpful to ask yourself: What are my non-negotiables in a relationship? What kind of environment do I want to create for my son? What steps can I take to prioritize my own healing and growth?

Remember, you deserve to be in a healthy, fulfilling relationship, and it's never too late to work towards creating a better life for yourself and your son. Take things one step at a time, and don't hesitate to reach out for support when you need it.",questionID_387,My husband and I are separated. I'm so scared of getting divorced,I keep on begging him to come back. I am so unhappy with him but am so scared of being a single parent to our son. I was abused as a little girl and that has made to be very abusive to men. What should I do...,relationship-dissolution,llama3,721,0.21699933433934393,1
93,10,What kind of environment do I want to create for my son?,1124,1180,0,0,0,5,"I'm so sorry to hear that you're going through this incredibly challenging time. It takes a lot of courage to acknowledge the patterns of behavior that may be contributing to your relationship dynamics, especially given your history of childhood abuse. 

Firstly, please recognize that your fear of being a single parent is understandable, but it's essential to prioritize your own well-being and that of your son. Staying in an unhappy relationship can have long-term negative effects on both you and your child.

Considering your history of abuse, it's crucial to seek professional help to work through these underlying issues. A therapist can support you in developing healthier coping mechanisms and relationships patterns. This will not only benefit you but also your son, as he will learn from your example.

Rather than begging your husband to return, focus on taking care of yourself and your son. Explore local resources and support groups for single parents, and consider seeking counseling to address your fears and anxieties. 

It might be helpful to ask yourself: What are my non-negotiables in a relationship? What kind of environment do I want to create for my son? What steps can I take to prioritize my own healing and growth?

Remember, you deserve to be in a healthy, fulfilling relationship, and it's never too late to work towards creating a better life for yourself and your son. Take things one step at a time, and don't hesitate to reach out for support when you need it.",questionID_387,My husband and I are separated. I'm so scared of getting divorced,I keep on begging him to come back. I am so unhappy with him but am so scared of being a single parent to our son. I was abused as a little girl and that has made to be very abusive to men. What should I do...,relationship-dissolution,llama3,722,0.21857248039924512,1
93,11,What steps can I take to prioritize my own healing and growth?,1181,1243,0,0,0,5,"I'm so sorry to hear that you're going through this incredibly challenging time. It takes a lot of courage to acknowledge the patterns of behavior that may be contributing to your relationship dynamics, especially given your history of childhood abuse. 

Firstly, please recognize that your fear of being a single parent is understandable, but it's essential to prioritize your own well-being and that of your son. Staying in an unhappy relationship can have long-term negative effects on both you and your child.

Considering your history of abuse, it's crucial to seek professional help to work through these underlying issues. A therapist can support you in developing healthier coping mechanisms and relationships patterns. This will not only benefit you but also your son, as he will learn from your example.

Rather than begging your husband to return, focus on taking care of yourself and your son. Explore local resources and support groups for single parents, and consider seeking counseling to address your fears and anxieties. 

It might be helpful to ask yourself: What are my non-negotiables in a relationship? What kind of environment do I want to create for my son? What steps can I take to prioritize my own healing and growth?

Remember, you deserve to be in a healthy, fulfilling relationship, and it's never too late to work towards creating a better life for yourself and your son. Take things one step at a time, and don't hesitate to reach out for support when you need it.",questionID_387,My husband and I are separated. I'm so scared of getting divorced,I keep on begging him to come back. I am so unhappy with him but am so scared of being a single parent to our son. I was abused as a little girl and that has made to be very abusive to men. What should I do...,relationship-dissolution,llama3,723,0.13263912490080007,0
93,12,"Remember, you deserve to be in a healthy, fulfilling relationship, and it's never too late to work towards creating a better life for yourself and your son.",1245,1401,0,0,0,5,"I'm so sorry to hear that you're going through this incredibly challenging time. It takes a lot of courage to acknowledge the patterns of behavior that may be contributing to your relationship dynamics, especially given your history of childhood abuse. 

Firstly, please recognize that your fear of being a single parent is understandable, but it's essential to prioritize your own well-being and that of your son. Staying in an unhappy relationship can have long-term negative effects on both you and your child.

Considering your history of abuse, it's crucial to seek professional help to work through these underlying issues. A therapist can support you in developing healthier coping mechanisms and relationships patterns. This will not only benefit you but also your son, as he will learn from your example.

Rather than begging your husband to return, focus on taking care of yourself and your son. Explore local resources and support groups for single parents, and consider seeking counseling to address your fears and anxieties. 

It might be helpful to ask yourself: What are my non-negotiables in a relationship? What kind of environment do I want to create for my son? What steps can I take to prioritize my own healing and growth?

Remember, you deserve to be in a healthy, fulfilling relationship, and it's never too late to work towards creating a better life for yourself and your son. Take things one step at a time, and don't hesitate to reach out for support when you need it.",questionID_387,My husband and I are separated. I'm so scared of getting divorced,I keep on begging him to come back. I am so unhappy with him but am so scared of being a single parent to our son. I was abused as a little girl and that has made to be very abusive to men. What should I do...,relationship-dissolution,llama3,724,0.14484612180943676,0
93,13,"Take things one step at a time, and don't hesitate to reach out for support when you need it.",1402,1495,0,0,0,5,"I'm so sorry to hear that you're going through this incredibly challenging time. It takes a lot of courage to acknowledge the patterns of behavior that may be contributing to your relationship dynamics, especially given your history of childhood abuse. 

Firstly, please recognize that your fear of being a single parent is understandable, but it's essential to prioritize your own well-being and that of your son. Staying in an unhappy relationship can have long-term negative effects on both you and your child.

Considering your history of abuse, it's crucial to seek professional help to work through these underlying issues. A therapist can support you in developing healthier coping mechanisms and relationships patterns. This will not only benefit you but also your son, as he will learn from your example.

Rather than begging your husband to return, focus on taking care of yourself and your son. Explore local resources and support groups for single parents, and consider seeking counseling to address your fears and anxieties. 

It might be helpful to ask yourself: What are my non-negotiables in a relationship? What kind of environment do I want to create for my son? What steps can I take to prioritize my own healing and growth?

Remember, you deserve to be in a healthy, fulfilling relationship, and it's never too late to work towards creating a better life for yourself and your son. Take things one step at a time, and don't hesitate to reach out for support when you need it.",questionID_387,My husband and I are separated. I'm so scared of getting divorced,I keep on begging him to come back. I am so unhappy with him but am so scared of being a single parent to our son. I was abused as a little girl and that has made to be very abusive to men. What should I do...,relationship-dissolution,llama3,725,0.16297536870036985,1
106,0,"Bulimia is a serious condition, and overcoming it often requires professional guidance.",0,87,0,0,0,5,"Bulimia is a serious condition, and overcoming it often requires professional guidance. I strongly recommend seeking support from a therapist specializing in eating disorders and a registered dietitian who can help you develop healthier eating patterns. You can find specialized therapists through the National Eating Disorders Association (NEDA) website or by contacting your primary care physician for a referral. Recovery is possible, and reaching out for help is the first crucial step towards a healthier future.",questionID_711,How can I stop bulimia after 6 years?,"I've been bulimic for about 6 years now. I'm in my early 20s. I am about to start back to school to become an RN, and I really need to get better once and for all. I lose control of myself and become angry and anxious and just eat and purge. Over and over. Can someone please point me in the right direction for help?",eating-disorders,gemini,799,0.12655298615098212,0
106,1,I strongly recommend seeking support from a therapist specializing in eating disorders and a registered dietitian who can help you develop healthier eating patterns.,88,253,0,0,0,5,"Bulimia is a serious condition, and overcoming it often requires professional guidance. I strongly recommend seeking support from a therapist specializing in eating disorders and a registered dietitian who can help you develop healthier eating patterns. You can find specialized therapists through the National Eating Disorders Association (NEDA) website or by contacting your primary care physician for a referral. Recovery is possible, and reaching out for help is the first crucial step towards a healthier future.",questionID_711,How can I stop bulimia after 6 years?,"I've been bulimic for about 6 years now. I'm in my early 20s. I am about to start back to school to become an RN, and I really need to get better once and for all. I lose control of myself and become angry and anxious and just eat and purge. Over and over. Can someone please point me in the right direction for help?",eating-disorders,gemini,800,0.07435966572244956,0
106,2,You can find specialized therapists through the National Eating Disorders Association (NEDA) website or by contacting your primary care physician for a referral.,254,415,0,0,0,5,"Bulimia is a serious condition, and overcoming it often requires professional guidance. I strongly recommend seeking support from a therapist specializing in eating disorders and a registered dietitian who can help you develop healthier eating patterns. You can find specialized therapists through the National Eating Disorders Association (NEDA) website or by contacting your primary care physician for a referral. Recovery is possible, and reaching out for help is the first crucial step towards a healthier future.",questionID_711,How can I stop bulimia after 6 years?,"I've been bulimic for about 6 years now. I'm in my early 20s. I am about to start back to school to become an RN, and I really need to get better once and for all. I lose control of myself and become angry and anxious and just eat and purge. Over and over. Can someone please point me in the right direction for help?",eating-disorders,gemini,801,0.1270702771731288,0
106,3,"Recovery is possible, and reaching out for help is the first crucial step towards a healthier future.",416,517,0,0,0,5,"Bulimia is a serious condition, and overcoming it often requires professional guidance. I strongly recommend seeking support from a therapist specializing in eating disorders and a registered dietitian who can help you develop healthier eating patterns. You can find specialized therapists through the National Eating Disorders Association (NEDA) website or by contacting your primary care physician for a referral. Recovery is possible, and reaching out for help is the first crucial step towards a healthier future.",questionID_711,How can I stop bulimia after 6 years?,"I've been bulimic for about 6 years now. I'm in my early 20s. I am about to start back to school to become an RN, and I really need to get better once and for all. I lose control of myself and become angry and anxious and just eat and purge. Over and over. Can someone please point me in the right direction for help?",eating-disorders,gemini,802,0.12110980688313687,0
111,0,"I imagine you are trying to figure out a way to be ""fair"" to your adult kids.",0,77,1,1,1,5,"I imagine you are trying to figure out a way to be ""fair"" to your adult kids.  The key word is ""adult"".  If your daughter can afford to join the family for a vacation that's great, she's welcome to come.  However, as you pointed out she took a vacation by herself last year - she chose to put her resources (time off work and money) into doing that.  Good for her - she did what she wanted.  If she wants to budget time and money for a family vacation she will.As for feeling guilty, let me echo the sentiments already offered - vacations are lovely, but not a survival need.  Your girl is in her 20s and it's her turn to provide for herself.  You did your parenting - now go enjoy your vacation with whoever can, and wants to, join you!",questionID_262,Should I feel guilty if my adult daughter cannot afford to go on a family vacation?,"I have four children. One of them is in her 20s, and she cannot afford to go, nor can I pay for her. She went last year for two weeks by herself.",parenting,human,822,0.2354053775807681,1
111,1,"The key word is ""adult"".",79,103,1,2,2,5,"I imagine you are trying to figure out a way to be ""fair"" to your adult kids.  The key word is ""adult"".  If your daughter can afford to join the family for a vacation that's great, she's welcome to come.  However, as you pointed out she took a vacation by herself last year - she chose to put her resources (time off work and money) into doing that.  Good for her - she did what she wanted.  If she wants to budget time and money for a family vacation she will.As for feeling guilty, let me echo the sentiments already offered - vacations are lovely, but not a survival need.  Your girl is in her 20s and it's her turn to provide for herself.  You did your parenting - now go enjoy your vacation with whoever can, and wants to, join you!",questionID_262,Should I feel guilty if my adult daughter cannot afford to go on a family vacation?,"I have four children. One of them is in her 20s, and she cannot afford to go, nor can I pay for her. She went last year for two weeks by herself.",parenting,human,823,0.31209522191432515,1
111,2,"If your daughter can afford to join the family for a vacation that's great, she's welcome to come.",105,203,1,1,1,5,"I imagine you are trying to figure out a way to be ""fair"" to your adult kids.  The key word is ""adult"".  If your daughter can afford to join the family for a vacation that's great, she's welcome to come.  However, as you pointed out she took a vacation by herself last year - she chose to put her resources (time off work and money) into doing that.  Good for her - she did what she wanted.  If she wants to budget time and money for a family vacation she will.As for feeling guilty, let me echo the sentiments already offered - vacations are lovely, but not a survival need.  Your girl is in her 20s and it's her turn to provide for herself.  You did your parenting - now go enjoy your vacation with whoever can, and wants to, join you!",questionID_262,Should I feel guilty if my adult daughter cannot afford to go on a family vacation?,"I have four children. One of them is in her 20s, and she cannot afford to go, nor can I pay for her. She went last year for two weeks by herself.",parenting,human,824,0.2950054989225613,1
111,3,"However, as you pointed out she took a vacation by herself last year - she chose to put her resources (time off work and money) into doing that.",205,349,1,1,1,5,"I imagine you are trying to figure out a way to be ""fair"" to your adult kids.  The key word is ""adult"".  If your daughter can afford to join the family for a vacation that's great, she's welcome to come.  However, as you pointed out she took a vacation by herself last year - she chose to put her resources (time off work and money) into doing that.  Good for her - she did what she wanted.  If she wants to budget time and money for a family vacation she will.As for feeling guilty, let me echo the sentiments already offered - vacations are lovely, but not a survival need.  Your girl is in her 20s and it's her turn to provide for herself.  You did your parenting - now go enjoy your vacation with whoever can, and wants to, join you!",questionID_262,Should I feel guilty if my adult daughter cannot afford to go on a family vacation?,"I have four children. One of them is in her 20s, and she cannot afford to go, nor can I pay for her. She went last year for two weeks by herself.",parenting,human,825,0.2857458486007956,1
111,4,Good for her - she did what she wanted.,351,390,1,3,3,5,"I imagine you are trying to figure out a way to be ""fair"" to your adult kids.  The key word is ""adult"".  If your daughter can afford to join the family for a vacation that's great, she's welcome to come.  However, as you pointed out she took a vacation by herself last year - she chose to put her resources (time off work and money) into doing that.  Good for her - she did what she wanted.  If she wants to budget time and money for a family vacation she will.As for feeling guilty, let me echo the sentiments already offered - vacations are lovely, but not a survival need.  Your girl is in her 20s and it's her turn to provide for herself.  You did your parenting - now go enjoy your vacation with whoever can, and wants to, join you!",questionID_262,Should I feel guilty if my adult daughter cannot afford to go on a family vacation?,"I have four children. One of them is in her 20s, and she cannot afford to go, nor can I pay for her. She went last year for two weeks by herself.",parenting,human,826,0.5088049360450876,1
111,5,If she wants to budget time and money for a family vacation she will.,392,461,1,2,2,5,"I imagine you are trying to figure out a way to be ""fair"" to your adult kids.  The key word is ""adult"".  If your daughter can afford to join the family for a vacation that's great, she's welcome to come.  However, as you pointed out she took a vacation by herself last year - she chose to put her resources (time off work and money) into doing that.  Good for her - she did what she wanted.  If she wants to budget time and money for a family vacation she will.As for feeling guilty, let me echo the sentiments already offered - vacations are lovely, but not a survival need.  Your girl is in her 20s and it's her turn to provide for herself.  You did your parenting - now go enjoy your vacation with whoever can, and wants to, join you!",questionID_262,Should I feel guilty if my adult daughter cannot afford to go on a family vacation?,"I have four children. One of them is in her 20s, and she cannot afford to go, nor can I pay for her. She went last year for two weeks by herself.",parenting,human,827,0.3865802315769303,1
111,6,"As for feeling guilty, let me echo the sentiments already offered - vacations are lovely, but not a survival need.",461,575,1,2,2,5,"I imagine you are trying to figure out a way to be ""fair"" to your adult kids.  The key word is ""adult"".  If your daughter can afford to join the family for a vacation that's great, she's welcome to come.  However, as you pointed out she took a vacation by herself last year - she chose to put her resources (time off work and money) into doing that.  Good for her - she did what she wanted.  If she wants to budget time and money for a family vacation she will.As for feeling guilty, let me echo the sentiments already offered - vacations are lovely, but not a survival need.  Your girl is in her 20s and it's her turn to provide for herself.  You did your parenting - now go enjoy your vacation with whoever can, and wants to, join you!",questionID_262,Should I feel guilty if my adult daughter cannot afford to go on a family vacation?,"I have four children. One of them is in her 20s, and she cannot afford to go, nor can I pay for her. She went last year for two weeks by herself.",parenting,human,828,0.25474208419769184,1
111,7,Your girl is in her 20s and it's her turn to provide for herself.,577,642,1,4,4,5,"I imagine you are trying to figure out a way to be ""fair"" to your adult kids.  The key word is ""adult"".  If your daughter can afford to join the family for a vacation that's great, she's welcome to come.  However, as you pointed out she took a vacation by herself last year - she chose to put her resources (time off work and money) into doing that.  Good for her - she did what she wanted.  If she wants to budget time and money for a family vacation she will.As for feeling guilty, let me echo the sentiments already offered - vacations are lovely, but not a survival need.  Your girl is in her 20s and it's her turn to provide for herself.  You did your parenting - now go enjoy your vacation with whoever can, and wants to, join you!",questionID_262,Should I feel guilty if my adult daughter cannot afford to go on a family vacation?,"I have four children. One of them is in her 20s, and she cannot afford to go, nor can I pay for her. She went last year for two weeks by herself.",parenting,human,829,0.2330071108357521,1
111,8,"You did your parenting - now go enjoy your vacation with whoever can, and wants to, join you!",644,737,1,4,4,5,"I imagine you are trying to figure out a way to be ""fair"" to your adult kids.  The key word is ""adult"".  If your daughter can afford to join the family for a vacation that's great, she's welcome to come.  However, as you pointed out she took a vacation by herself last year - she chose to put her resources (time off work and money) into doing that.  Good for her - she did what she wanted.  If she wants to budget time and money for a family vacation she will.As for feeling guilty, let me echo the sentiments already offered - vacations are lovely, but not a survival need.  Your girl is in her 20s and it's her turn to provide for herself.  You did your parenting - now go enjoy your vacation with whoever can, and wants to, join you!",questionID_262,Should I feel guilty if my adult daughter cannot afford to go on a family vacation?,"I have four children. One of them is in her 20s, and she cannot afford to go, nor can I pay for her. She went last year for two weeks by herself.",parenting,human,830,0.24583525843199952,1
113,0,It's great that you're acknowledging the impact of your possessiveness on your friendships and seeking to address the underlying issues.,0,136,0,0,0,5,"It's great that you're acknowledging the impact of your possessiveness on your friendships and seeking to address the underlying issues. Possessiveness often stems from deep-seated insecurities, fear of abandonment, or a lack of trust. To start working on this, consider reflecting on your past experiences, such as childhood relationships or previous traumas, that may have contributed to your possessive tendencies. Ask yourself questions like: What am I afraid of losing or happening in my relationships? What are my non-negotiables, and are they reasonable? How do I handle feelings of jealousy or insecurity?

It may also be helpful to explore the concept of attachment styles, as an insecure attachment style can contribute to possessiveness. You can try practicing self-compassion, recognizing that your worth and identity are not defined by your relationships. Additionally, work on developing healthy communication skills, such as active listening and expressing your feelings and needs in a clear, respectful manner.

Consider seeking the help of a therapist who can guide you in identifying and addressing the root causes of your possessiveness. They can help you develop strategies to manage your emotions, build trust, and foster healthier relationships. Remember that overcoming possessiveness is a process that takes time, effort, and patience, but it's worth it to nurture more fulfilling and balanced friendships.",questionID_862,The Underlying Causes of Being Possessive,I am extremely possessive in my relationships and this is hurting my friendships. How can I fix my underlying issues?,behavioral-change,llama3,833,0.06736760596708725,0
113,1,"Possessiveness often stems from deep-seated insecurities, fear of abandonment, or a lack of trust.",137,235,0,0,0,5,"It's great that you're acknowledging the impact of your possessiveness on your friendships and seeking to address the underlying issues. Possessiveness often stems from deep-seated insecurities, fear of abandonment, or a lack of trust. To start working on this, consider reflecting on your past experiences, such as childhood relationships or previous traumas, that may have contributed to your possessive tendencies. Ask yourself questions like: What am I afraid of losing or happening in my relationships? What are my non-negotiables, and are they reasonable? How do I handle feelings of jealousy or insecurity?

It may also be helpful to explore the concept of attachment styles, as an insecure attachment style can contribute to possessiveness. You can try practicing self-compassion, recognizing that your worth and identity are not defined by your relationships. Additionally, work on developing healthy communication skills, such as active listening and expressing your feelings and needs in a clear, respectful manner.

Consider seeking the help of a therapist who can guide you in identifying and addressing the root causes of your possessiveness. They can help you develop strategies to manage your emotions, build trust, and foster healthier relationships. Remember that overcoming possessiveness is a process that takes time, effort, and patience, but it's worth it to nurture more fulfilling and balanced friendships.",questionID_862,The Underlying Causes of Being Possessive,I am extremely possessive in my relationships and this is hurting my friendships. How can I fix my underlying issues?,behavioral-change,llama3,834,0.3272584500881201,1
113,2,"To start working on this, consider reflecting on your past experiences, such as childhood relationships or previous traumas, that may have contributed to your possessive tendencies.",236,417,0,0,0,5,"It's great that you're acknowledging the impact of your possessiveness on your friendships and seeking to address the underlying issues. Possessiveness often stems from deep-seated insecurities, fear of abandonment, or a lack of trust. To start working on this, consider reflecting on your past experiences, such as childhood relationships or previous traumas, that may have contributed to your possessive tendencies. Ask yourself questions like: What am I afraid of losing or happening in my relationships? What are my non-negotiables, and are they reasonable? How do I handle feelings of jealousy or insecurity?

It may also be helpful to explore the concept of attachment styles, as an insecure attachment style can contribute to possessiveness. You can try practicing self-compassion, recognizing that your worth and identity are not defined by your relationships. Additionally, work on developing healthy communication skills, such as active listening and expressing your feelings and needs in a clear, respectful manner.

Consider seeking the help of a therapist who can guide you in identifying and addressing the root causes of your possessiveness. They can help you develop strategies to manage your emotions, build trust, and foster healthier relationships. Remember that overcoming possessiveness is a process that takes time, effort, and patience, but it's worth it to nurture more fulfilling and balanced friendships.",questionID_862,The Underlying Causes of Being Possessive,I am extremely possessive in my relationships and this is hurting my friendships. How can I fix my underlying issues?,behavioral-change,llama3,835,0.2360254134094907,1
113,3,Ask yourself questions like: What am I afraid of losing or happening in my relationships?,418,507,0,0,0,5,"It's great that you're acknowledging the impact of your possessiveness on your friendships and seeking to address the underlying issues. Possessiveness often stems from deep-seated insecurities, fear of abandonment, or a lack of trust. To start working on this, consider reflecting on your past experiences, such as childhood relationships or previous traumas, that may have contributed to your possessive tendencies. Ask yourself questions like: What am I afraid of losing or happening in my relationships? What are my non-negotiables, and are they reasonable? How do I handle feelings of jealousy or insecurity?

It may also be helpful to explore the concept of attachment styles, as an insecure attachment style can contribute to possessiveness. You can try practicing self-compassion, recognizing that your worth and identity are not defined by your relationships. Additionally, work on developing healthy communication skills, such as active listening and expressing your feelings and needs in a clear, respectful manner.

Consider seeking the help of a therapist who can guide you in identifying and addressing the root causes of your possessiveness. They can help you develop strategies to manage your emotions, build trust, and foster healthier relationships. Remember that overcoming possessiveness is a process that takes time, effort, and patience, but it's worth it to nurture more fulfilling and balanced friendships.",questionID_862,The Underlying Causes of Being Possessive,I am extremely possessive in my relationships and this is hurting my friendships. How can I fix my underlying issues?,behavioral-change,llama3,836,0.2824336955471349,1
113,4,"What are my non-negotiables, and are they reasonable?",508,561,0,0,0,5,"It's great that you're acknowledging the impact of your possessiveness on your friendships and seeking to address the underlying issues. Possessiveness often stems from deep-seated insecurities, fear of abandonment, or a lack of trust. To start working on this, consider reflecting on your past experiences, such as childhood relationships or previous traumas, that may have contributed to your possessive tendencies. Ask yourself questions like: What am I afraid of losing or happening in my relationships? What are my non-negotiables, and are they reasonable? How do I handle feelings of jealousy or insecurity?

It may also be helpful to explore the concept of attachment styles, as an insecure attachment style can contribute to possessiveness. You can try practicing self-compassion, recognizing that your worth and identity are not defined by your relationships. Additionally, work on developing healthy communication skills, such as active listening and expressing your feelings and needs in a clear, respectful manner.

Consider seeking the help of a therapist who can guide you in identifying and addressing the root causes of your possessiveness. They can help you develop strategies to manage your emotions, build trust, and foster healthier relationships. Remember that overcoming possessiveness is a process that takes time, effort, and patience, but it's worth it to nurture more fulfilling and balanced friendships.",questionID_862,The Underlying Causes of Being Possessive,I am extremely possessive in my relationships and this is hurting my friendships. How can I fix my underlying issues?,behavioral-change,llama3,837,0.2566710162138337,1
113,5,How do I handle feelings of jealousy or insecurity?,562,613,0,0,0,5,"It's great that you're acknowledging the impact of your possessiveness on your friendships and seeking to address the underlying issues. Possessiveness often stems from deep-seated insecurities, fear of abandonment, or a lack of trust. To start working on this, consider reflecting on your past experiences, such as childhood relationships or previous traumas, that may have contributed to your possessive tendencies. Ask yourself questions like: What am I afraid of losing or happening in my relationships? What are my non-negotiables, and are they reasonable? How do I handle feelings of jealousy or insecurity?

It may also be helpful to explore the concept of attachment styles, as an insecure attachment style can contribute to possessiveness. You can try practicing self-compassion, recognizing that your worth and identity are not defined by your relationships. Additionally, work on developing healthy communication skills, such as active listening and expressing your feelings and needs in a clear, respectful manner.

Consider seeking the help of a therapist who can guide you in identifying and addressing the root causes of your possessiveness. They can help you develop strategies to manage your emotions, build trust, and foster healthier relationships. Remember that overcoming possessiveness is a process that takes time, effort, and patience, but it's worth it to nurture more fulfilling and balanced friendships.",questionID_862,The Underlying Causes of Being Possessive,I am extremely possessive in my relationships and this is hurting my friendships. How can I fix my underlying issues?,behavioral-change,llama3,838,0.4804474130778586,1
113,6,"It may also be helpful to explore the concept of attachment styles, as an insecure attachment style can contribute to possessiveness.",615,748,0,0,0,5,"It's great that you're acknowledging the impact of your possessiveness on your friendships and seeking to address the underlying issues. Possessiveness often stems from deep-seated insecurities, fear of abandonment, or a lack of trust. To start working on this, consider reflecting on your past experiences, such as childhood relationships or previous traumas, that may have contributed to your possessive tendencies. Ask yourself questions like: What am I afraid of losing or happening in my relationships? What are my non-negotiables, and are they reasonable? How do I handle feelings of jealousy or insecurity?

It may also be helpful to explore the concept of attachment styles, as an insecure attachment style can contribute to possessiveness. You can try practicing self-compassion, recognizing that your worth and identity are not defined by your relationships. Additionally, work on developing healthy communication skills, such as active listening and expressing your feelings and needs in a clear, respectful manner.

Consider seeking the help of a therapist who can guide you in identifying and addressing the root causes of your possessiveness. They can help you develop strategies to manage your emotions, build trust, and foster healthier relationships. Remember that overcoming possessiveness is a process that takes time, effort, and patience, but it's worth it to nurture more fulfilling and balanced friendships.",questionID_862,The Underlying Causes of Being Possessive,I am extremely possessive in my relationships and this is hurting my friendships. How can I fix my underlying issues?,behavioral-change,llama3,839,0.20260391689301835,1
113,7,"You can try practicing self-compassion, recognizing that your worth and identity are not defined by your relationships.",749,868,0,0,0,5,"It's great that you're acknowledging the impact of your possessiveness on your friendships and seeking to address the underlying issues. Possessiveness often stems from deep-seated insecurities, fear of abandonment, or a lack of trust. To start working on this, consider reflecting on your past experiences, such as childhood relationships or previous traumas, that may have contributed to your possessive tendencies. Ask yourself questions like: What am I afraid of losing or happening in my relationships? What are my non-negotiables, and are they reasonable? How do I handle feelings of jealousy or insecurity?

It may also be helpful to explore the concept of attachment styles, as an insecure attachment style can contribute to possessiveness. You can try practicing self-compassion, recognizing that your worth and identity are not defined by your relationships. Additionally, work on developing healthy communication skills, such as active listening and expressing your feelings and needs in a clear, respectful manner.

Consider seeking the help of a therapist who can guide you in identifying and addressing the root causes of your possessiveness. They can help you develop strategies to manage your emotions, build trust, and foster healthier relationships. Remember that overcoming possessiveness is a process that takes time, effort, and patience, but it's worth it to nurture more fulfilling and balanced friendships.",questionID_862,The Underlying Causes of Being Possessive,I am extremely possessive in my relationships and this is hurting my friendships. How can I fix my underlying issues?,behavioral-change,llama3,840,0.12451998584786579,0
113,8,"Additionally, work on developing healthy communication skills, such as active listening and expressing your feelings and needs in a clear, respectful manner.",869,1026,0,0,0,5,"It's great that you're acknowledging the impact of your possessiveness on your friendships and seeking to address the underlying issues. Possessiveness often stems from deep-seated insecurities, fear of abandonment, or a lack of trust. To start working on this, consider reflecting on your past experiences, such as childhood relationships or previous traumas, that may have contributed to your possessive tendencies. Ask yourself questions like: What am I afraid of losing or happening in my relationships? What are my non-negotiables, and are they reasonable? How do I handle feelings of jealousy or insecurity?

It may also be helpful to explore the concept of attachment styles, as an insecure attachment style can contribute to possessiveness. You can try practicing self-compassion, recognizing that your worth and identity are not defined by your relationships. Additionally, work on developing healthy communication skills, such as active listening and expressing your feelings and needs in a clear, respectful manner.

Consider seeking the help of a therapist who can guide you in identifying and addressing the root causes of your possessiveness. They can help you develop strategies to manage your emotions, build trust, and foster healthier relationships. Remember that overcoming possessiveness is a process that takes time, effort, and patience, but it's worth it to nurture more fulfilling and balanced friendships.",questionID_862,The Underlying Causes of Being Possessive,I am extremely possessive in my relationships and this is hurting my friendships. How can I fix my underlying issues?,behavioral-change,llama3,841,0.08897724240492062,0
113,9,Consider seeking the help of a therapist who can guide you in identifying and addressing the root causes of your possessiveness.,1028,1156,0,0,0,5,"It's great that you're acknowledging the impact of your possessiveness on your friendships and seeking to address the underlying issues. Possessiveness often stems from deep-seated insecurities, fear of abandonment, or a lack of trust. To start working on this, consider reflecting on your past experiences, such as childhood relationships or previous traumas, that may have contributed to your possessive tendencies. Ask yourself questions like: What am I afraid of losing or happening in my relationships? What are my non-negotiables, and are they reasonable? How do I handle feelings of jealousy or insecurity?

It may also be helpful to explore the concept of attachment styles, as an insecure attachment style can contribute to possessiveness. You can try practicing self-compassion, recognizing that your worth and identity are not defined by your relationships. Additionally, work on developing healthy communication skills, such as active listening and expressing your feelings and needs in a clear, respectful manner.

Consider seeking the help of a therapist who can guide you in identifying and addressing the root causes of your possessiveness. They can help you develop strategies to manage your emotions, build trust, and foster healthier relationships. Remember that overcoming possessiveness is a process that takes time, effort, and patience, but it's worth it to nurture more fulfilling and balanced friendships.",questionID_862,The Underlying Causes of Being Possessive,I am extremely possessive in my relationships and this is hurting my friendships. How can I fix my underlying issues?,behavioral-change,llama3,842,0.1496126719386781,0
113,10,"They can help you develop strategies to manage your emotions, build trust, and foster healthier relationships.",1157,1267,0,0,0,5,"It's great that you're acknowledging the impact of your possessiveness on your friendships and seeking to address the underlying issues. Possessiveness often stems from deep-seated insecurities, fear of abandonment, or a lack of trust. To start working on this, consider reflecting on your past experiences, such as childhood relationships or previous traumas, that may have contributed to your possessive tendencies. Ask yourself questions like: What am I afraid of losing or happening in my relationships? What are my non-negotiables, and are they reasonable? How do I handle feelings of jealousy or insecurity?

It may also be helpful to explore the concept of attachment styles, as an insecure attachment style can contribute to possessiveness. You can try practicing self-compassion, recognizing that your worth and identity are not defined by your relationships. Additionally, work on developing healthy communication skills, such as active listening and expressing your feelings and needs in a clear, respectful manner.

Consider seeking the help of a therapist who can guide you in identifying and addressing the root causes of your possessiveness. They can help you develop strategies to manage your emotions, build trust, and foster healthier relationships. Remember that overcoming possessiveness is a process that takes time, effort, and patience, but it's worth it to nurture more fulfilling and balanced friendships.",questionID_862,The Underlying Causes of Being Possessive,I am extremely possessive in my relationships and this is hurting my friendships. How can I fix my underlying issues?,behavioral-change,llama3,843,0.10107822543973906,0
113,11,"Remember that overcoming possessiveness is a process that takes time, effort, and patience, but it's worth it to nurture more fulfilling and balanced friendships.",1268,1430,0,0,0,5,"It's great that you're acknowledging the impact of your possessiveness on your friendships and seeking to address the underlying issues. Possessiveness often stems from deep-seated insecurities, fear of abandonment, or a lack of trust. To start working on this, consider reflecting on your past experiences, such as childhood relationships or previous traumas, that may have contributed to your possessive tendencies. Ask yourself questions like: What am I afraid of losing or happening in my relationships? What are my non-negotiables, and are they reasonable? How do I handle feelings of jealousy or insecurity?

It may also be helpful to explore the concept of attachment styles, as an insecure attachment style can contribute to possessiveness. You can try practicing self-compassion, recognizing that your worth and identity are not defined by your relationships. Additionally, work on developing healthy communication skills, such as active listening and expressing your feelings and needs in a clear, respectful manner.

Consider seeking the help of a therapist who can guide you in identifying and addressing the root causes of your possessiveness. They can help you develop strategies to manage your emotions, build trust, and foster healthier relationships. Remember that overcoming possessiveness is a process that takes time, effort, and patience, but it's worth it to nurture more fulfilling and balanced friendships.",questionID_862,The Underlying Causes of Being Possessive,I am extremely possessive in my relationships and this is hurting my friendships. How can I fix my underlying issues?,behavioral-change,llama3,844,0.09723043986508208,0
122,0,Check with your local non-profit agencies.,0,42,0,0,0,5,Check with your local non-profit agencies.  I am sure there are programs which provides services for others in the same financial position as you.  Many have sliding scale fees based on your income which can be $0.,questionID_430,How can I get therapy for posttraumatic stress disorder without any money or insurance?,,trauma,human,903,0.12071807255763839,0
122,1,I am sure there are programs which provides services for others in the same financial position as you.,44,146,1,1,1,5,Check with your local non-profit agencies.  I am sure there are programs which provides services for others in the same financial position as you.  Many have sliding scale fees based on your income which can be $0.,questionID_430,How can I get therapy for posttraumatic stress disorder without any money or insurance?,,trauma,human,904,0.3131861320314067,1
122,2,Many have sliding scale fees based on your income which can be $0.,148,214,0,0,0,5,Check with your local non-profit agencies.  I am sure there are programs which provides services for others in the same financial position as you.  Many have sliding scale fees based on your income which can be $0.,questionID_430,How can I get therapy for posttraumatic stress disorder without any money or insurance?,,trauma,human,905,0.20926457957384734,1
138,0,"Chances are, if you really think about it, there were signs that something wasn’t quite right in your marriage.",0,111,1,2,2,5,"Chances are, if you really think about it, there were signs that something wasn’t quite right in your marriage. You may have passed these things off as being the normal ups and downs of a marriage, but whatever it was (or wasn't), it's obviously bothering your wife. I would say yes, keep trying to fight for your family, at least until you know what the problems are from your wife's perspective and if they're repairable. Ask your wife if she’s willing to try to work on the marriage and then see a marriage counselor. Just be sure you’re open to hearing what's said and try not to get defensive if she blames you for some things.Even if your wife is adamant about getting a divorce, that doesn't mean you’re divorcing your daughter and you should make sure she knows that. Continue to be a part of her life. And although it may be difficult, if a divorce does happen, try to be as amicable as possible with your wife so your daughter isn't further impacted by this new family dynamic.",questionID_358,How do I fix my marriage?,My wife just last week said she wants a divorce and it's all sudden. I understand that marriages have their ups and downs but I don't understand why she can't tell me why she wants a divorce. Should I fight for my family (daughter and wife)?,relationship-dissolution,human,1010,0.3797724332763044,1
138,1,"You may have passed these things off as being the normal ups and downs of a marriage, but whatever it was (or wasn't), it's obviously bothering your wife.",112,266,1,2,2,5,"Chances are, if you really think about it, there were signs that something wasn’t quite right in your marriage. You may have passed these things off as being the normal ups and downs of a marriage, but whatever it was (or wasn't), it's obviously bothering your wife. I would say yes, keep trying to fight for your family, at least until you know what the problems are from your wife's perspective and if they're repairable. Ask your wife if she’s willing to try to work on the marriage and then see a marriage counselor. Just be sure you’re open to hearing what's said and try not to get defensive if she blames you for some things.Even if your wife is adamant about getting a divorce, that doesn't mean you’re divorcing your daughter and you should make sure she knows that. Continue to be a part of her life. And although it may be difficult, if a divorce does happen, try to be as amicable as possible with your wife so your daughter isn't further impacted by this new family dynamic.",questionID_358,How do I fix my marriage?,My wife just last week said she wants a divorce and it's all sudden. I understand that marriages have their ups and downs but I don't understand why she can't tell me why she wants a divorce. Should I fight for my family (daughter and wife)?,relationship-dissolution,human,1011,0.3173295451313202,1
138,2,"I would say yes, keep trying to fight for your family, at least until you know what the problems are from your wife's perspective and if they're repairable.",267,423,1,1,1,5,"Chances are, if you really think about it, there were signs that something wasn’t quite right in your marriage. You may have passed these things off as being the normal ups and downs of a marriage, but whatever it was (or wasn't), it's obviously bothering your wife. I would say yes, keep trying to fight for your family, at least until you know what the problems are from your wife's perspective and if they're repairable. Ask your wife if she’s willing to try to work on the marriage and then see a marriage counselor. Just be sure you’re open to hearing what's said and try not to get defensive if she blames you for some things.Even if your wife is adamant about getting a divorce, that doesn't mean you’re divorcing your daughter and you should make sure she knows that. Continue to be a part of her life. And although it may be difficult, if a divorce does happen, try to be as amicable as possible with your wife so your daughter isn't further impacted by this new family dynamic.",questionID_358,How do I fix my marriage?,My wife just last week said she wants a divorce and it's all sudden. I understand that marriages have their ups and downs but I don't understand why she can't tell me why she wants a divorce. Should I fight for my family (daughter and wife)?,relationship-dissolution,human,1012,0.3842608505727539,1
138,3,Ask your wife if she’s willing to try to work on the marriage and then see a marriage counselor.,424,520,1,1,1,5,"Chances are, if you really think about it, there were signs that something wasn’t quite right in your marriage. You may have passed these things off as being the normal ups and downs of a marriage, but whatever it was (or wasn't), it's obviously bothering your wife. I would say yes, keep trying to fight for your family, at least until you know what the problems are from your wife's perspective and if they're repairable. Ask your wife if she’s willing to try to work on the marriage and then see a marriage counselor. Just be sure you’re open to hearing what's said and try not to get defensive if she blames you for some things.Even if your wife is adamant about getting a divorce, that doesn't mean you’re divorcing your daughter and you should make sure she knows that. Continue to be a part of her life. And although it may be difficult, if a divorce does happen, try to be as amicable as possible with your wife so your daughter isn't further impacted by this new family dynamic.",questionID_358,How do I fix my marriage?,My wife just last week said she wants a divorce and it's all sudden. I understand that marriages have their ups and downs but I don't understand why she can't tell me why she wants a divorce. Should I fight for my family (daughter and wife)?,relationship-dissolution,human,1013,0.2692805061776021,1
138,4,Just be sure you’re open to hearing what's said and try not to get defensive if she blames you for some things.,521,632,1,1,1,5,"Chances are, if you really think about it, there were signs that something wasn’t quite right in your marriage. You may have passed these things off as being the normal ups and downs of a marriage, but whatever it was (or wasn't), it's obviously bothering your wife. I would say yes, keep trying to fight for your family, at least until you know what the problems are from your wife's perspective and if they're repairable. Ask your wife if she’s willing to try to work on the marriage and then see a marriage counselor. Just be sure you’re open to hearing what's said and try not to get defensive if she blames you for some things.Even if your wife is adamant about getting a divorce, that doesn't mean you’re divorcing your daughter and you should make sure she knows that. Continue to be a part of her life. And although it may be difficult, if a divorce does happen, try to be as amicable as possible with your wife so your daughter isn't further impacted by this new family dynamic.",questionID_358,How do I fix my marriage?,My wife just last week said she wants a divorce and it's all sudden. I understand that marriages have their ups and downs but I don't understand why she can't tell me why she wants a divorce. Should I fight for my family (daughter and wife)?,relationship-dissolution,human,1014,0.4140458255889534,1
138,5,"Even if your wife is adamant about getting a divorce, that doesn't mean you’re divorcing your daughter and you should make sure she knows that.",632,775,1,1,1,5,"Chances are, if you really think about it, there were signs that something wasn’t quite right in your marriage. You may have passed these things off as being the normal ups and downs of a marriage, but whatever it was (or wasn't), it's obviously bothering your wife. I would say yes, keep trying to fight for your family, at least until you know what the problems are from your wife's perspective and if they're repairable. Ask your wife if she’s willing to try to work on the marriage and then see a marriage counselor. Just be sure you’re open to hearing what's said and try not to get defensive if she blames you for some things.Even if your wife is adamant about getting a divorce, that doesn't mean you’re divorcing your daughter and you should make sure she knows that. Continue to be a part of her life. And although it may be difficult, if a divorce does happen, try to be as amicable as possible with your wife so your daughter isn't further impacted by this new family dynamic.",questionID_358,How do I fix my marriage?,My wife just last week said she wants a divorce and it's all sudden. I understand that marriages have their ups and downs but I don't understand why she can't tell me why she wants a divorce. Should I fight for my family (daughter and wife)?,relationship-dissolution,human,1015,0.3145240910058017,1
138,6,Continue to be a part of her life.,776,810,1,1,1,5,"Chances are, if you really think about it, there were signs that something wasn’t quite right in your marriage. You may have passed these things off as being the normal ups and downs of a marriage, but whatever it was (or wasn't), it's obviously bothering your wife. I would say yes, keep trying to fight for your family, at least until you know what the problems are from your wife's perspective and if they're repairable. Ask your wife if she’s willing to try to work on the marriage and then see a marriage counselor. Just be sure you’re open to hearing what's said and try not to get defensive if she blames you for some things.Even if your wife is adamant about getting a divorce, that doesn't mean you’re divorcing your daughter and you should make sure she knows that. Continue to be a part of her life. And although it may be difficult, if a divorce does happen, try to be as amicable as possible with your wife so your daughter isn't further impacted by this new family dynamic.",questionID_358,How do I fix my marriage?,My wife just last week said she wants a divorce and it's all sudden. I understand that marriages have their ups and downs but I don't understand why she can't tell me why she wants a divorce. Should I fight for my family (daughter and wife)?,relationship-dissolution,human,1016,0.34753831082491066,1
138,7,"And although it may be difficult, if a divorce does happen, try to be as amicable as possible with your wife so your daughter isn't further impacted by this new family dynamic.",811,987,0,0,0,5,"Chances are, if you really think about it, there were signs that something wasn’t quite right in your marriage. You may have passed these things off as being the normal ups and downs of a marriage, but whatever it was (or wasn't), it's obviously bothering your wife. I would say yes, keep trying to fight for your family, at least until you know what the problems are from your wife's perspective and if they're repairable. Ask your wife if she’s willing to try to work on the marriage and then see a marriage counselor. Just be sure you’re open to hearing what's said and try not to get defensive if she blames you for some things.Even if your wife is adamant about getting a divorce, that doesn't mean you’re divorcing your daughter and you should make sure she knows that. Continue to be a part of her life. And although it may be difficult, if a divorce does happen, try to be as amicable as possible with your wife so your daughter isn't further impacted by this new family dynamic.",questionID_358,How do I fix my marriage?,My wife just last week said she wants a divorce and it's all sudden. I understand that marriages have their ups and downs but I don't understand why she can't tell me why she wants a divorce. Should I fight for my family (daughter and wife)?,relationship-dissolution,human,1017,0.25260030041824816,1
141,0,"Losing a mother is a deeply painful experience, and there's no one ""right"" way to grieve.",0,89,0,0,0,5,"Losing a mother is a deeply painful experience, and there's no one ""right"" way to grieve. Allow yourself to feel the emotions as they come, whether it's sadness, anger, or confusion. Consider seeking support from friends, family, a support group, or a therapist who can provide guidance and a safe space to process your grief. Remembering and honoring her memory through cherished stories, photos, or traditions can also be comforting during this difficult time. Be patient with yourself; healing takes time.",questionID_611,How do I cope with losing my mom?,,grief-and-loss,gemini,1039,0.36743750323676166,1
141,1,"Allow yourself to feel the emotions as they come, whether it's sadness, anger, or confusion.",90,182,0,0,0,5,"Losing a mother is a deeply painful experience, and there's no one ""right"" way to grieve. Allow yourself to feel the emotions as they come, whether it's sadness, anger, or confusion. Consider seeking support from friends, family, a support group, or a therapist who can provide guidance and a safe space to process your grief. Remembering and honoring her memory through cherished stories, photos, or traditions can also be comforting during this difficult time. Be patient with yourself; healing takes time.",questionID_611,How do I cope with losing my mom?,,grief-and-loss,gemini,1040,0.17492672109253762,1
141,2,"Consider seeking support from friends, family, a support group, or a therapist who can provide guidance and a safe space to process your grief.",183,326,0,0,0,5,"Losing a mother is a deeply painful experience, and there's no one ""right"" way to grieve. Allow yourself to feel the emotions as they come, whether it's sadness, anger, or confusion. Consider seeking support from friends, family, a support group, or a therapist who can provide guidance and a safe space to process your grief. Remembering and honoring her memory through cherished stories, photos, or traditions can also be comforting during this difficult time. Be patient with yourself; healing takes time.",questionID_611,How do I cope with losing my mom?,,grief-and-loss,gemini,1041,0.04518332110283565,0
141,3,"Remembering and honoring her memory through cherished stories, photos, or traditions can also be comforting during this difficult time.",327,462,0,0,0,5,"Losing a mother is a deeply painful experience, and there's no one ""right"" way to grieve. Allow yourself to feel the emotions as they come, whether it's sadness, anger, or confusion. Consider seeking support from friends, family, a support group, or a therapist who can provide guidance and a safe space to process your grief. Remembering and honoring her memory through cherished stories, photos, or traditions can also be comforting during this difficult time. Be patient with yourself; healing takes time.",questionID_611,How do I cope with losing my mom?,,grief-and-loss,gemini,1042,0.11511837956861397,0
141,4,Be patient with yourself; healing takes time.,463,508,0,0,0,5,"Losing a mother is a deeply painful experience, and there's no one ""right"" way to grieve. Allow yourself to feel the emotions as they come, whether it's sadness, anger, or confusion. Consider seeking support from friends, family, a support group, or a therapist who can provide guidance and a safe space to process your grief. Remembering and honoring her memory through cherished stories, photos, or traditions can also be comforting during this difficult time. Be patient with yourself; healing takes time.",questionID_611,How do I cope with losing my mom?,,grief-and-loss,gemini,1043,0.10143673184623493,0
147,0,I'm sorry to hear that you're feeling frustrated with your husband's behavior.,0,78,0,0,0,5,"I'm sorry to hear that you're feeling frustrated with your husband's behavior. It sounds like you both need to have an open, honest conversation about your feelings and concerns. Try to express your worries by using ""I"" statements instead of ""you"" statements to avoid sounding confrontational. For instance, instead of saying ""You need to change"", you could say ""I feel worried when the dog runs out because I fear he might get hit by a car"". It's also important to choose a good time for this conversation, when you both are calm and not preoccupied. If the situation doesn't improve, you might want to consider seeking help from a professional counselor who can provide tools and techniques to improve your communication.",questionID_694,My husband yells “enough” when I tell him he needs to change,"That phrase makes me crazy. It happens anytime I point out something to my husband that he needs to change, such as looking up from his iPad long enough for me to tell him the grandbaby almost pulled the shelf unit over or explaining to him that I got all the things he needs to bake a pie. Another example is when he opens the front door, the dog runs out if he doesn't pick him up. Over and over again, he lets the dog run out, and I am afraid he will get hit by a car.",marriage,gpt4,1082,0.08966139813809121,0
147,1,"It sounds like you both need to have an open, honest conversation about your feelings and concerns.",79,178,0,0,0,5,"I'm sorry to hear that you're feeling frustrated with your husband's behavior. It sounds like you both need to have an open, honest conversation about your feelings and concerns. Try to express your worries by using ""I"" statements instead of ""you"" statements to avoid sounding confrontational. For instance, instead of saying ""You need to change"", you could say ""I feel worried when the dog runs out because I fear he might get hit by a car"". It's also important to choose a good time for this conversation, when you both are calm and not preoccupied. If the situation doesn't improve, you might want to consider seeking help from a professional counselor who can provide tools and techniques to improve your communication.",questionID_694,My husband yells “enough” when I tell him he needs to change,"That phrase makes me crazy. It happens anytime I point out something to my husband that he needs to change, such as looking up from his iPad long enough for me to tell him the grandbaby almost pulled the shelf unit over or explaining to him that I got all the things he needs to bake a pie. Another example is when he opens the front door, the dog runs out if he doesn't pick him up. Over and over again, he lets the dog run out, and I am afraid he will get hit by a car.",marriage,gpt4,1083,0.1916918724239232,1
147,2,"Try to express your worries by using ""I"" statements instead of ""you"" statements to avoid sounding confrontational.",179,293,0,0,0,5,"I'm sorry to hear that you're feeling frustrated with your husband's behavior. It sounds like you both need to have an open, honest conversation about your feelings and concerns. Try to express your worries by using ""I"" statements instead of ""you"" statements to avoid sounding confrontational. For instance, instead of saying ""You need to change"", you could say ""I feel worried when the dog runs out because I fear he might get hit by a car"". It's also important to choose a good time for this conversation, when you both are calm and not preoccupied. If the situation doesn't improve, you might want to consider seeking help from a professional counselor who can provide tools and techniques to improve your communication.",questionID_694,My husband yells “enough” when I tell him he needs to change,"That phrase makes me crazy. It happens anytime I point out something to my husband that he needs to change, such as looking up from his iPad long enough for me to tell him the grandbaby almost pulled the shelf unit over or explaining to him that I got all the things he needs to bake a pie. Another example is when he opens the front door, the dog runs out if he doesn't pick him up. Over and over again, he lets the dog run out, and I am afraid he will get hit by a car.",marriage,gpt4,1084,0.15186628763605525,1
147,3,"For instance, instead of saying ""You need to change"", you could say ""I feel worried when the dog runs out because I fear he might get hit by a car"".",294,442,0,0,0,5,"I'm sorry to hear that you're feeling frustrated with your husband's behavior. It sounds like you both need to have an open, honest conversation about your feelings and concerns. Try to express your worries by using ""I"" statements instead of ""you"" statements to avoid sounding confrontational. For instance, instead of saying ""You need to change"", you could say ""I feel worried when the dog runs out because I fear he might get hit by a car"". It's also important to choose a good time for this conversation, when you both are calm and not preoccupied. If the situation doesn't improve, you might want to consider seeking help from a professional counselor who can provide tools and techniques to improve your communication.",questionID_694,My husband yells “enough” when I tell him he needs to change,"That phrase makes me crazy. It happens anytime I point out something to my husband that he needs to change, such as looking up from his iPad long enough for me to tell him the grandbaby almost pulled the shelf unit over or explaining to him that I got all the things he needs to bake a pie. Another example is when he opens the front door, the dog runs out if he doesn't pick him up. Over and over again, he lets the dog run out, and I am afraid he will get hit by a car.",marriage,gpt4,1085,0.48346363647055823,1
147,4,"It's also important to choose a good time for this conversation, when you both are calm and not preoccupied.",443,551,0,0,0,5,"I'm sorry to hear that you're feeling frustrated with your husband's behavior. It sounds like you both need to have an open, honest conversation about your feelings and concerns. Try to express your worries by using ""I"" statements instead of ""you"" statements to avoid sounding confrontational. For instance, instead of saying ""You need to change"", you could say ""I feel worried when the dog runs out because I fear he might get hit by a car"". It's also important to choose a good time for this conversation, when you both are calm and not preoccupied. If the situation doesn't improve, you might want to consider seeking help from a professional counselor who can provide tools and techniques to improve your communication.",questionID_694,My husband yells “enough” when I tell him he needs to change,"That phrase makes me crazy. It happens anytime I point out something to my husband that he needs to change, such as looking up from his iPad long enough for me to tell him the grandbaby almost pulled the shelf unit over or explaining to him that I got all the things he needs to bake a pie. Another example is when he opens the front door, the dog runs out if he doesn't pick him up. Over and over again, he lets the dog run out, and I am afraid he will get hit by a car.",marriage,gpt4,1086,0.2140178440293918,1
147,5,"If the situation doesn't improve, you might want to consider seeking help from a professional counselor who can provide tools and techniques to improve your communication.",552,723,0,0,0,5,"I'm sorry to hear that you're feeling frustrated with your husband's behavior. It sounds like you both need to have an open, honest conversation about your feelings and concerns. Try to express your worries by using ""I"" statements instead of ""you"" statements to avoid sounding confrontational. For instance, instead of saying ""You need to change"", you could say ""I feel worried when the dog runs out because I fear he might get hit by a car"". It's also important to choose a good time for this conversation, when you both are calm and not preoccupied. If the situation doesn't improve, you might want to consider seeking help from a professional counselor who can provide tools and techniques to improve your communication.",questionID_694,My husband yells “enough” when I tell him he needs to change,"That phrase makes me crazy. It happens anytime I point out something to my husband that he needs to change, such as looking up from his iPad long enough for me to tell him the grandbaby almost pulled the shelf unit over or explaining to him that I got all the things he needs to bake a pie. Another example is when he opens the front door, the dog runs out if he doesn't pick him up. Over and over again, he lets the dog run out, and I am afraid he will get hit by a car.",marriage,gpt4,1087,0.08635686248750858,0
160,0,It sounds incredibly frustrating to feel like your best efforts aren't being recognized.,0,88,0,0,0,5,"It sounds incredibly frustrating to feel like your best efforts aren't being recognized. Since you've already invested so much in self-improvement and positive relationships, it might be helpful to explore where these ""not good enough"" messages originate and challenge their validity with a therapist, as this pattern may stem from external sources or internalized beliefs rather than your actual performance. Focusing on self-compassion and celebrating your existing strengths could also offer valuable support during this time.",questionID_307,"How do I cope with ""never being good enough?""","I'm always told I'm not good enough or trying hard enough. I put 100% in to every thing. I'm worn out, I've worked on all of my family relationships, I'm doing great in school, I'm kind to those in need and otherwise. I stick to my religious beliefs and leave room for mistakes and learn from others so I don't have to make as many and the ones I do I learn from. Somehow it's still not good enough and nothing I do works. Nothing has changed, and I feel hopeless. Any suggestions or ideas?",self-esteem,gemini,1172,0.1439275840144191,0
160,1,"Since you've already invested so much in self-improvement and positive relationships, it might be helpful to explore where these ""not good enough"" messages originate and challenge their validity with a therapist, as this pattern may stem from external sources or internalized beliefs rather than your actual performance.",89,409,0,0,0,5,"It sounds incredibly frustrating to feel like your best efforts aren't being recognized. Since you've already invested so much in self-improvement and positive relationships, it might be helpful to explore where these ""not good enough"" messages originate and challenge their validity with a therapist, as this pattern may stem from external sources or internalized beliefs rather than your actual performance. Focusing on self-compassion and celebrating your existing strengths could also offer valuable support during this time.",questionID_307,"How do I cope with ""never being good enough?""","I'm always told I'm not good enough or trying hard enough. I put 100% in to every thing. I'm worn out, I've worked on all of my family relationships, I'm doing great in school, I'm kind to those in need and otherwise. I stick to my religious beliefs and leave room for mistakes and learn from others so I don't have to make as many and the ones I do I learn from. Somehow it's still not good enough and nothing I do works. Nothing has changed, and I feel hopeless. Any suggestions or ideas?",self-esteem,gemini,1173,0.18311901715375675,1
160,2,Focusing on self-compassion and celebrating your existing strengths could also offer valuable support during this time.,410,529,0,0,0,5,"It sounds incredibly frustrating to feel like your best efforts aren't being recognized. Since you've already invested so much in self-improvement and positive relationships, it might be helpful to explore where these ""not good enough"" messages originate and challenge their validity with a therapist, as this pattern may stem from external sources or internalized beliefs rather than your actual performance. Focusing on self-compassion and celebrating your existing strengths could also offer valuable support during this time.",questionID_307,"How do I cope with ""never being good enough?""","I'm always told I'm not good enough or trying hard enough. I put 100% in to every thing. I'm worn out, I've worked on all of my family relationships, I'm doing great in school, I'm kind to those in need and otherwise. I stick to my religious beliefs and leave room for mistakes and learn from others so I don't have to make as many and the ones I do I learn from. Somehow it's still not good enough and nothing I do works. Nothing has changed, and I feel hopeless. Any suggestions or ideas?",self-esteem,gemini,1174,0.12564899834107326,0
165,0,I want to acknowledge your courage in sharing this sensitive information with your family doctor.,0,97,0,0,0,5,"I want to acknowledge your courage in sharing this sensitive information with your family doctor. Regarding your question, the laws and regulations surrounding confidentiality and disclosure vary by jurisdiction, but I'll provide a general overview. In most cases, your doctor is bound by confidentiality and HIPAA (Health Insurance Portability and Accountability Act) regulations, which protect your personal health information. However, there are exceptions to confidentiality, such as when there is a risk of harm to yourself or others. 

In your situation, since you shared information about hoarding medication, your doctor might have a duty to inform your psychiatrist or therapist, especially if they believe you're at risk of harming yourself or others. This is not necessarily a legal requirement, but rather a professional and ethical obligation to ensure your safety and well-being. It's possible that your doctor may discuss their concerns with you and involve you in the decision-making process before contacting your psychiatrist or therapist. 

It's essential to remember that your healthcare providers are there to support you, and their primary concern is your safety and well-being. If you're struggling with medication management or experiencing overwhelming emotions, I encourage you to reach out to your psychiatrist, therapist, or a crisis helpline for immediate support. You can also contact the National Crisis Text Line by texting ""HOME"" to 741741 or call the National Alliance on Mental Illness (NAMI) Helpline at 1-800-950-6264.",questionID_892,"I told my family doctor yesterday, that I am hoarding my Ativan pills. Is he legally required to tell my psychiatrist or therapist?","I have major depression, severe, PTSD, anxiety disorder, and personality disorder. I had an appointment with my doctor. I was very upset, and I shared with him about that particular drug.",legal-regulatory,llama3,1205,0.12589443025902322,0
165,1,"Regarding your question, the laws and regulations surrounding confidentiality and disclosure vary by jurisdiction, but I'll provide a general overview.",98,249,0,0,0,5,"I want to acknowledge your courage in sharing this sensitive information with your family doctor. Regarding your question, the laws and regulations surrounding confidentiality and disclosure vary by jurisdiction, but I'll provide a general overview. In most cases, your doctor is bound by confidentiality and HIPAA (Health Insurance Portability and Accountability Act) regulations, which protect your personal health information. However, there are exceptions to confidentiality, such as when there is a risk of harm to yourself or others. 

In your situation, since you shared information about hoarding medication, your doctor might have a duty to inform your psychiatrist or therapist, especially if they believe you're at risk of harming yourself or others. This is not necessarily a legal requirement, but rather a professional and ethical obligation to ensure your safety and well-being. It's possible that your doctor may discuss their concerns with you and involve you in the decision-making process before contacting your psychiatrist or therapist. 

It's essential to remember that your healthcare providers are there to support you, and their primary concern is your safety and well-being. If you're struggling with medication management or experiencing overwhelming emotions, I encourage you to reach out to your psychiatrist, therapist, or a crisis helpline for immediate support. You can also contact the National Crisis Text Line by texting ""HOME"" to 741741 or call the National Alliance on Mental Illness (NAMI) Helpline at 1-800-950-6264.",questionID_892,"I told my family doctor yesterday, that I am hoarding my Ativan pills. Is he legally required to tell my psychiatrist or therapist?","I have major depression, severe, PTSD, anxiety disorder, and personality disorder. I had an appointment with my doctor. I was very upset, and I shared with him about that particular drug.",legal-regulatory,llama3,1206,0.15351740363883273,1
165,2,"In most cases, your doctor is bound by confidentiality and HIPAA (Health Insurance Portability and Accountability Act) regulations, which protect your personal health information.",250,429,0,0,0,5,"I want to acknowledge your courage in sharing this sensitive information with your family doctor. Regarding your question, the laws and regulations surrounding confidentiality and disclosure vary by jurisdiction, but I'll provide a general overview. In most cases, your doctor is bound by confidentiality and HIPAA (Health Insurance Portability and Accountability Act) regulations, which protect your personal health information. However, there are exceptions to confidentiality, such as when there is a risk of harm to yourself or others. 

In your situation, since you shared information about hoarding medication, your doctor might have a duty to inform your psychiatrist or therapist, especially if they believe you're at risk of harming yourself or others. This is not necessarily a legal requirement, but rather a professional and ethical obligation to ensure your safety and well-being. It's possible that your doctor may discuss their concerns with you and involve you in the decision-making process before contacting your psychiatrist or therapist. 

It's essential to remember that your healthcare providers are there to support you, and their primary concern is your safety and well-being. If you're struggling with medication management or experiencing overwhelming emotions, I encourage you to reach out to your psychiatrist, therapist, or a crisis helpline for immediate support. You can also contact the National Crisis Text Line by texting ""HOME"" to 741741 or call the National Alliance on Mental Illness (NAMI) Helpline at 1-800-950-6264.",questionID_892,"I told my family doctor yesterday, that I am hoarding my Ativan pills. Is he legally required to tell my psychiatrist or therapist?","I have major depression, severe, PTSD, anxiety disorder, and personality disorder. I had an appointment with my doctor. I was very upset, and I shared with him about that particular drug.",legal-regulatory,llama3,1207,0.11125394440766208,0
165,3,"However, there are exceptions to confidentiality, such as when there is a risk of harm to yourself or others.",430,539,0,0,0,5,"I want to acknowledge your courage in sharing this sensitive information with your family doctor. Regarding your question, the laws and regulations surrounding confidentiality and disclosure vary by jurisdiction, but I'll provide a general overview. In most cases, your doctor is bound by confidentiality and HIPAA (Health Insurance Portability and Accountability Act) regulations, which protect your personal health information. However, there are exceptions to confidentiality, such as when there is a risk of harm to yourself or others. 

In your situation, since you shared information about hoarding medication, your doctor might have a duty to inform your psychiatrist or therapist, especially if they believe you're at risk of harming yourself or others. This is not necessarily a legal requirement, but rather a professional and ethical obligation to ensure your safety and well-being. It's possible that your doctor may discuss their concerns with you and involve you in the decision-making process before contacting your psychiatrist or therapist. 

It's essential to remember that your healthcare providers are there to support you, and their primary concern is your safety and well-being. If you're struggling with medication management or experiencing overwhelming emotions, I encourage you to reach out to your psychiatrist, therapist, or a crisis helpline for immediate support. You can also contact the National Crisis Text Line by texting ""HOME"" to 741741 or call the National Alliance on Mental Illness (NAMI) Helpline at 1-800-950-6264.",questionID_892,"I told my family doctor yesterday, that I am hoarding my Ativan pills. Is he legally required to tell my psychiatrist or therapist?","I have major depression, severe, PTSD, anxiety disorder, and personality disorder. I had an appointment with my doctor. I was very upset, and I shared with him about that particular drug.",legal-regulatory,llama3,1208,0.2372612146736849,1
165,4,"In your situation, since you shared information about hoarding medication, your doctor might have a duty to inform your psychiatrist or therapist, especially if they believe you're at risk of harming yourself or others.",542,761,0,0,0,5,"I want to acknowledge your courage in sharing this sensitive information with your family doctor. Regarding your question, the laws and regulations surrounding confidentiality and disclosure vary by jurisdiction, but I'll provide a general overview. In most cases, your doctor is bound by confidentiality and HIPAA (Health Insurance Portability and Accountability Act) regulations, which protect your personal health information. However, there are exceptions to confidentiality, such as when there is a risk of harm to yourself or others. 

In your situation, since you shared information about hoarding medication, your doctor might have a duty to inform your psychiatrist or therapist, especially if they believe you're at risk of harming yourself or others. This is not necessarily a legal requirement, but rather a professional and ethical obligation to ensure your safety and well-being. It's possible that your doctor may discuss their concerns with you and involve you in the decision-making process before contacting your psychiatrist or therapist. 

It's essential to remember that your healthcare providers are there to support you, and their primary concern is your safety and well-being. If you're struggling with medication management or experiencing overwhelming emotions, I encourage you to reach out to your psychiatrist, therapist, or a crisis helpline for immediate support. You can also contact the National Crisis Text Line by texting ""HOME"" to 741741 or call the National Alliance on Mental Illness (NAMI) Helpline at 1-800-950-6264.",questionID_892,"I told my family doctor yesterday, that I am hoarding my Ativan pills. Is he legally required to tell my psychiatrist or therapist?","I have major depression, severe, PTSD, anxiety disorder, and personality disorder. I had an appointment with my doctor. I was very upset, and I shared with him about that particular drug.",legal-regulatory,llama3,1209,0.17219122385787586,1
165,5,"This is not necessarily a legal requirement, but rather a professional and ethical obligation to ensure your safety and well-being.",762,893,0,0,0,5,"I want to acknowledge your courage in sharing this sensitive information with your family doctor. Regarding your question, the laws and regulations surrounding confidentiality and disclosure vary by jurisdiction, but I'll provide a general overview. In most cases, your doctor is bound by confidentiality and HIPAA (Health Insurance Portability and Accountability Act) regulations, which protect your personal health information. However, there are exceptions to confidentiality, such as when there is a risk of harm to yourself or others. 

In your situation, since you shared information about hoarding medication, your doctor might have a duty to inform your psychiatrist or therapist, especially if they believe you're at risk of harming yourself or others. This is not necessarily a legal requirement, but rather a professional and ethical obligation to ensure your safety and well-being. It's possible that your doctor may discuss their concerns with you and involve you in the decision-making process before contacting your psychiatrist or therapist. 

It's essential to remember that your healthcare providers are there to support you, and their primary concern is your safety and well-being. If you're struggling with medication management or experiencing overwhelming emotions, I encourage you to reach out to your psychiatrist, therapist, or a crisis helpline for immediate support. You can also contact the National Crisis Text Line by texting ""HOME"" to 741741 or call the National Alliance on Mental Illness (NAMI) Helpline at 1-800-950-6264.",questionID_892,"I told my family doctor yesterday, that I am hoarding my Ativan pills. Is he legally required to tell my psychiatrist or therapist?","I have major depression, severe, PTSD, anxiety disorder, and personality disorder. I had an appointment with my doctor. I was very upset, and I shared with him about that particular drug.",legal-regulatory,llama3,1210,0.0940876621214311,0
165,6,It's possible that your doctor may discuss their concerns with you and involve you in the decision-making process before contacting your psychiatrist or therapist.,894,1057,0,0,0,5,"I want to acknowledge your courage in sharing this sensitive information with your family doctor. Regarding your question, the laws and regulations surrounding confidentiality and disclosure vary by jurisdiction, but I'll provide a general overview. In most cases, your doctor is bound by confidentiality and HIPAA (Health Insurance Portability and Accountability Act) regulations, which protect your personal health information. However, there are exceptions to confidentiality, such as when there is a risk of harm to yourself or others. 

In your situation, since you shared information about hoarding medication, your doctor might have a duty to inform your psychiatrist or therapist, especially if they believe you're at risk of harming yourself or others. This is not necessarily a legal requirement, but rather a professional and ethical obligation to ensure your safety and well-being. It's possible that your doctor may discuss their concerns with you and involve you in the decision-making process before contacting your psychiatrist or therapist. 

It's essential to remember that your healthcare providers are there to support you, and their primary concern is your safety and well-being. If you're struggling with medication management or experiencing overwhelming emotions, I encourage you to reach out to your psychiatrist, therapist, or a crisis helpline for immediate support. You can also contact the National Crisis Text Line by texting ""HOME"" to 741741 or call the National Alliance on Mental Illness (NAMI) Helpline at 1-800-950-6264.",questionID_892,"I told my family doctor yesterday, that I am hoarding my Ativan pills. Is he legally required to tell my psychiatrist or therapist?","I have major depression, severe, PTSD, anxiety disorder, and personality disorder. I had an appointment with my doctor. I was very upset, and I shared with him about that particular drug.",legal-regulatory,llama3,1211,0.12205427053118205,0
165,7,"It's essential to remember that your healthcare providers are there to support you, and their primary concern is your safety and well-being.",1060,1200,0,0,0,5,"I want to acknowledge your courage in sharing this sensitive information with your family doctor. Regarding your question, the laws and regulations surrounding confidentiality and disclosure vary by jurisdiction, but I'll provide a general overview. In most cases, your doctor is bound by confidentiality and HIPAA (Health Insurance Portability and Accountability Act) regulations, which protect your personal health information. However, there are exceptions to confidentiality, such as when there is a risk of harm to yourself or others. 

In your situation, since you shared information about hoarding medication, your doctor might have a duty to inform your psychiatrist or therapist, especially if they believe you're at risk of harming yourself or others. This is not necessarily a legal requirement, but rather a professional and ethical obligation to ensure your safety and well-being. It's possible that your doctor may discuss their concerns with you and involve you in the decision-making process before contacting your psychiatrist or therapist. 

It's essential to remember that your healthcare providers are there to support you, and their primary concern is your safety and well-being. If you're struggling with medication management or experiencing overwhelming emotions, I encourage you to reach out to your psychiatrist, therapist, or a crisis helpline for immediate support. You can also contact the National Crisis Text Line by texting ""HOME"" to 741741 or call the National Alliance on Mental Illness (NAMI) Helpline at 1-800-950-6264.",questionID_892,"I told my family doctor yesterday, that I am hoarding my Ativan pills. Is he legally required to tell my psychiatrist or therapist?","I have major depression, severe, PTSD, anxiety disorder, and personality disorder. I had an appointment with my doctor. I was very upset, and I shared with him about that particular drug.",legal-regulatory,llama3,1212,0.0705318804788176,0
165,8,"If you're struggling with medication management or experiencing overwhelming emotions, I encourage you to reach out to your psychiatrist, therapist, or a crisis helpline for immediate support.",1201,1393,0,0,0,5,"I want to acknowledge your courage in sharing this sensitive information with your family doctor. Regarding your question, the laws and regulations surrounding confidentiality and disclosure vary by jurisdiction, but I'll provide a general overview. In most cases, your doctor is bound by confidentiality and HIPAA (Health Insurance Portability and Accountability Act) regulations, which protect your personal health information. However, there are exceptions to confidentiality, such as when there is a risk of harm to yourself or others. 

In your situation, since you shared information about hoarding medication, your doctor might have a duty to inform your psychiatrist or therapist, especially if they believe you're at risk of harming yourself or others. This is not necessarily a legal requirement, but rather a professional and ethical obligation to ensure your safety and well-being. It's possible that your doctor may discuss their concerns with you and involve you in the decision-making process before contacting your psychiatrist or therapist. 

It's essential to remember that your healthcare providers are there to support you, and their primary concern is your safety and well-being. If you're struggling with medication management or experiencing overwhelming emotions, I encourage you to reach out to your psychiatrist, therapist, or a crisis helpline for immediate support. You can also contact the National Crisis Text Line by texting ""HOME"" to 741741 or call the National Alliance on Mental Illness (NAMI) Helpline at 1-800-950-6264.",questionID_892,"I told my family doctor yesterday, that I am hoarding my Ativan pills. Is he legally required to tell my psychiatrist or therapist?","I have major depression, severe, PTSD, anxiety disorder, and personality disorder. I had an appointment with my doctor. I was very upset, and I shared with him about that particular drug.",legal-regulatory,llama3,1213,0.07110696824591019,0
165,9,"You can also contact the National Crisis Text Line by texting ""HOME"" to 741741 or call the National Alliance on Mental Illness (NAMI) Helpline at 1-800-950-6264.",1394,1555,0,0,0,5,"I want to acknowledge your courage in sharing this sensitive information with your family doctor. Regarding your question, the laws and regulations surrounding confidentiality and disclosure vary by jurisdiction, but I'll provide a general overview. In most cases, your doctor is bound by confidentiality and HIPAA (Health Insurance Portability and Accountability Act) regulations, which protect your personal health information. However, there are exceptions to confidentiality, such as when there is a risk of harm to yourself or others. 

In your situation, since you shared information about hoarding medication, your doctor might have a duty to inform your psychiatrist or therapist, especially if they believe you're at risk of harming yourself or others. This is not necessarily a legal requirement, but rather a professional and ethical obligation to ensure your safety and well-being. It's possible that your doctor may discuss their concerns with you and involve you in the decision-making process before contacting your psychiatrist or therapist. 

It's essential to remember that your healthcare providers are there to support you, and their primary concern is your safety and well-being. If you're struggling with medication management or experiencing overwhelming emotions, I encourage you to reach out to your psychiatrist, therapist, or a crisis helpline for immediate support. You can also contact the National Crisis Text Line by texting ""HOME"" to 741741 or call the National Alliance on Mental Illness (NAMI) Helpline at 1-800-950-6264.",questionID_892,"I told my family doctor yesterday, that I am hoarding my Ativan pills. Is he legally required to tell my psychiatrist or therapist?","I have major depression, severe, PTSD, anxiety disorder, and personality disorder. I had an appointment with my doctor. I was very upset, and I shared with him about that particular drug.",legal-regulatory,llama3,1214,0.12236406119794223,0
167,0,Your doctor might be required to tell your psychiatrist - especially if your doctor is concerned about your safety.,0,115,0,0,0,5,"Your doctor might be required to tell your psychiatrist - especially if your doctor is concerned about your safety.It was definitely a good thing that you told your primary care physician about what is going on.  I know that must have been difficult to talk about with him.  By having that conversation, you are helping your primary care physician and your psychiatrist work together to best support your health.",questionID_892,"I told my family doctor yesterday, that I am hoarding my Ativan pills. Is he legally required to tell my psychiatrist or therapist?","I have major depression, severe, PTSD, anxiety disorder, and personality disorder. I had an appointment with my doctor. I was very upset, and I shared with him about that particular drug.",legal-regulatory,human,1218,0.19094449775314473,1
167,1,It was definitely a good thing that you told your primary care physician about what is going on.,115,211,0,0,0,5,"Your doctor might be required to tell your psychiatrist - especially if your doctor is concerned about your safety.It was definitely a good thing that you told your primary care physician about what is going on.  I know that must have been difficult to talk about with him.  By having that conversation, you are helping your primary care physician and your psychiatrist work together to best support your health.",questionID_892,"I told my family doctor yesterday, that I am hoarding my Ativan pills. Is he legally required to tell my psychiatrist or therapist?","I have major depression, severe, PTSD, anxiety disorder, and personality disorder. I had an appointment with my doctor. I was very upset, and I shared with him about that particular drug.",legal-regulatory,human,1219,0.3234782421886697,1
167,2,I know that must have been difficult to talk about with him.,213,273,0,0,0,5,"Your doctor might be required to tell your psychiatrist - especially if your doctor is concerned about your safety.It was definitely a good thing that you told your primary care physician about what is going on.  I know that must have been difficult to talk about with him.  By having that conversation, you are helping your primary care physician and your psychiatrist work together to best support your health.",questionID_892,"I told my family doctor yesterday, that I am hoarding my Ativan pills. Is he legally required to tell my psychiatrist or therapist?","I have major depression, severe, PTSD, anxiety disorder, and personality disorder. I had an appointment with my doctor. I was very upset, and I shared with him about that particular drug.",legal-regulatory,human,1220,0.24394945547377164,1
167,3,"By having that conversation, you are helping your primary care physician and your psychiatrist work together to best support your health.",275,412,0,0,0,5,"Your doctor might be required to tell your psychiatrist - especially if your doctor is concerned about your safety.It was definitely a good thing that you told your primary care physician about what is going on.  I know that must have been difficult to talk about with him.  By having that conversation, you are helping your primary care physician and your psychiatrist work together to best support your health.",questionID_892,"I told my family doctor yesterday, that I am hoarding my Ativan pills. Is he legally required to tell my psychiatrist or therapist?","I have major depression, severe, PTSD, anxiety disorder, and personality disorder. I had an appointment with my doctor. I was very upset, and I shared with him about that particular drug.",legal-regulatory,human,1221,0.1653020255549298,1
170,0,I am so sorry to hear of your boyfriend's passing.,0,50,0,0,0,5,"I am so sorry to hear of your boyfriend's passing. Grief is something that can take a long time to recover from. Have you considered speaking with a grief counselor? Being able to speak with someone that specializes in grief would be very beneficial. Do not get down on yourself for not recovering quickly. This is one of the hardest aspects to deal with in life but eventually you will be able to move forward. In the mean time, immerse yourself with positivity (i.e. Good friends, hobbies, exercise) and try to schedule a time with a counselor. Perhaps there will be a support group you could also join. Oftentimes, it is comforting to meet others who share the same experience as you.Good luck to you. I hope you will find peace and comfort soon.",questionID_612,How do I find happiness after my boyfriend passed away?,I loved him more than anything. He passed away on our anniversary which was also the day I was going to apply for our apartment. I'm not handling it well. I moved to a new town and started a new life but nothing helps.,grief-and-loss,human,1238,0.08814439858651214,0
170,1,Grief is something that can take a long time to recover from.,51,112,0,0,0,5,"I am so sorry to hear of your boyfriend's passing. Grief is something that can take a long time to recover from. Have you considered speaking with a grief counselor? Being able to speak with someone that specializes in grief would be very beneficial. Do not get down on yourself for not recovering quickly. This is one of the hardest aspects to deal with in life but eventually you will be able to move forward. In the mean time, immerse yourself with positivity (i.e. Good friends, hobbies, exercise) and try to schedule a time with a counselor. Perhaps there will be a support group you could also join. Oftentimes, it is comforting to meet others who share the same experience as you.Good luck to you. I hope you will find peace and comfort soon.",questionID_612,How do I find happiness after my boyfriend passed away?,I loved him more than anything. He passed away on our anniversary which was also the day I was going to apply for our apartment. I'm not handling it well. I moved to a new town and started a new life but nothing helps.,grief-and-loss,human,1239,0.2265200902269283,1
170,2,Have you considered speaking with a grief counselor?,113,165,0,0,0,5,"I am so sorry to hear of your boyfriend's passing. Grief is something that can take a long time to recover from. Have you considered speaking with a grief counselor? Being able to speak with someone that specializes in grief would be very beneficial. Do not get down on yourself for not recovering quickly. This is one of the hardest aspects to deal with in life but eventually you will be able to move forward. In the mean time, immerse yourself with positivity (i.e. Good friends, hobbies, exercise) and try to schedule a time with a counselor. Perhaps there will be a support group you could also join. Oftentimes, it is comforting to meet others who share the same experience as you.Good luck to you. I hope you will find peace and comfort soon.",questionID_612,How do I find happiness after my boyfriend passed away?,I loved him more than anything. He passed away on our anniversary which was also the day I was going to apply for our apartment. I'm not handling it well. I moved to a new town and started a new life but nothing helps.,grief-and-loss,human,1240,0.19297160244701284,1
170,3,Being able to speak with someone that specializes in grief would be very beneficial.,166,250,0,0,0,5,"I am so sorry to hear of your boyfriend's passing. Grief is something that can take a long time to recover from. Have you considered speaking with a grief counselor? Being able to speak with someone that specializes in grief would be very beneficial. Do not get down on yourself for not recovering quickly. This is one of the hardest aspects to deal with in life but eventually you will be able to move forward. In the mean time, immerse yourself with positivity (i.e. Good friends, hobbies, exercise) and try to schedule a time with a counselor. Perhaps there will be a support group you could also join. Oftentimes, it is comforting to meet others who share the same experience as you.Good luck to you. I hope you will find peace and comfort soon.",questionID_612,How do I find happiness after my boyfriend passed away?,I loved him more than anything. He passed away on our anniversary which was also the day I was going to apply for our apartment. I'm not handling it well. I moved to a new town and started a new life but nothing helps.,grief-and-loss,human,1241,0.30385285448643246,1
170,4,Do not get down on yourself for not recovering quickly.,251,306,0,0,0,5,"I am so sorry to hear of your boyfriend's passing. Grief is something that can take a long time to recover from. Have you considered speaking with a grief counselor? Being able to speak with someone that specializes in grief would be very beneficial. Do not get down on yourself for not recovering quickly. This is one of the hardest aspects to deal with in life but eventually you will be able to move forward. In the mean time, immerse yourself with positivity (i.e. Good friends, hobbies, exercise) and try to schedule a time with a counselor. Perhaps there will be a support group you could also join. Oftentimes, it is comforting to meet others who share the same experience as you.Good luck to you. I hope you will find peace and comfort soon.",questionID_612,How do I find happiness after my boyfriend passed away?,I loved him more than anything. He passed away on our anniversary which was also the day I was going to apply for our apartment. I'm not handling it well. I moved to a new town and started a new life but nothing helps.,grief-and-loss,human,1242,0.32680162686179787,1
170,5,This is one of the hardest aspects to deal with in life but eventually you will be able to move forward.,307,411,1,1,1,5,"I am so sorry to hear of your boyfriend's passing. Grief is something that can take a long time to recover from. Have you considered speaking with a grief counselor? Being able to speak with someone that specializes in grief would be very beneficial. Do not get down on yourself for not recovering quickly. This is one of the hardest aspects to deal with in life but eventually you will be able to move forward. In the mean time, immerse yourself with positivity (i.e. Good friends, hobbies, exercise) and try to schedule a time with a counselor. Perhaps there will be a support group you could also join. Oftentimes, it is comforting to meet others who share the same experience as you.Good luck to you. I hope you will find peace and comfort soon.",questionID_612,How do I find happiness after my boyfriend passed away?,I loved him more than anything. He passed away on our anniversary which was also the day I was going to apply for our apartment. I'm not handling it well. I moved to a new town and started a new life but nothing helps.,grief-and-loss,human,1243,0.4223180075656388,1
170,6,"In the mean time, immerse yourself with positivity (i.e. Good friends, hobbies, exercise) and try to schedule a time with a counselor.",412,546,1,1,1,5,"I am so sorry to hear of your boyfriend's passing. Grief is something that can take a long time to recover from. Have you considered speaking with a grief counselor? Being able to speak with someone that specializes in grief would be very beneficial. Do not get down on yourself for not recovering quickly. This is one of the hardest aspects to deal with in life but eventually you will be able to move forward. In the mean time, immerse yourself with positivity (i.e. Good friends, hobbies, exercise) and try to schedule a time with a counselor. Perhaps there will be a support group you could also join. Oftentimes, it is comforting to meet others who share the same experience as you.Good luck to you. I hope you will find peace and comfort soon.",questionID_612,How do I find happiness after my boyfriend passed away?,I loved him more than anything. He passed away on our anniversary which was also the day I was going to apply for our apartment. I'm not handling it well. I moved to a new town and started a new life but nothing helps.,grief-and-loss,human,1244,0.1936562665603148,1
170,7,Perhaps there will be a support group you could also join.,547,605,0,0,0,5,"I am so sorry to hear of your boyfriend's passing. Grief is something that can take a long time to recover from. Have you considered speaking with a grief counselor? Being able to speak with someone that specializes in grief would be very beneficial. Do not get down on yourself for not recovering quickly. This is one of the hardest aspects to deal with in life but eventually you will be able to move forward. In the mean time, immerse yourself with positivity (i.e. Good friends, hobbies, exercise) and try to schedule a time with a counselor. Perhaps there will be a support group you could also join. Oftentimes, it is comforting to meet others who share the same experience as you.Good luck to you. I hope you will find peace and comfort soon.",questionID_612,How do I find happiness after my boyfriend passed away?,I loved him more than anything. He passed away on our anniversary which was also the day I was going to apply for our apartment. I'm not handling it well. I moved to a new town and started a new life but nothing helps.,grief-and-loss,human,1245,0.36727817941877355,1
170,8,"Oftentimes, it is comforting to meet others who share the same experience as you.",606,687,0,0,0,5,"I am so sorry to hear of your boyfriend's passing. Grief is something that can take a long time to recover from. Have you considered speaking with a grief counselor? Being able to speak with someone that specializes in grief would be very beneficial. Do not get down on yourself for not recovering quickly. This is one of the hardest aspects to deal with in life but eventually you will be able to move forward. In the mean time, immerse yourself with positivity (i.e. Good friends, hobbies, exercise) and try to schedule a time with a counselor. Perhaps there will be a support group you could also join. Oftentimes, it is comforting to meet others who share the same experience as you.Good luck to you. I hope you will find peace and comfort soon.",questionID_612,How do I find happiness after my boyfriend passed away?,I loved him more than anything. He passed away on our anniversary which was also the day I was going to apply for our apartment. I'm not handling it well. I moved to a new town and started a new life but nothing helps.,grief-and-loss,human,1246,0.26608443110816876,1
170,9,Good luck to you.,687,704,0,0,0,5,"I am so sorry to hear of your boyfriend's passing. Grief is something that can take a long time to recover from. Have you considered speaking with a grief counselor? Being able to speak with someone that specializes in grief would be very beneficial. Do not get down on yourself for not recovering quickly. This is one of the hardest aspects to deal with in life but eventually you will be able to move forward. In the mean time, immerse yourself with positivity (i.e. Good friends, hobbies, exercise) and try to schedule a time with a counselor. Perhaps there will be a support group you could also join. Oftentimes, it is comforting to meet others who share the same experience as you.Good luck to you. I hope you will find peace and comfort soon.",questionID_612,How do I find happiness after my boyfriend passed away?,I loved him more than anything. He passed away on our anniversary which was also the day I was going to apply for our apartment. I'm not handling it well. I moved to a new town and started a new life but nothing helps.,grief-and-loss,human,1247,0.48905232373945023,1
170,10,I hope you will find peace and comfort soon.,705,749,0,0,0,5,"I am so sorry to hear of your boyfriend's passing. Grief is something that can take a long time to recover from. Have you considered speaking with a grief counselor? Being able to speak with someone that specializes in grief would be very beneficial. Do not get down on yourself for not recovering quickly. This is one of the hardest aspects to deal with in life but eventually you will be able to move forward. In the mean time, immerse yourself with positivity (i.e. Good friends, hobbies, exercise) and try to schedule a time with a counselor. Perhaps there will be a support group you could also join. Oftentimes, it is comforting to meet others who share the same experience as you.Good luck to you. I hope you will find peace and comfort soon.",questionID_612,How do I find happiness after my boyfriend passed away?,I loved him more than anything. He passed away on our anniversary which was also the day I was going to apply for our apartment. I'm not handling it well. I moved to a new town and started a new life but nothing helps.,grief-and-loss,human,1248,0.341090906045124,1
172,0,"It's completely understandable to feel uncertain about approaching your doctor about seeing a therapist, but taking this first step is a significant act of self-care.",0,166,0,0,0,5,"It's completely understandable to feel uncertain about approaching your doctor about seeing a therapist, but taking this first step is a significant act of self-care. When you schedule an appointment with your doctor, let them know that you'd like to discuss your mental health. You can say something as simple as, ""I've been experiencing some emotional struggles lately, and I'm wondering if you think seeing a therapist could be beneficial for me."" 

Be honest with your doctor about your past events and how they're affecting you currently. This will help them understand your situation better and make an informed recommendation. Your doctor may have a list of therapists they recommend or can provide you with resources to find one that suits your needs. Remember, your doctor is there to support your overall health, including your mental well-being, so don't hesitate to ask for their guidance.

It might also be helpful to prepare a list of what you're experiencing, such as feelings of anxiety, depression, or specific symptoms, to discuss during your appointment. This can make it easier to communicate your concerns. Remember, seeking help is a sign of strength, and taking this step towards addressing your mental health is something to be proud of.",questionID_901,How do I approach my doctor about seeing a therapist?,I'm worried I should see a therapist due to past events and current mental status. I'm just so unsure of how to ask my doctor about seeing someone.,professional-ethics,llama3,1257,0.12573350148706522,0
172,1,"When you schedule an appointment with your doctor, let them know that you'd like to discuss your mental health.",167,278,0,0,0,5,"It's completely understandable to feel uncertain about approaching your doctor about seeing a therapist, but taking this first step is a significant act of self-care. When you schedule an appointment with your doctor, let them know that you'd like to discuss your mental health. You can say something as simple as, ""I've been experiencing some emotional struggles lately, and I'm wondering if you think seeing a therapist could be beneficial for me."" 

Be honest with your doctor about your past events and how they're affecting you currently. This will help them understand your situation better and make an informed recommendation. Your doctor may have a list of therapists they recommend or can provide you with resources to find one that suits your needs. Remember, your doctor is there to support your overall health, including your mental well-being, so don't hesitate to ask for their guidance.

It might also be helpful to prepare a list of what you're experiencing, such as feelings of anxiety, depression, or specific symptoms, to discuss during your appointment. This can make it easier to communicate your concerns. Remember, seeking help is a sign of strength, and taking this step towards addressing your mental health is something to be proud of.",questionID_901,How do I approach my doctor about seeing a therapist?,I'm worried I should see a therapist due to past events and current mental status. I'm just so unsure of how to ask my doctor about seeing someone.,professional-ethics,llama3,1258,0.14641025057213927,0
172,2,"You can say something as simple as, ""I've been experiencing some emotional struggles lately, and I'm wondering if you think seeing a therapist could be beneficial for me."" 

Be honest with your doctor about your past events and how they're affecting you currently.",279,543,0,0,0,5,"It's completely understandable to feel uncertain about approaching your doctor about seeing a therapist, but taking this first step is a significant act of self-care. When you schedule an appointment with your doctor, let them know that you'd like to discuss your mental health. You can say something as simple as, ""I've been experiencing some emotional struggles lately, and I'm wondering if you think seeing a therapist could be beneficial for me."" 

Be honest with your doctor about your past events and how they're affecting you currently. This will help them understand your situation better and make an informed recommendation. Your doctor may have a list of therapists they recommend or can provide you with resources to find one that suits your needs. Remember, your doctor is there to support your overall health, including your mental well-being, so don't hesitate to ask for their guidance.

It might also be helpful to prepare a list of what you're experiencing, such as feelings of anxiety, depression, or specific symptoms, to discuss during your appointment. This can make it easier to communicate your concerns. Remember, seeking help is a sign of strength, and taking this step towards addressing your mental health is something to be proud of.",questionID_901,How do I approach my doctor about seeing a therapist?,I'm worried I should see a therapist due to past events and current mental status. I'm just so unsure of how to ask my doctor about seeing someone.,professional-ethics,llama3,1259,0.23410869034637782,1
172,3,This will help them understand your situation better and make an informed recommendation.,544,633,0,0,0,5,"It's completely understandable to feel uncertain about approaching your doctor about seeing a therapist, but taking this first step is a significant act of self-care. When you schedule an appointment with your doctor, let them know that you'd like to discuss your mental health. You can say something as simple as, ""I've been experiencing some emotional struggles lately, and I'm wondering if you think seeing a therapist could be beneficial for me."" 

Be honest with your doctor about your past events and how they're affecting you currently. This will help them understand your situation better and make an informed recommendation. Your doctor may have a list of therapists they recommend or can provide you with resources to find one that suits your needs. Remember, your doctor is there to support your overall health, including your mental well-being, so don't hesitate to ask for their guidance.

It might also be helpful to prepare a list of what you're experiencing, such as feelings of anxiety, depression, or specific symptoms, to discuss during your appointment. This can make it easier to communicate your concerns. Remember, seeking help is a sign of strength, and taking this step towards addressing your mental health is something to be proud of.",questionID_901,How do I approach my doctor about seeing a therapist?,I'm worried I should see a therapist due to past events and current mental status. I'm just so unsure of how to ask my doctor about seeing someone.,professional-ethics,llama3,1260,0.19510826100512388,1
172,4,Your doctor may have a list of therapists they recommend or can provide you with resources to find one that suits your needs.,634,759,0,0,0,5,"It's completely understandable to feel uncertain about approaching your doctor about seeing a therapist, but taking this first step is a significant act of self-care. When you schedule an appointment with your doctor, let them know that you'd like to discuss your mental health. You can say something as simple as, ""I've been experiencing some emotional struggles lately, and I'm wondering if you think seeing a therapist could be beneficial for me."" 

Be honest with your doctor about your past events and how they're affecting you currently. This will help them understand your situation better and make an informed recommendation. Your doctor may have a list of therapists they recommend or can provide you with resources to find one that suits your needs. Remember, your doctor is there to support your overall health, including your mental well-being, so don't hesitate to ask for their guidance.

It might also be helpful to prepare a list of what you're experiencing, such as feelings of anxiety, depression, or specific symptoms, to discuss during your appointment. This can make it easier to communicate your concerns. Remember, seeking help is a sign of strength, and taking this step towards addressing your mental health is something to be proud of.",questionID_901,How do I approach my doctor about seeing a therapist?,I'm worried I should see a therapist due to past events and current mental status. I'm just so unsure of how to ask my doctor about seeing someone.,professional-ethics,llama3,1261,0.13268263764653215,0
172,5,"Remember, your doctor is there to support your overall health, including your mental well-being, so don't hesitate to ask for their guidance.",760,901,0,0,0,5,"It's completely understandable to feel uncertain about approaching your doctor about seeing a therapist, but taking this first step is a significant act of self-care. When you schedule an appointment with your doctor, let them know that you'd like to discuss your mental health. You can say something as simple as, ""I've been experiencing some emotional struggles lately, and I'm wondering if you think seeing a therapist could be beneficial for me."" 

Be honest with your doctor about your past events and how they're affecting you currently. This will help them understand your situation better and make an informed recommendation. Your doctor may have a list of therapists they recommend or can provide you with resources to find one that suits your needs. Remember, your doctor is there to support your overall health, including your mental well-being, so don't hesitate to ask for their guidance.

It might also be helpful to prepare a list of what you're experiencing, such as feelings of anxiety, depression, or specific symptoms, to discuss during your appointment. This can make it easier to communicate your concerns. Remember, seeking help is a sign of strength, and taking this step towards addressing your mental health is something to be proud of.",questionID_901,How do I approach my doctor about seeing a therapist?,I'm worried I should see a therapist due to past events and current mental status. I'm just so unsure of how to ask my doctor about seeing someone.,professional-ethics,llama3,1262,0.0934604168439337,0
172,6,"It might also be helpful to prepare a list of what you're experiencing, such as feelings of anxiety, depression, or specific symptoms, to discuss during your appointment.",903,1073,0,0,0,5,"It's completely understandable to feel uncertain about approaching your doctor about seeing a therapist, but taking this first step is a significant act of self-care. When you schedule an appointment with your doctor, let them know that you'd like to discuss your mental health. You can say something as simple as, ""I've been experiencing some emotional struggles lately, and I'm wondering if you think seeing a therapist could be beneficial for me."" 

Be honest with your doctor about your past events and how they're affecting you currently. This will help them understand your situation better and make an informed recommendation. Your doctor may have a list of therapists they recommend or can provide you with resources to find one that suits your needs. Remember, your doctor is there to support your overall health, including your mental well-being, so don't hesitate to ask for their guidance.

It might also be helpful to prepare a list of what you're experiencing, such as feelings of anxiety, depression, or specific symptoms, to discuss during your appointment. This can make it easier to communicate your concerns. Remember, seeking help is a sign of strength, and taking this step towards addressing your mental health is something to be proud of.",questionID_901,How do I approach my doctor about seeing a therapist?,I'm worried I should see a therapist due to past events and current mental status. I'm just so unsure of how to ask my doctor about seeing someone.,professional-ethics,llama3,1263,0.1460239948857001,0
172,7,This can make it easier to communicate your concerns.,1074,1127,0,0,0,5,"It's completely understandable to feel uncertain about approaching your doctor about seeing a therapist, but taking this first step is a significant act of self-care. When you schedule an appointment with your doctor, let them know that you'd like to discuss your mental health. You can say something as simple as, ""I've been experiencing some emotional struggles lately, and I'm wondering if you think seeing a therapist could be beneficial for me."" 

Be honest with your doctor about your past events and how they're affecting you currently. This will help them understand your situation better and make an informed recommendation. Your doctor may have a list of therapists they recommend or can provide you with resources to find one that suits your needs. Remember, your doctor is there to support your overall health, including your mental well-being, so don't hesitate to ask for their guidance.

It might also be helpful to prepare a list of what you're experiencing, such as feelings of anxiety, depression, or specific symptoms, to discuss during your appointment. This can make it easier to communicate your concerns. Remember, seeking help is a sign of strength, and taking this step towards addressing your mental health is something to be proud of.",questionID_901,How do I approach my doctor about seeing a therapist?,I'm worried I should see a therapist due to past events and current mental status. I'm just so unsure of how to ask my doctor about seeing someone.,professional-ethics,llama3,1264,0.14467673886852897,0
172,8,"Remember, seeking help is a sign of strength, and taking this step towards addressing your mental health is something to be proud of.",1128,1261,0,0,0,5,"It's completely understandable to feel uncertain about approaching your doctor about seeing a therapist, but taking this first step is a significant act of self-care. When you schedule an appointment with your doctor, let them know that you'd like to discuss your mental health. You can say something as simple as, ""I've been experiencing some emotional struggles lately, and I'm wondering if you think seeing a therapist could be beneficial for me."" 

Be honest with your doctor about your past events and how they're affecting you currently. This will help them understand your situation better and make an informed recommendation. Your doctor may have a list of therapists they recommend or can provide you with resources to find one that suits your needs. Remember, your doctor is there to support your overall health, including your mental well-being, so don't hesitate to ask for their guidance.

It might also be helpful to prepare a list of what you're experiencing, such as feelings of anxiety, depression, or specific symptoms, to discuss during your appointment. This can make it easier to communicate your concerns. Remember, seeking help is a sign of strength, and taking this step towards addressing your mental health is something to be proud of.",questionID_901,How do I approach my doctor about seeing a therapist?,I'm worried I should see a therapist due to past events and current mental status. I'm just so unsure of how to ask my doctor about seeing someone.,professional-ethics,llama3,1265,0.08314031468336631,0
175,0,I can sense the depth of your emotional pain and feelings of abandonment.,0,73,1,1,1,5,"I can sense the depth of your emotional pain and feelings of abandonment. It's completely understandable that you're struggling with these emotions, especially given your past experiences. It's not about something being ""wrong"" with you, but rather about unresolved wounds and unmet emotional needs. 

Firstly, acknowledge that your feelings are valid and deserve attention. It's okay to feel hurt and insecure when someone you care about is busy, but it's essential to recognize that their busyness often doesn't define their feelings towards you. 

To start working on yourself, consider seeking professional help, such as therapy, to address the underlying issues of abandonment and insecurity. A therapist can help you develop coping strategies, work through past traumas, and improve your self-esteem. 

In the meantime, practice self-compassion by reminding yourself that you're worthy of love, care, and attention, regardless of others' availability. Engage in activities that bring you joy, help you relax, and enhance your sense of self-worth. When you feel the urge to reach out to someone who's busy, try to delay contacting them and instead focus on your own needs and emotions. 

Remember, healing is a journey, and it's okay to take it one step at a time. Be patient and kind to yourself as you work through these challenging emotions. You deserve to develop healthier relationships and a more positive, compassionate relationship with yourself.",questionID_139,I get depressed whenever anyone I care about is too busy to be with me. What do I do?,"My last relationships have ended horribly. They just up and abandoned me. One of them I have never gotten closure with over it, leaving me emotionally wrecked. I know something's wrong with me but I don't know how to even start trying to better myself.<br> I get into these depressed like states whenever anyone I care about is too busy to be with me. I know that I shouldn't act like that because people are genuinely busy, but I feel like they're doing it just because they don't want to be around me.",depression,llama3,1280,0.1487551578925782,0
175,1,"It's completely understandable that you're struggling with these emotions, especially given your past experiences.",74,188,0,0,0,5,"I can sense the depth of your emotional pain and feelings of abandonment. It's completely understandable that you're struggling with these emotions, especially given your past experiences. It's not about something being ""wrong"" with you, but rather about unresolved wounds and unmet emotional needs. 

Firstly, acknowledge that your feelings are valid and deserve attention. It's okay to feel hurt and insecure when someone you care about is busy, but it's essential to recognize that their busyness often doesn't define their feelings towards you. 

To start working on yourself, consider seeking professional help, such as therapy, to address the underlying issues of abandonment and insecurity. A therapist can help you develop coping strategies, work through past traumas, and improve your self-esteem. 

In the meantime, practice self-compassion by reminding yourself that you're worthy of love, care, and attention, regardless of others' availability. Engage in activities that bring you joy, help you relax, and enhance your sense of self-worth. When you feel the urge to reach out to someone who's busy, try to delay contacting them and instead focus on your own needs and emotions. 

Remember, healing is a journey, and it's okay to take it one step at a time. Be patient and kind to yourself as you work through these challenging emotions. You deserve to develop healthier relationships and a more positive, compassionate relationship with yourself.",questionID_139,I get depressed whenever anyone I care about is too busy to be with me. What do I do?,"My last relationships have ended horribly. They just up and abandoned me. One of them I have never gotten closure with over it, leaving me emotionally wrecked. I know something's wrong with me but I don't know how to even start trying to better myself.<br> I get into these depressed like states whenever anyone I care about is too busy to be with me. I know that I shouldn't act like that because people are genuinely busy, but I feel like they're doing it just because they don't want to be around me.",depression,llama3,1281,0.06567804148856436,0
175,2,"It's not about something being ""wrong"" with you, but rather about unresolved wounds and unmet emotional needs.",189,299,0,0,0,5,"I can sense the depth of your emotional pain and feelings of abandonment. It's completely understandable that you're struggling with these emotions, especially given your past experiences. It's not about something being ""wrong"" with you, but rather about unresolved wounds and unmet emotional needs. 

Firstly, acknowledge that your feelings are valid and deserve attention. It's okay to feel hurt and insecure when someone you care about is busy, but it's essential to recognize that their busyness often doesn't define their feelings towards you. 

To start working on yourself, consider seeking professional help, such as therapy, to address the underlying issues of abandonment and insecurity. A therapist can help you develop coping strategies, work through past traumas, and improve your self-esteem. 

In the meantime, practice self-compassion by reminding yourself that you're worthy of love, care, and attention, regardless of others' availability. Engage in activities that bring you joy, help you relax, and enhance your sense of self-worth. When you feel the urge to reach out to someone who's busy, try to delay contacting them and instead focus on your own needs and emotions. 

Remember, healing is a journey, and it's okay to take it one step at a time. Be patient and kind to yourself as you work through these challenging emotions. You deserve to develop healthier relationships and a more positive, compassionate relationship with yourself.",questionID_139,I get depressed whenever anyone I care about is too busy to be with me. What do I do?,"My last relationships have ended horribly. They just up and abandoned me. One of them I have never gotten closure with over it, leaving me emotionally wrecked. I know something's wrong with me but I don't know how to even start trying to better myself.<br> I get into these depressed like states whenever anyone I care about is too busy to be with me. I know that I shouldn't act like that because people are genuinely busy, but I feel like they're doing it just because they don't want to be around me.",depression,llama3,1282,0.1683651154789796,1
175,3,"Firstly, acknowledge that your feelings are valid and deserve attention.",302,374,0,0,0,5,"I can sense the depth of your emotional pain and feelings of abandonment. It's completely understandable that you're struggling with these emotions, especially given your past experiences. It's not about something being ""wrong"" with you, but rather about unresolved wounds and unmet emotional needs. 

Firstly, acknowledge that your feelings are valid and deserve attention. It's okay to feel hurt and insecure when someone you care about is busy, but it's essential to recognize that their busyness often doesn't define their feelings towards you. 

To start working on yourself, consider seeking professional help, such as therapy, to address the underlying issues of abandonment and insecurity. A therapist can help you develop coping strategies, work through past traumas, and improve your self-esteem. 

In the meantime, practice self-compassion by reminding yourself that you're worthy of love, care, and attention, regardless of others' availability. Engage in activities that bring you joy, help you relax, and enhance your sense of self-worth. When you feel the urge to reach out to someone who's busy, try to delay contacting them and instead focus on your own needs and emotions. 

Remember, healing is a journey, and it's okay to take it one step at a time. Be patient and kind to yourself as you work through these challenging emotions. You deserve to develop healthier relationships and a more positive, compassionate relationship with yourself.",questionID_139,I get depressed whenever anyone I care about is too busy to be with me. What do I do?,"My last relationships have ended horribly. They just up and abandoned me. One of them I have never gotten closure with over it, leaving me emotionally wrecked. I know something's wrong with me but I don't know how to even start trying to better myself.<br> I get into these depressed like states whenever anyone I care about is too busy to be with me. I know that I shouldn't act like that because people are genuinely busy, but I feel like they're doing it just because they don't want to be around me.",depression,llama3,1283,0.09438705872249491,0
175,4,"It's okay to feel hurt and insecure when someone you care about is busy, but it's essential to recognize that their busyness often doesn't define their feelings towards you.",375,548,0,0,0,5,"I can sense the depth of your emotional pain and feelings of abandonment. It's completely understandable that you're struggling with these emotions, especially given your past experiences. It's not about something being ""wrong"" with you, but rather about unresolved wounds and unmet emotional needs. 

Firstly, acknowledge that your feelings are valid and deserve attention. It's okay to feel hurt and insecure when someone you care about is busy, but it's essential to recognize that their busyness often doesn't define their feelings towards you. 

To start working on yourself, consider seeking professional help, such as therapy, to address the underlying issues of abandonment and insecurity. A therapist can help you develop coping strategies, work through past traumas, and improve your self-esteem. 

In the meantime, practice self-compassion by reminding yourself that you're worthy of love, care, and attention, regardless of others' availability. Engage in activities that bring you joy, help you relax, and enhance your sense of self-worth. When you feel the urge to reach out to someone who's busy, try to delay contacting them and instead focus on your own needs and emotions. 

Remember, healing is a journey, and it's okay to take it one step at a time. Be patient and kind to yourself as you work through these challenging emotions. You deserve to develop healthier relationships and a more positive, compassionate relationship with yourself.",questionID_139,I get depressed whenever anyone I care about is too busy to be with me. What do I do?,"My last relationships have ended horribly. They just up and abandoned me. One of them I have never gotten closure with over it, leaving me emotionally wrecked. I know something's wrong with me but I don't know how to even start trying to better myself.<br> I get into these depressed like states whenever anyone I care about is too busy to be with me. I know that I shouldn't act like that because people are genuinely busy, but I feel like they're doing it just because they don't want to be around me.",depression,llama3,1284,0.18808297675462385,1
175,5,"To start working on yourself, consider seeking professional help, such as therapy, to address the underlying issues of abandonment and insecurity.",551,697,0,0,0,5,"I can sense the depth of your emotional pain and feelings of abandonment. It's completely understandable that you're struggling with these emotions, especially given your past experiences. It's not about something being ""wrong"" with you, but rather about unresolved wounds and unmet emotional needs. 

Firstly, acknowledge that your feelings are valid and deserve attention. It's okay to feel hurt and insecure when someone you care about is busy, but it's essential to recognize that their busyness often doesn't define their feelings towards you. 

To start working on yourself, consider seeking professional help, such as therapy, to address the underlying issues of abandonment and insecurity. A therapist can help you develop coping strategies, work through past traumas, and improve your self-esteem. 

In the meantime, practice self-compassion by reminding yourself that you're worthy of love, care, and attention, regardless of others' availability. Engage in activities that bring you joy, help you relax, and enhance your sense of self-worth. When you feel the urge to reach out to someone who's busy, try to delay contacting them and instead focus on your own needs and emotions. 

Remember, healing is a journey, and it's okay to take it one step at a time. Be patient and kind to yourself as you work through these challenging emotions. You deserve to develop healthier relationships and a more positive, compassionate relationship with yourself.",questionID_139,I get depressed whenever anyone I care about is too busy to be with me. What do I do?,"My last relationships have ended horribly. They just up and abandoned me. One of them I have never gotten closure with over it, leaving me emotionally wrecked. I know something's wrong with me but I don't know how to even start trying to better myself.<br> I get into these depressed like states whenever anyone I care about is too busy to be with me. I know that I shouldn't act like that because people are genuinely busy, but I feel like they're doing it just because they don't want to be around me.",depression,llama3,1285,0.11413864908673209,0
175,6,"A therapist can help you develop coping strategies, work through past traumas, and improve your self-esteem.",698,806,0,0,0,5,"I can sense the depth of your emotional pain and feelings of abandonment. It's completely understandable that you're struggling with these emotions, especially given your past experiences. It's not about something being ""wrong"" with you, but rather about unresolved wounds and unmet emotional needs. 

Firstly, acknowledge that your feelings are valid and deserve attention. It's okay to feel hurt and insecure when someone you care about is busy, but it's essential to recognize that their busyness often doesn't define their feelings towards you. 

To start working on yourself, consider seeking professional help, such as therapy, to address the underlying issues of abandonment and insecurity. A therapist can help you develop coping strategies, work through past traumas, and improve your self-esteem. 

In the meantime, practice self-compassion by reminding yourself that you're worthy of love, care, and attention, regardless of others' availability. Engage in activities that bring you joy, help you relax, and enhance your sense of self-worth. When you feel the urge to reach out to someone who's busy, try to delay contacting them and instead focus on your own needs and emotions. 

Remember, healing is a journey, and it's okay to take it one step at a time. Be patient and kind to yourself as you work through these challenging emotions. You deserve to develop healthier relationships and a more positive, compassionate relationship with yourself.",questionID_139,I get depressed whenever anyone I care about is too busy to be with me. What do I do?,"My last relationships have ended horribly. They just up and abandoned me. One of them I have never gotten closure with over it, leaving me emotionally wrecked. I know something's wrong with me but I don't know how to even start trying to better myself.<br> I get into these depressed like states whenever anyone I care about is too busy to be with me. I know that I shouldn't act like that because people are genuinely busy, but I feel like they're doing it just because they don't want to be around me.",depression,llama3,1286,0.11518826857617019,0
175,7,"In the meantime, practice self-compassion by reminding yourself that you're worthy of love, care, and attention, regardless of others' availability.",809,957,0,0,0,5,"I can sense the depth of your emotional pain and feelings of abandonment. It's completely understandable that you're struggling with these emotions, especially given your past experiences. It's not about something being ""wrong"" with you, but rather about unresolved wounds and unmet emotional needs. 

Firstly, acknowledge that your feelings are valid and deserve attention. It's okay to feel hurt and insecure when someone you care about is busy, but it's essential to recognize that their busyness often doesn't define their feelings towards you. 

To start working on yourself, consider seeking professional help, such as therapy, to address the underlying issues of abandonment and insecurity. A therapist can help you develop coping strategies, work through past traumas, and improve your self-esteem. 

In the meantime, practice self-compassion by reminding yourself that you're worthy of love, care, and attention, regardless of others' availability. Engage in activities that bring you joy, help you relax, and enhance your sense of self-worth. When you feel the urge to reach out to someone who's busy, try to delay contacting them and instead focus on your own needs and emotions. 

Remember, healing is a journey, and it's okay to take it one step at a time. Be patient and kind to yourself as you work through these challenging emotions. You deserve to develop healthier relationships and a more positive, compassionate relationship with yourself.",questionID_139,I get depressed whenever anyone I care about is too busy to be with me. What do I do?,"My last relationships have ended horribly. They just up and abandoned me. One of them I have never gotten closure with over it, leaving me emotionally wrecked. I know something's wrong with me but I don't know how to even start trying to better myself.<br> I get into these depressed like states whenever anyone I care about is too busy to be with me. I know that I shouldn't act like that because people are genuinely busy, but I feel like they're doing it just because they don't want to be around me.",depression,llama3,1287,0.1459938391578219,0
175,8,"Engage in activities that bring you joy, help you relax, and enhance your sense of self-worth.",958,1052,0,0,0,5,"I can sense the depth of your emotional pain and feelings of abandonment. It's completely understandable that you're struggling with these emotions, especially given your past experiences. It's not about something being ""wrong"" with you, but rather about unresolved wounds and unmet emotional needs. 

Firstly, acknowledge that your feelings are valid and deserve attention. It's okay to feel hurt and insecure when someone you care about is busy, but it's essential to recognize that their busyness often doesn't define their feelings towards you. 

To start working on yourself, consider seeking professional help, such as therapy, to address the underlying issues of abandonment and insecurity. A therapist can help you develop coping strategies, work through past traumas, and improve your self-esteem. 

In the meantime, practice self-compassion by reminding yourself that you're worthy of love, care, and attention, regardless of others' availability. Engage in activities that bring you joy, help you relax, and enhance your sense of self-worth. When you feel the urge to reach out to someone who's busy, try to delay contacting them and instead focus on your own needs and emotions. 

Remember, healing is a journey, and it's okay to take it one step at a time. Be patient and kind to yourself as you work through these challenging emotions. You deserve to develop healthier relationships and a more positive, compassionate relationship with yourself.",questionID_139,I get depressed whenever anyone I care about is too busy to be with me. What do I do?,"My last relationships have ended horribly. They just up and abandoned me. One of them I have never gotten closure with over it, leaving me emotionally wrecked. I know something's wrong with me but I don't know how to even start trying to better myself.<br> I get into these depressed like states whenever anyone I care about is too busy to be with me. I know that I shouldn't act like that because people are genuinely busy, but I feel like they're doing it just because they don't want to be around me.",depression,llama3,1288,0.13072876507505626,0
175,9,"When you feel the urge to reach out to someone who's busy, try to delay contacting them and instead focus on your own needs and emotions.",1053,1190,0,0,0,5,"I can sense the depth of your emotional pain and feelings of abandonment. It's completely understandable that you're struggling with these emotions, especially given your past experiences. It's not about something being ""wrong"" with you, but rather about unresolved wounds and unmet emotional needs. 

Firstly, acknowledge that your feelings are valid and deserve attention. It's okay to feel hurt and insecure when someone you care about is busy, but it's essential to recognize that their busyness often doesn't define their feelings towards you. 

To start working on yourself, consider seeking professional help, such as therapy, to address the underlying issues of abandonment and insecurity. A therapist can help you develop coping strategies, work through past traumas, and improve your self-esteem. 

In the meantime, practice self-compassion by reminding yourself that you're worthy of love, care, and attention, regardless of others' availability. Engage in activities that bring you joy, help you relax, and enhance your sense of self-worth. When you feel the urge to reach out to someone who's busy, try to delay contacting them and instead focus on your own needs and emotions. 

Remember, healing is a journey, and it's okay to take it one step at a time. Be patient and kind to yourself as you work through these challenging emotions. You deserve to develop healthier relationships and a more positive, compassionate relationship with yourself.",questionID_139,I get depressed whenever anyone I care about is too busy to be with me. What do I do?,"My last relationships have ended horribly. They just up and abandoned me. One of them I have never gotten closure with over it, leaving me emotionally wrecked. I know something's wrong with me but I don't know how to even start trying to better myself.<br> I get into these depressed like states whenever anyone I care about is too busy to be with me. I know that I shouldn't act like that because people are genuinely busy, but I feel like they're doing it just because they don't want to be around me.",depression,llama3,1289,0.35420852329769453,1
175,10,"Remember, healing is a journey, and it's okay to take it one step at a time.",1193,1269,0,0,0,5,"I can sense the depth of your emotional pain and feelings of abandonment. It's completely understandable that you're struggling with these emotions, especially given your past experiences. It's not about something being ""wrong"" with you, but rather about unresolved wounds and unmet emotional needs. 

Firstly, acknowledge that your feelings are valid and deserve attention. It's okay to feel hurt and insecure when someone you care about is busy, but it's essential to recognize that their busyness often doesn't define their feelings towards you. 

To start working on yourself, consider seeking professional help, such as therapy, to address the underlying issues of abandonment and insecurity. A therapist can help you develop coping strategies, work through past traumas, and improve your self-esteem. 

In the meantime, practice self-compassion by reminding yourself that you're worthy of love, care, and attention, regardless of others' availability. Engage in activities that bring you joy, help you relax, and enhance your sense of self-worth. When you feel the urge to reach out to someone who's busy, try to delay contacting them and instead focus on your own needs and emotions. 

Remember, healing is a journey, and it's okay to take it one step at a time. Be patient and kind to yourself as you work through these challenging emotions. You deserve to develop healthier relationships and a more positive, compassionate relationship with yourself.",questionID_139,I get depressed whenever anyone I care about is too busy to be with me. What do I do?,"My last relationships have ended horribly. They just up and abandoned me. One of them I have never gotten closure with over it, leaving me emotionally wrecked. I know something's wrong with me but I don't know how to even start trying to better myself.<br> I get into these depressed like states whenever anyone I care about is too busy to be with me. I know that I shouldn't act like that because people are genuinely busy, but I feel like they're doing it just because they don't want to be around me.",depression,llama3,1290,0.056952411334745934,0
175,11,Be patient and kind to yourself as you work through these challenging emotions.,1270,1349,0,0,0,5,"I can sense the depth of your emotional pain and feelings of abandonment. It's completely understandable that you're struggling with these emotions, especially given your past experiences. It's not about something being ""wrong"" with you, but rather about unresolved wounds and unmet emotional needs. 

Firstly, acknowledge that your feelings are valid and deserve attention. It's okay to feel hurt and insecure when someone you care about is busy, but it's essential to recognize that their busyness often doesn't define their feelings towards you. 

To start working on yourself, consider seeking professional help, such as therapy, to address the underlying issues of abandonment and insecurity. A therapist can help you develop coping strategies, work through past traumas, and improve your self-esteem. 

In the meantime, practice self-compassion by reminding yourself that you're worthy of love, care, and attention, regardless of others' availability. Engage in activities that bring you joy, help you relax, and enhance your sense of self-worth. When you feel the urge to reach out to someone who's busy, try to delay contacting them and instead focus on your own needs and emotions. 

Remember, healing is a journey, and it's okay to take it one step at a time. Be patient and kind to yourself as you work through these challenging emotions. You deserve to develop healthier relationships and a more positive, compassionate relationship with yourself.",questionID_139,I get depressed whenever anyone I care about is too busy to be with me. What do I do?,"My last relationships have ended horribly. They just up and abandoned me. One of them I have never gotten closure with over it, leaving me emotionally wrecked. I know something's wrong with me but I don't know how to even start trying to better myself.<br> I get into these depressed like states whenever anyone I care about is too busy to be with me. I know that I shouldn't act like that because people are genuinely busy, but I feel like they're doing it just because they don't want to be around me.",depression,llama3,1291,0.06963367172852004,0
175,12,"You deserve to develop healthier relationships and a more positive, compassionate relationship with yourself.",1350,1459,1,1,1,5,"I can sense the depth of your emotional pain and feelings of abandonment. It's completely understandable that you're struggling with these emotions, especially given your past experiences. It's not about something being ""wrong"" with you, but rather about unresolved wounds and unmet emotional needs. 

Firstly, acknowledge that your feelings are valid and deserve attention. It's okay to feel hurt and insecure when someone you care about is busy, but it's essential to recognize that their busyness often doesn't define their feelings towards you. 

To start working on yourself, consider seeking professional help, such as therapy, to address the underlying issues of abandonment and insecurity. A therapist can help you develop coping strategies, work through past traumas, and improve your self-esteem. 

In the meantime, practice self-compassion by reminding yourself that you're worthy of love, care, and attention, regardless of others' availability. Engage in activities that bring you joy, help you relax, and enhance your sense of self-worth. When you feel the urge to reach out to someone who's busy, try to delay contacting them and instead focus on your own needs and emotions. 

Remember, healing is a journey, and it's okay to take it one step at a time. Be patient and kind to yourself as you work through these challenging emotions. You deserve to develop healthier relationships and a more positive, compassionate relationship with yourself.",questionID_139,I get depressed whenever anyone I care about is too busy to be with me. What do I do?,"My last relationships have ended horribly. They just up and abandoned me. One of them I have never gotten closure with over it, leaving me emotionally wrecked. I know something's wrong with me but I don't know how to even start trying to better myself.<br> I get into these depressed like states whenever anyone I care about is too busy to be with me. I know that I shouldn't act like that because people are genuinely busy, but I feel like they're doing it just because they don't want to be around me.",depression,llama3,1292,0.17703501048285272,1
186,0,"I can sense the pain, anger, and feelings of betrayal in your words.",0,68,0,0,0,5,"I can sense the pain, anger, and feelings of betrayal in your words. It's understandable that you're struggling to reconcile the person your husband is now with the person he was before, especially when it feels like he's been absent and uninvolved in your life for so long. The fact that he's now going out and socializing while you're shouldering the bulk of the responsibilities at home can be particularly hurtful. 

It's essential to acknowledge that your feelings of emotional starvation over the past five years are valid. It's not about being bitter or resentful, but about recognizing the emotional labor and sacrifices you've made to keep your family and relationship afloat. Your husband's sudden expressions of affection and desire to be close may be genuine, but it's crucial to consider whether this is a sustainable change or just a temporary phase.

Before deciding how to move forward, take some time to reflect on what you need from your relationship and what your non-negotiables are. Consider seeking couples therapy to work through these issues together, but also prioritize your own emotional well-being and seek individual support if needed. Remember that you deserve to be seen, heard, and valued in your relationship, and it's okay to set boundaries and communicate your needs clearly. Take care of yourself during this challenging time, and prioritize your own emotional nourishment.",questionID_702,"My husband seems to be changing, and I feel angry and hurt","My husband took a job out of state for the next year and seems to be a different person. Before, he worked and slept, and on off days, he'd stay home because he didn't want to do anything else. Now he's going out with friends several nights a week while I'm still home working a 50 hours a week job and taking care of two kids by myself. He's suddenly saying he misses me and wants me to be his adored wife, but the whole time, I'm remembering how I've been emotionally starving for the last five years.",marriage,llama3,1361,0.25471883389124783,1
186,1,"It's understandable that you're struggling to reconcile the person your husband is now with the person he was before, especially when it feels like he's been absent and uninvolved in your life for so long.",69,274,0,0,0,5,"I can sense the pain, anger, and feelings of betrayal in your words. It's understandable that you're struggling to reconcile the person your husband is now with the person he was before, especially when it feels like he's been absent and uninvolved in your life for so long. The fact that he's now going out and socializing while you're shouldering the bulk of the responsibilities at home can be particularly hurtful. 

It's essential to acknowledge that your feelings of emotional starvation over the past five years are valid. It's not about being bitter or resentful, but about recognizing the emotional labor and sacrifices you've made to keep your family and relationship afloat. Your husband's sudden expressions of affection and desire to be close may be genuine, but it's crucial to consider whether this is a sustainable change or just a temporary phase.

Before deciding how to move forward, take some time to reflect on what you need from your relationship and what your non-negotiables are. Consider seeking couples therapy to work through these issues together, but also prioritize your own emotional well-being and seek individual support if needed. Remember that you deserve to be seen, heard, and valued in your relationship, and it's okay to set boundaries and communicate your needs clearly. Take care of yourself during this challenging time, and prioritize your own emotional nourishment.",questionID_702,"My husband seems to be changing, and I feel angry and hurt","My husband took a job out of state for the next year and seems to be a different person. Before, he worked and slept, and on off days, he'd stay home because he didn't want to do anything else. Now he's going out with friends several nights a week while I'm still home working a 50 hours a week job and taking care of two kids by myself. He's suddenly saying he misses me and wants me to be his adored wife, but the whole time, I'm remembering how I've been emotionally starving for the last five years.",marriage,llama3,1362,0.21759366419802548,1
186,2,The fact that he's now going out and socializing while you're shouldering the bulk of the responsibilities at home can be particularly hurtful.,275,418,0,0,0,5,"I can sense the pain, anger, and feelings of betrayal in your words. It's understandable that you're struggling to reconcile the person your husband is now with the person he was before, especially when it feels like he's been absent and uninvolved in your life for so long. The fact that he's now going out and socializing while you're shouldering the bulk of the responsibilities at home can be particularly hurtful. 

It's essential to acknowledge that your feelings of emotional starvation over the past five years are valid. It's not about being bitter or resentful, but about recognizing the emotional labor and sacrifices you've made to keep your family and relationship afloat. Your husband's sudden expressions of affection and desire to be close may be genuine, but it's crucial to consider whether this is a sustainable change or just a temporary phase.

Before deciding how to move forward, take some time to reflect on what you need from your relationship and what your non-negotiables are. Consider seeking couples therapy to work through these issues together, but also prioritize your own emotional well-being and seek individual support if needed. Remember that you deserve to be seen, heard, and valued in your relationship, and it's okay to set boundaries and communicate your needs clearly. Take care of yourself during this challenging time, and prioritize your own emotional nourishment.",questionID_702,"My husband seems to be changing, and I feel angry and hurt","My husband took a job out of state for the next year and seems to be a different person. Before, he worked and slept, and on off days, he'd stay home because he didn't want to do anything else. Now he's going out with friends several nights a week while I'm still home working a 50 hours a week job and taking care of two kids by myself. He's suddenly saying he misses me and wants me to be his adored wife, but the whole time, I'm remembering how I've been emotionally starving for the last five years.",marriage,llama3,1363,0.2076669240066263,1
186,3,It's essential to acknowledge that your feelings of emotional starvation over the past five years are valid.,421,529,0,0,0,5,"I can sense the pain, anger, and feelings of betrayal in your words. It's understandable that you're struggling to reconcile the person your husband is now with the person he was before, especially when it feels like he's been absent and uninvolved in your life for so long. The fact that he's now going out and socializing while you're shouldering the bulk of the responsibilities at home can be particularly hurtful. 

It's essential to acknowledge that your feelings of emotional starvation over the past five years are valid. It's not about being bitter or resentful, but about recognizing the emotional labor and sacrifices you've made to keep your family and relationship afloat. Your husband's sudden expressions of affection and desire to be close may be genuine, but it's crucial to consider whether this is a sustainable change or just a temporary phase.

Before deciding how to move forward, take some time to reflect on what you need from your relationship and what your non-negotiables are. Consider seeking couples therapy to work through these issues together, but also prioritize your own emotional well-being and seek individual support if needed. Remember that you deserve to be seen, heard, and valued in your relationship, and it's okay to set boundaries and communicate your needs clearly. Take care of yourself during this challenging time, and prioritize your own emotional nourishment.",questionID_702,"My husband seems to be changing, and I feel angry and hurt","My husband took a job out of state for the next year and seems to be a different person. Before, he worked and slept, and on off days, he'd stay home because he didn't want to do anything else. Now he's going out with friends several nights a week while I'm still home working a 50 hours a week job and taking care of two kids by myself. He's suddenly saying he misses me and wants me to be his adored wife, but the whole time, I'm remembering how I've been emotionally starving for the last five years.",marriage,llama3,1364,0.14442815619943505,0
186,4,"It's not about being bitter or resentful, but about recognizing the emotional labor and sacrifices you've made to keep your family and relationship afloat.",530,685,1,1,1,5,"I can sense the pain, anger, and feelings of betrayal in your words. It's understandable that you're struggling to reconcile the person your husband is now with the person he was before, especially when it feels like he's been absent and uninvolved in your life for so long. The fact that he's now going out and socializing while you're shouldering the bulk of the responsibilities at home can be particularly hurtful. 

It's essential to acknowledge that your feelings of emotional starvation over the past five years are valid. It's not about being bitter or resentful, but about recognizing the emotional labor and sacrifices you've made to keep your family and relationship afloat. Your husband's sudden expressions of affection and desire to be close may be genuine, but it's crucial to consider whether this is a sustainable change or just a temporary phase.

Before deciding how to move forward, take some time to reflect on what you need from your relationship and what your non-negotiables are. Consider seeking couples therapy to work through these issues together, but also prioritize your own emotional well-being and seek individual support if needed. Remember that you deserve to be seen, heard, and valued in your relationship, and it's okay to set boundaries and communicate your needs clearly. Take care of yourself during this challenging time, and prioritize your own emotional nourishment.",questionID_702,"My husband seems to be changing, and I feel angry and hurt","My husband took a job out of state for the next year and seems to be a different person. Before, he worked and slept, and on off days, he'd stay home because he didn't want to do anything else. Now he's going out with friends several nights a week while I'm still home working a 50 hours a week job and taking care of two kids by myself. He's suddenly saying he misses me and wants me to be his adored wife, but the whole time, I'm remembering how I've been emotionally starving for the last five years.",marriage,llama3,1365,0.1585708307262196,1
186,5,"Your husband's sudden expressions of affection and desire to be close may be genuine, but it's crucial to consider whether this is a sustainable change or just a temporary phase.",686,864,1,1,1,5,"I can sense the pain, anger, and feelings of betrayal in your words. It's understandable that you're struggling to reconcile the person your husband is now with the person he was before, especially when it feels like he's been absent and uninvolved in your life for so long. The fact that he's now going out and socializing while you're shouldering the bulk of the responsibilities at home can be particularly hurtful. 

It's essential to acknowledge that your feelings of emotional starvation over the past five years are valid. It's not about being bitter or resentful, but about recognizing the emotional labor and sacrifices you've made to keep your family and relationship afloat. Your husband's sudden expressions of affection and desire to be close may be genuine, but it's crucial to consider whether this is a sustainable change or just a temporary phase.

Before deciding how to move forward, take some time to reflect on what you need from your relationship and what your non-negotiables are. Consider seeking couples therapy to work through these issues together, but also prioritize your own emotional well-being and seek individual support if needed. Remember that you deserve to be seen, heard, and valued in your relationship, and it's okay to set boundaries and communicate your needs clearly. Take care of yourself during this challenging time, and prioritize your own emotional nourishment.",questionID_702,"My husband seems to be changing, and I feel angry and hurt","My husband took a job out of state for the next year and seems to be a different person. Before, he worked and slept, and on off days, he'd stay home because he didn't want to do anything else. Now he's going out with friends several nights a week while I'm still home working a 50 hours a week job and taking care of two kids by myself. He's suddenly saying he misses me and wants me to be his adored wife, but the whole time, I'm remembering how I've been emotionally starving for the last five years.",marriage,llama3,1366,0.21705462716072588,1
186,6,"Before deciding how to move forward, take some time to reflect on what you need from your relationship and what your non-negotiables are.",866,1003,1,1,1,5,"I can sense the pain, anger, and feelings of betrayal in your words. It's understandable that you're struggling to reconcile the person your husband is now with the person he was before, especially when it feels like he's been absent and uninvolved in your life for so long. The fact that he's now going out and socializing while you're shouldering the bulk of the responsibilities at home can be particularly hurtful. 

It's essential to acknowledge that your feelings of emotional starvation over the past five years are valid. It's not about being bitter or resentful, but about recognizing the emotional labor and sacrifices you've made to keep your family and relationship afloat. Your husband's sudden expressions of affection and desire to be close may be genuine, but it's crucial to consider whether this is a sustainable change or just a temporary phase.

Before deciding how to move forward, take some time to reflect on what you need from your relationship and what your non-negotiables are. Consider seeking couples therapy to work through these issues together, but also prioritize your own emotional well-being and seek individual support if needed. Remember that you deserve to be seen, heard, and valued in your relationship, and it's okay to set boundaries and communicate your needs clearly. Take care of yourself during this challenging time, and prioritize your own emotional nourishment.",questionID_702,"My husband seems to be changing, and I feel angry and hurt","My husband took a job out of state for the next year and seems to be a different person. Before, he worked and slept, and on off days, he'd stay home because he didn't want to do anything else. Now he's going out with friends several nights a week while I'm still home working a 50 hours a week job and taking care of two kids by myself. He's suddenly saying he misses me and wants me to be his adored wife, but the whole time, I'm remembering how I've been emotionally starving for the last five years.",marriage,llama3,1367,0.4011525935240541,1
186,7,"Consider seeking couples therapy to work through these issues together, but also prioritize your own emotional well-being and seek individual support if needed.",1004,1164,1,2,2,5,"I can sense the pain, anger, and feelings of betrayal in your words. It's understandable that you're struggling to reconcile the person your husband is now with the person he was before, especially when it feels like he's been absent and uninvolved in your life for so long. The fact that he's now going out and socializing while you're shouldering the bulk of the responsibilities at home can be particularly hurtful. 

It's essential to acknowledge that your feelings of emotional starvation over the past five years are valid. It's not about being bitter or resentful, but about recognizing the emotional labor and sacrifices you've made to keep your family and relationship afloat. Your husband's sudden expressions of affection and desire to be close may be genuine, but it's crucial to consider whether this is a sustainable change or just a temporary phase.

Before deciding how to move forward, take some time to reflect on what you need from your relationship and what your non-negotiables are. Consider seeking couples therapy to work through these issues together, but also prioritize your own emotional well-being and seek individual support if needed. Remember that you deserve to be seen, heard, and valued in your relationship, and it's okay to set boundaries and communicate your needs clearly. Take care of yourself during this challenging time, and prioritize your own emotional nourishment.",questionID_702,"My husband seems to be changing, and I feel angry and hurt","My husband took a job out of state for the next year and seems to be a different person. Before, he worked and slept, and on off days, he'd stay home because he didn't want to do anything else. Now he's going out with friends several nights a week while I'm still home working a 50 hours a week job and taking care of two kids by myself. He's suddenly saying he misses me and wants me to be his adored wife, but the whole time, I'm remembering how I've been emotionally starving for the last five years.",marriage,llama3,1368,0.08176476059367821,0
186,8,"Remember that you deserve to be seen, heard, and valued in your relationship, and it's okay to set boundaries and communicate your needs clearly.",1165,1310,1,1,1,5,"I can sense the pain, anger, and feelings of betrayal in your words. It's understandable that you're struggling to reconcile the person your husband is now with the person he was before, especially when it feels like he's been absent and uninvolved in your life for so long. The fact that he's now going out and socializing while you're shouldering the bulk of the responsibilities at home can be particularly hurtful. 

It's essential to acknowledge that your feelings of emotional starvation over the past five years are valid. It's not about being bitter or resentful, but about recognizing the emotional labor and sacrifices you've made to keep your family and relationship afloat. Your husband's sudden expressions of affection and desire to be close may be genuine, but it's crucial to consider whether this is a sustainable change or just a temporary phase.

Before deciding how to move forward, take some time to reflect on what you need from your relationship and what your non-negotiables are. Consider seeking couples therapy to work through these issues together, but also prioritize your own emotional well-being and seek individual support if needed. Remember that you deserve to be seen, heard, and valued in your relationship, and it's okay to set boundaries and communicate your needs clearly. Take care of yourself during this challenging time, and prioritize your own emotional nourishment.",questionID_702,"My husband seems to be changing, and I feel angry and hurt","My husband took a job out of state for the next year and seems to be a different person. Before, he worked and slept, and on off days, he'd stay home because he didn't want to do anything else. Now he's going out with friends several nights a week while I'm still home working a 50 hours a week job and taking care of two kids by myself. He's suddenly saying he misses me and wants me to be his adored wife, but the whole time, I'm remembering how I've been emotionally starving for the last five years.",marriage,llama3,1369,0.10542410878729859,0
186,9,"Take care of yourself during this challenging time, and prioritize your own emotional nourishment.",1311,1409,1,1,1,5,"I can sense the pain, anger, and feelings of betrayal in your words. It's understandable that you're struggling to reconcile the person your husband is now with the person he was before, especially when it feels like he's been absent and uninvolved in your life for so long. The fact that he's now going out and socializing while you're shouldering the bulk of the responsibilities at home can be particularly hurtful. 

It's essential to acknowledge that your feelings of emotional starvation over the past five years are valid. It's not about being bitter or resentful, but about recognizing the emotional labor and sacrifices you've made to keep your family and relationship afloat. Your husband's sudden expressions of affection and desire to be close may be genuine, but it's crucial to consider whether this is a sustainable change or just a temporary phase.

Before deciding how to move forward, take some time to reflect on what you need from your relationship and what your non-negotiables are. Consider seeking couples therapy to work through these issues together, but also prioritize your own emotional well-being and seek individual support if needed. Remember that you deserve to be seen, heard, and valued in your relationship, and it's okay to set boundaries and communicate your needs clearly. Take care of yourself during this challenging time, and prioritize your own emotional nourishment.",questionID_702,"My husband seems to be changing, and I feel angry and hurt","My husband took a job out of state for the next year and seems to be a different person. Before, he worked and slept, and on off days, he'd stay home because he didn't want to do anything else. Now he's going out with friends several nights a week while I'm still home working a 50 hours a week job and taking care of two kids by myself. He's suddenly saying he misses me and wants me to be his adored wife, but the whole time, I'm remembering how I've been emotionally starving for the last five years.",marriage,llama3,1370,0.06857767366280881,0
196,0,I'm really sorry to hear that you're going through this.,0,56,0,0,0,5,"I'm really sorry to hear that you're going through this. It sounds like you're experiencing a lot of stress and miscommunication in your relationship. It's important to remember that it's perfectly normal to feel hurt and confused in such situations. Trust and clear communication are key factors in a healthy relationship. It might be beneficial to sit down with your wife and have an open and honest conversation about how you're feeling. You could try expressing your feelings using ""I"" statements to avoid sounding accusatory, such as ""I feel hurt when you accuse me of cheating"". It might also be helpful to consider seeking couples therapy, where a professional can guide and mediate the conversation to help both of you understand each other's perspectives better.",questionID_391,Why do I feel like I'm always wrong in everything in my relationship?,"My wife is always accusing me of cheating and telling me that I'm doing things she finds disrespectful even when I don't mean it like that. For example, she gets offended when I call someone at work ""sweetheart."" I wish I had a penny for every time she accused me of cheating on her. She doesn't, and never will say she was wrong. How do I get her to understand?",workplace-relationships,gpt4,1430,0.07904882512752963,0
196,1,It sounds like you're experiencing a lot of stress and miscommunication in your relationship.,57,150,0,0,0,5,"I'm really sorry to hear that you're going through this. It sounds like you're experiencing a lot of stress and miscommunication in your relationship. It's important to remember that it's perfectly normal to feel hurt and confused in such situations. Trust and clear communication are key factors in a healthy relationship. It might be beneficial to sit down with your wife and have an open and honest conversation about how you're feeling. You could try expressing your feelings using ""I"" statements to avoid sounding accusatory, such as ""I feel hurt when you accuse me of cheating"". It might also be helpful to consider seeking couples therapy, where a professional can guide and mediate the conversation to help both of you understand each other's perspectives better.",questionID_391,Why do I feel like I'm always wrong in everything in my relationship?,"My wife is always accusing me of cheating and telling me that I'm doing things she finds disrespectful even when I don't mean it like that. For example, she gets offended when I call someone at work ""sweetheart."" I wish I had a penny for every time she accused me of cheating on her. She doesn't, and never will say she was wrong. How do I get her to understand?",workplace-relationships,gpt4,1431,0.14010762616921482,0
196,2,It's important to remember that it's perfectly normal to feel hurt and confused in such situations.,151,250,0,0,0,5,"I'm really sorry to hear that you're going through this. It sounds like you're experiencing a lot of stress and miscommunication in your relationship. It's important to remember that it's perfectly normal to feel hurt and confused in such situations. Trust and clear communication are key factors in a healthy relationship. It might be beneficial to sit down with your wife and have an open and honest conversation about how you're feeling. You could try expressing your feelings using ""I"" statements to avoid sounding accusatory, such as ""I feel hurt when you accuse me of cheating"". It might also be helpful to consider seeking couples therapy, where a professional can guide and mediate the conversation to help both of you understand each other's perspectives better.",questionID_391,Why do I feel like I'm always wrong in everything in my relationship?,"My wife is always accusing me of cheating and telling me that I'm doing things she finds disrespectful even when I don't mean it like that. For example, she gets offended when I call someone at work ""sweetheart."" I wish I had a penny for every time she accused me of cheating on her. She doesn't, and never will say she was wrong. How do I get her to understand?",workplace-relationships,gpt4,1432,0.0641452564886651,0
196,3,Trust and clear communication are key factors in a healthy relationship.,251,323,0,0,0,5,"I'm really sorry to hear that you're going through this. It sounds like you're experiencing a lot of stress and miscommunication in your relationship. It's important to remember that it's perfectly normal to feel hurt and confused in such situations. Trust and clear communication are key factors in a healthy relationship. It might be beneficial to sit down with your wife and have an open and honest conversation about how you're feeling. You could try expressing your feelings using ""I"" statements to avoid sounding accusatory, such as ""I feel hurt when you accuse me of cheating"". It might also be helpful to consider seeking couples therapy, where a professional can guide and mediate the conversation to help both of you understand each other's perspectives better.",questionID_391,Why do I feel like I'm always wrong in everything in my relationship?,"My wife is always accusing me of cheating and telling me that I'm doing things she finds disrespectful even when I don't mean it like that. For example, she gets offended when I call someone at work ""sweetheart."" I wish I had a penny for every time she accused me of cheating on her. She doesn't, and never will say she was wrong. How do I get her to understand?",workplace-relationships,gpt4,1433,0.2123189104866908,1
196,4,It might be beneficial to sit down with your wife and have an open and honest conversation about how you're feeling.,324,440,0,0,0,5,"I'm really sorry to hear that you're going through this. It sounds like you're experiencing a lot of stress and miscommunication in your relationship. It's important to remember that it's perfectly normal to feel hurt and confused in such situations. Trust and clear communication are key factors in a healthy relationship. It might be beneficial to sit down with your wife and have an open and honest conversation about how you're feeling. You could try expressing your feelings using ""I"" statements to avoid sounding accusatory, such as ""I feel hurt when you accuse me of cheating"". It might also be helpful to consider seeking couples therapy, where a professional can guide and mediate the conversation to help both of you understand each other's perspectives better.",questionID_391,Why do I feel like I'm always wrong in everything in my relationship?,"My wife is always accusing me of cheating and telling me that I'm doing things she finds disrespectful even when I don't mean it like that. For example, she gets offended when I call someone at work ""sweetheart."" I wish I had a penny for every time she accused me of cheating on her. She doesn't, and never will say she was wrong. How do I get her to understand?",workplace-relationships,gpt4,1434,0.22592273170087693,1
196,5,"You could try expressing your feelings using ""I"" statements to avoid sounding accusatory, such as ""I feel hurt when you accuse me of cheating"".",441,584,0,0,0,5,"I'm really sorry to hear that you're going through this. It sounds like you're experiencing a lot of stress and miscommunication in your relationship. It's important to remember that it's perfectly normal to feel hurt and confused in such situations. Trust and clear communication are key factors in a healthy relationship. It might be beneficial to sit down with your wife and have an open and honest conversation about how you're feeling. You could try expressing your feelings using ""I"" statements to avoid sounding accusatory, such as ""I feel hurt when you accuse me of cheating"". It might also be helpful to consider seeking couples therapy, where a professional can guide and mediate the conversation to help both of you understand each other's perspectives better.",questionID_391,Why do I feel like I'm always wrong in everything in my relationship?,"My wife is always accusing me of cheating and telling me that I'm doing things she finds disrespectful even when I don't mean it like that. For example, she gets offended when I call someone at work ""sweetheart."" I wish I had a penny for every time she accused me of cheating on her. She doesn't, and never will say she was wrong. How do I get her to understand?",workplace-relationships,gpt4,1435,0.1986927144111541,1
196,6,"It might also be helpful to consider seeking couples therapy, where a professional can guide and mediate the conversation to help both of you understand each other's perspectives better.",585,771,0,0,0,5,"I'm really sorry to hear that you're going through this. It sounds like you're experiencing a lot of stress and miscommunication in your relationship. It's important to remember that it's perfectly normal to feel hurt and confused in such situations. Trust and clear communication are key factors in a healthy relationship. It might be beneficial to sit down with your wife and have an open and honest conversation about how you're feeling. You could try expressing your feelings using ""I"" statements to avoid sounding accusatory, such as ""I feel hurt when you accuse me of cheating"". It might also be helpful to consider seeking couples therapy, where a professional can guide and mediate the conversation to help both of you understand each other's perspectives better.",questionID_391,Why do I feel like I'm always wrong in everything in my relationship?,"My wife is always accusing me of cheating and telling me that I'm doing things she finds disrespectful even when I don't mean it like that. For example, she gets offended when I call someone at work ""sweetheart."" I wish I had a penny for every time she accused me of cheating on her. She doesn't, and never will say she was wrong. How do I get her to understand?",workplace-relationships,gpt4,1436,0.09436064092286515,0
201,0,"It's completely normal to feel nervous or anxious when attending therapy sessions, especially in the initial stages.",0,116,0,0,0,5,"It's completely normal to feel nervous or anxious when attending therapy sessions, especially in the initial stages. This is a common phenomenon, and many people experience it. The nervousness can stem from various factors, such as fear of vulnerability, uncertainty about the therapy process, or concerns about being judged. Even after a few sessions, it's not unusual to still feel some level of apprehension. 

This nervousness can actually be a sign that you're taking a significant step towards addressing your mental health, which can be a daunting but ultimately rewarding process. It might help to remember that your therapist is there to support and guide you, not to judge you. They are trained to create a safe and non-judgmental space for you to express yourself.

If you feel comfortable, you could discuss your nervousness with your therapist. They can offer reassurance, help you understand the source of your anxiety, and work with you to develop coping strategies to manage your nerves. Remember, therapy is a process, and it's okay to take things at your own pace. With time and as you become more comfortable with the process and your therapist, your nervousness may decrease, allowing you to fully engage with and benefit from your therapy sessions.",questionID_146,Is it normal to go into therapy feeling nervous?,I've gone to a couple therapy sessions so far and still everytime I walk in I get nervous and shaky. Is this normal? Should I still be feeling like this?,anxiety,llama3,1463,0.149504364571994,0
201,1,"This is a common phenomenon, and many people experience it.",117,176,0,0,0,5,"It's completely normal to feel nervous or anxious when attending therapy sessions, especially in the initial stages. This is a common phenomenon, and many people experience it. The nervousness can stem from various factors, such as fear of vulnerability, uncertainty about the therapy process, or concerns about being judged. Even after a few sessions, it's not unusual to still feel some level of apprehension. 

This nervousness can actually be a sign that you're taking a significant step towards addressing your mental health, which can be a daunting but ultimately rewarding process. It might help to remember that your therapist is there to support and guide you, not to judge you. They are trained to create a safe and non-judgmental space for you to express yourself.

If you feel comfortable, you could discuss your nervousness with your therapist. They can offer reassurance, help you understand the source of your anxiety, and work with you to develop coping strategies to manage your nerves. Remember, therapy is a process, and it's okay to take things at your own pace. With time and as you become more comfortable with the process and your therapist, your nervousness may decrease, allowing you to fully engage with and benefit from your therapy sessions.",questionID_146,Is it normal to go into therapy feeling nervous?,I've gone to a couple therapy sessions so far and still everytime I walk in I get nervous and shaky. Is this normal? Should I still be feeling like this?,anxiety,llama3,1464,0.19249821580322204,1
201,2,"The nervousness can stem from various factors, such as fear of vulnerability, uncertainty about the therapy process, or concerns about being judged.",177,325,0,0,0,5,"It's completely normal to feel nervous or anxious when attending therapy sessions, especially in the initial stages. This is a common phenomenon, and many people experience it. The nervousness can stem from various factors, such as fear of vulnerability, uncertainty about the therapy process, or concerns about being judged. Even after a few sessions, it's not unusual to still feel some level of apprehension. 

This nervousness can actually be a sign that you're taking a significant step towards addressing your mental health, which can be a daunting but ultimately rewarding process. It might help to remember that your therapist is there to support and guide you, not to judge you. They are trained to create a safe and non-judgmental space for you to express yourself.

If you feel comfortable, you could discuss your nervousness with your therapist. They can offer reassurance, help you understand the source of your anxiety, and work with you to develop coping strategies to manage your nerves. Remember, therapy is a process, and it's okay to take things at your own pace. With time and as you become more comfortable with the process and your therapist, your nervousness may decrease, allowing you to fully engage with and benefit from your therapy sessions.",questionID_146,Is it normal to go into therapy feeling nervous?,I've gone to a couple therapy sessions so far and still everytime I walk in I get nervous and shaky. Is this normal? Should I still be feeling like this?,anxiety,llama3,1465,0.16778871439532753,1
201,3,"Even after a few sessions, it's not unusual to still feel some level of apprehension.",326,411,0,0,0,5,"It's completely normal to feel nervous or anxious when attending therapy sessions, especially in the initial stages. This is a common phenomenon, and many people experience it. The nervousness can stem from various factors, such as fear of vulnerability, uncertainty about the therapy process, or concerns about being judged. Even after a few sessions, it's not unusual to still feel some level of apprehension. 

This nervousness can actually be a sign that you're taking a significant step towards addressing your mental health, which can be a daunting but ultimately rewarding process. It might help to remember that your therapist is there to support and guide you, not to judge you. They are trained to create a safe and non-judgmental space for you to express yourself.

If you feel comfortable, you could discuss your nervousness with your therapist. They can offer reassurance, help you understand the source of your anxiety, and work with you to develop coping strategies to manage your nerves. Remember, therapy is a process, and it's okay to take things at your own pace. With time and as you become more comfortable with the process and your therapist, your nervousness may decrease, allowing you to fully engage with and benefit from your therapy sessions.",questionID_146,Is it normal to go into therapy feeling nervous?,I've gone to a couple therapy sessions so far and still everytime I walk in I get nervous and shaky. Is this normal? Should I still be feeling like this?,anxiety,llama3,1466,0.25042799289399686,1
201,4,"This nervousness can actually be a sign that you're taking a significant step towards addressing your mental health, which can be a daunting but ultimately rewarding process.",414,588,0,0,0,5,"It's completely normal to feel nervous or anxious when attending therapy sessions, especially in the initial stages. This is a common phenomenon, and many people experience it. The nervousness can stem from various factors, such as fear of vulnerability, uncertainty about the therapy process, or concerns about being judged. Even after a few sessions, it's not unusual to still feel some level of apprehension. 

This nervousness can actually be a sign that you're taking a significant step towards addressing your mental health, which can be a daunting but ultimately rewarding process. It might help to remember that your therapist is there to support and guide you, not to judge you. They are trained to create a safe and non-judgmental space for you to express yourself.

If you feel comfortable, you could discuss your nervousness with your therapist. They can offer reassurance, help you understand the source of your anxiety, and work with you to develop coping strategies to manage your nerves. Remember, therapy is a process, and it's okay to take things at your own pace. With time and as you become more comfortable with the process and your therapist, your nervousness may decrease, allowing you to fully engage with and benefit from your therapy sessions.",questionID_146,Is it normal to go into therapy feeling nervous?,I've gone to a couple therapy sessions so far and still everytime I walk in I get nervous and shaky. Is this normal? Should I still be feeling like this?,anxiety,llama3,1467,0.07554043790436617,0
201,5,"It might help to remember that your therapist is there to support and guide you, not to judge you.",589,687,0,0,0,5,"It's completely normal to feel nervous or anxious when attending therapy sessions, especially in the initial stages. This is a common phenomenon, and many people experience it. The nervousness can stem from various factors, such as fear of vulnerability, uncertainty about the therapy process, or concerns about being judged. Even after a few sessions, it's not unusual to still feel some level of apprehension. 

This nervousness can actually be a sign that you're taking a significant step towards addressing your mental health, which can be a daunting but ultimately rewarding process. It might help to remember that your therapist is there to support and guide you, not to judge you. They are trained to create a safe and non-judgmental space for you to express yourself.

If you feel comfortable, you could discuss your nervousness with your therapist. They can offer reassurance, help you understand the source of your anxiety, and work with you to develop coping strategies to manage your nerves. Remember, therapy is a process, and it's okay to take things at your own pace. With time and as you become more comfortable with the process and your therapist, your nervousness may decrease, allowing you to fully engage with and benefit from your therapy sessions.",questionID_146,Is it normal to go into therapy feeling nervous?,I've gone to a couple therapy sessions so far and still everytime I walk in I get nervous and shaky. Is this normal? Should I still be feeling like this?,anxiety,llama3,1468,0.13931954012627695,0
201,6,They are trained to create a safe and non-judgmental space for you to express yourself.,688,775,0,0,0,5,"It's completely normal to feel nervous or anxious when attending therapy sessions, especially in the initial stages. This is a common phenomenon, and many people experience it. The nervousness can stem from various factors, such as fear of vulnerability, uncertainty about the therapy process, or concerns about being judged. Even after a few sessions, it's not unusual to still feel some level of apprehension. 

This nervousness can actually be a sign that you're taking a significant step towards addressing your mental health, which can be a daunting but ultimately rewarding process. It might help to remember that your therapist is there to support and guide you, not to judge you. They are trained to create a safe and non-judgmental space for you to express yourself.

If you feel comfortable, you could discuss your nervousness with your therapist. They can offer reassurance, help you understand the source of your anxiety, and work with you to develop coping strategies to manage your nerves. Remember, therapy is a process, and it's okay to take things at your own pace. With time and as you become more comfortable with the process and your therapist, your nervousness may decrease, allowing you to fully engage with and benefit from your therapy sessions.",questionID_146,Is it normal to go into therapy feeling nervous?,I've gone to a couple therapy sessions so far and still everytime I walk in I get nervous and shaky. Is this normal? Should I still be feeling like this?,anxiety,llama3,1469,0.14288146595575094,0
201,7,"If you feel comfortable, you could discuss your nervousness with your therapist.",777,857,0,0,0,5,"It's completely normal to feel nervous or anxious when attending therapy sessions, especially in the initial stages. This is a common phenomenon, and many people experience it. The nervousness can stem from various factors, such as fear of vulnerability, uncertainty about the therapy process, or concerns about being judged. Even after a few sessions, it's not unusual to still feel some level of apprehension. 

This nervousness can actually be a sign that you're taking a significant step towards addressing your mental health, which can be a daunting but ultimately rewarding process. It might help to remember that your therapist is there to support and guide you, not to judge you. They are trained to create a safe and non-judgmental space for you to express yourself.

If you feel comfortable, you could discuss your nervousness with your therapist. They can offer reassurance, help you understand the source of your anxiety, and work with you to develop coping strategies to manage your nerves. Remember, therapy is a process, and it's okay to take things at your own pace. With time and as you become more comfortable with the process and your therapist, your nervousness may decrease, allowing you to fully engage with and benefit from your therapy sessions.",questionID_146,Is it normal to go into therapy feeling nervous?,I've gone to a couple therapy sessions so far and still everytime I walk in I get nervous and shaky. Is this normal? Should I still be feeling like this?,anxiety,llama3,1470,0.23061836392214616,1
201,8,"They can offer reassurance, help you understand the source of your anxiety, and work with you to develop coping strategies to manage your nerves.",858,1003,0,0,0,5,"It's completely normal to feel nervous or anxious when attending therapy sessions, especially in the initial stages. This is a common phenomenon, and many people experience it. The nervousness can stem from various factors, such as fear of vulnerability, uncertainty about the therapy process, or concerns about being judged. Even after a few sessions, it's not unusual to still feel some level of apprehension. 

This nervousness can actually be a sign that you're taking a significant step towards addressing your mental health, which can be a daunting but ultimately rewarding process. It might help to remember that your therapist is there to support and guide you, not to judge you. They are trained to create a safe and non-judgmental space for you to express yourself.

If you feel comfortable, you could discuss your nervousness with your therapist. They can offer reassurance, help you understand the source of your anxiety, and work with you to develop coping strategies to manage your nerves. Remember, therapy is a process, and it's okay to take things at your own pace. With time and as you become more comfortable with the process and your therapist, your nervousness may decrease, allowing you to fully engage with and benefit from your therapy sessions.",questionID_146,Is it normal to go into therapy feeling nervous?,I've gone to a couple therapy sessions so far and still everytime I walk in I get nervous and shaky. Is this normal? Should I still be feeling like this?,anxiety,llama3,1471,0.1370536074878521,0
201,9,"Remember, therapy is a process, and it's okay to take things at your own pace.",1004,1082,0,0,0,5,"It's completely normal to feel nervous or anxious when attending therapy sessions, especially in the initial stages. This is a common phenomenon, and many people experience it. The nervousness can stem from various factors, such as fear of vulnerability, uncertainty about the therapy process, or concerns about being judged. Even after a few sessions, it's not unusual to still feel some level of apprehension. 

This nervousness can actually be a sign that you're taking a significant step towards addressing your mental health, which can be a daunting but ultimately rewarding process. It might help to remember that your therapist is there to support and guide you, not to judge you. They are trained to create a safe and non-judgmental space for you to express yourself.

If you feel comfortable, you could discuss your nervousness with your therapist. They can offer reassurance, help you understand the source of your anxiety, and work with you to develop coping strategies to manage your nerves. Remember, therapy is a process, and it's okay to take things at your own pace. With time and as you become more comfortable with the process and your therapist, your nervousness may decrease, allowing you to fully engage with and benefit from your therapy sessions.",questionID_146,Is it normal to go into therapy feeling nervous?,I've gone to a couple therapy sessions so far and still everytime I walk in I get nervous and shaky. Is this normal? Should I still be feeling like this?,anxiety,llama3,1472,0.10300545672667545,0
201,10,"With time and as you become more comfortable with the process and your therapist, your nervousness may decrease, allowing you to fully engage with and benefit from your therapy sessions.",1083,1269,0,0,0,5,"It's completely normal to feel nervous or anxious when attending therapy sessions, especially in the initial stages. This is a common phenomenon, and many people experience it. The nervousness can stem from various factors, such as fear of vulnerability, uncertainty about the therapy process, or concerns about being judged. Even after a few sessions, it's not unusual to still feel some level of apprehension. 

This nervousness can actually be a sign that you're taking a significant step towards addressing your mental health, which can be a daunting but ultimately rewarding process. It might help to remember that your therapist is there to support and guide you, not to judge you. They are trained to create a safe and non-judgmental space for you to express yourself.

If you feel comfortable, you could discuss your nervousness with your therapist. They can offer reassurance, help you understand the source of your anxiety, and work with you to develop coping strategies to manage your nerves. Remember, therapy is a process, and it's okay to take things at your own pace. With time and as you become more comfortable with the process and your therapist, your nervousness may decrease, allowing you to fully engage with and benefit from your therapy sessions.",questionID_146,Is it normal to go into therapy feeling nervous?,I've gone to a couple therapy sessions so far and still everytime I walk in I get nervous and shaky. Is this normal? Should I still be feeling like this?,anxiety,llama3,1473,0.16928273286637216,1
203,0,Oh that is too bad not sure is it because of the one you are in therapy with or the counselor ?,0,95,1,3,3,5,Oh that is too bad not sure is it because of the one you are in therapy with or the counselor ?  What feelings are coming up and thoughts in your mind first to start.  Try and put them down and look at what is on paper.  If you need to maybe do a group first then individual then couple.,questionID_146,Is it normal to go into therapy feeling nervous?,I've gone to a couple therapy sessions so far and still everytime I walk in I get nervous and shaky. Is this normal? Should I still be feeling like this?,anxiety,human,1477,0.47800473761108964,1
203,1,What feelings are coming up and thoughts in your mind first to start.,97,166,1,1,1,5,Oh that is too bad not sure is it because of the one you are in therapy with or the counselor ?  What feelings are coming up and thoughts in your mind first to start.  Try and put them down and look at what is on paper.  If you need to maybe do a group first then individual then couple.,questionID_146,Is it normal to go into therapy feeling nervous?,I've gone to a couple therapy sessions so far and still everytime I walk in I get nervous and shaky. Is this normal? Should I still be feeling like this?,anxiety,human,1478,0.185655387221801,1
203,2,Try and put them down and look at what is on paper.,168,219,1,1,1,5,Oh that is too bad not sure is it because of the one you are in therapy with or the counselor ?  What feelings are coming up and thoughts in your mind first to start.  Try and put them down and look at what is on paper.  If you need to maybe do a group first then individual then couple.,questionID_146,Is it normal to go into therapy feeling nervous?,I've gone to a couple therapy sessions so far and still everytime I walk in I get nervous and shaky. Is this normal? Should I still be feeling like this?,anxiety,human,1479,0.41754979832922734,1
203,3,If you need to maybe do a group first then individual then couple.,221,287,0,0,0,5,Oh that is too bad not sure is it because of the one you are in therapy with or the counselor ?  What feelings are coming up and thoughts in your mind first to start.  Try and put them down and look at what is on paper.  If you need to maybe do a group first then individual then couple.,questionID_146,Is it normal to go into therapy feeling nervous?,I've gone to a couple therapy sessions so far and still everytime I walk in I get nervous and shaky. Is this normal? Should I still be feeling like this?,anxiety,human,1480,0.33740706907801044,1
206,0,"Counseling provides a safe and supportive space to explore thoughts and feelings, develop coping strategies for challenges, and work towards positive changes in your life, leading to improved mental well-being and a greater sense of self-awareness.",0,248,0,0,0,5,"Counseling provides a safe and supportive space to explore thoughts and feelings, develop coping strategies for challenges, and work towards positive changes in your life, leading to improved mental well-being and a greater sense of self-awareness.",questionID_935,How does counseling help people?,Does counseling really do anything that can help people?,counseling-fundamentals,gemini,1496,0.07651222005933632,0
210,0,Possibly laziness is not the true problem and is only what appears as the problem.,0,82,1,2,2,5,"Possibly laziness is not the true problem and is only what appears as the problem.Since you describe your laziness as an observable quality, I assume you've not always felt or handled yourself this way.Quite possibly and more likely, the particular conditions of your current life are not ones that are optimal for feeling good about yourself and your involvements.One suggestion is to see if there is any purpose to what you're doing in all the areas in which you see yourself acting from laziness.If you're not able to notice any good purpose, then you may be mistaking ""laziness"" for a significant amount of stress in your life.Stress can be opened and understood.  If stress is what underlies what appears as laziness, then you define the contributors to your stress.Not feeling enough support in your life, financial uncertainty, arguments w people who are close in your life, feeling misunderstood overall or by particular people, all are possibilities.Good luck in learning more about who you are!",questionID_876,How can I get rid of my laziness?,"I am lazy. I am very aware of the problem and try to talk myself out of it all the time, but I never seem to shake the habits. I try to think of what it is doing to me and my future, but no matter what, I keep creating excuses for myself to continue the procrastination. All I'm ever left with is regrets and a low grade. I am at an all-time low in my life, and I'm not even that old. I've always been a straight-A student, but now I'm getting C's and F's, and it hurts me to know that I am way better than that. It's not even like the work is hard.",behavioral-change,human,1523,0.3956269606100094,1
210,1,"Since you describe your laziness as an observable quality, I assume you've not always felt or handled yourself this way.",82,202,0,0,0,5,"Possibly laziness is not the true problem and is only what appears as the problem.Since you describe your laziness as an observable quality, I assume you've not always felt or handled yourself this way.Quite possibly and more likely, the particular conditions of your current life are not ones that are optimal for feeling good about yourself and your involvements.One suggestion is to see if there is any purpose to what you're doing in all the areas in which you see yourself acting from laziness.If you're not able to notice any good purpose, then you may be mistaking ""laziness"" for a significant amount of stress in your life.Stress can be opened and understood.  If stress is what underlies what appears as laziness, then you define the contributors to your stress.Not feeling enough support in your life, financial uncertainty, arguments w people who are close in your life, feeling misunderstood overall or by particular people, all are possibilities.Good luck in learning more about who you are!",questionID_876,How can I get rid of my laziness?,"I am lazy. I am very aware of the problem and try to talk myself out of it all the time, but I never seem to shake the habits. I try to think of what it is doing to me and my future, but no matter what, I keep creating excuses for myself to continue the procrastination. All I'm ever left with is regrets and a low grade. I am at an all-time low in my life, and I'm not even that old. I've always been a straight-A student, but now I'm getting C's and F's, and it hurts me to know that I am way better than that. It's not even like the work is hard.",behavioral-change,human,1524,0.25689431394274287,1
210,2,"Quite possibly and more likely, the particular conditions of your current life are not ones that are optimal for feeling good about yourself and your involvements.",202,365,1,1,1,5,"Possibly laziness is not the true problem and is only what appears as the problem.Since you describe your laziness as an observable quality, I assume you've not always felt or handled yourself this way.Quite possibly and more likely, the particular conditions of your current life are not ones that are optimal for feeling good about yourself and your involvements.One suggestion is to see if there is any purpose to what you're doing in all the areas in which you see yourself acting from laziness.If you're not able to notice any good purpose, then you may be mistaking ""laziness"" for a significant amount of stress in your life.Stress can be opened and understood.  If stress is what underlies what appears as laziness, then you define the contributors to your stress.Not feeling enough support in your life, financial uncertainty, arguments w people who are close in your life, feeling misunderstood overall or by particular people, all are possibilities.Good luck in learning more about who you are!",questionID_876,How can I get rid of my laziness?,"I am lazy. I am very aware of the problem and try to talk myself out of it all the time, but I never seem to shake the habits. I try to think of what it is doing to me and my future, but no matter what, I keep creating excuses for myself to continue the procrastination. All I'm ever left with is regrets and a low grade. I am at an all-time low in my life, and I'm not even that old. I've always been a straight-A student, but now I'm getting C's and F's, and it hurts me to know that I am way better than that. It's not even like the work is hard.",behavioral-change,human,1525,0.21021253289025896,1
210,3,One suggestion is to see if there is any purpose to what you're doing in all the areas in which you see yourself acting from laziness.,365,499,1,1,1,5,"Possibly laziness is not the true problem and is only what appears as the problem.Since you describe your laziness as an observable quality, I assume you've not always felt or handled yourself this way.Quite possibly and more likely, the particular conditions of your current life are not ones that are optimal for feeling good about yourself and your involvements.One suggestion is to see if there is any purpose to what you're doing in all the areas in which you see yourself acting from laziness.If you're not able to notice any good purpose, then you may be mistaking ""laziness"" for a significant amount of stress in your life.Stress can be opened and understood.  If stress is what underlies what appears as laziness, then you define the contributors to your stress.Not feeling enough support in your life, financial uncertainty, arguments w people who are close in your life, feeling misunderstood overall or by particular people, all are possibilities.Good luck in learning more about who you are!",questionID_876,How can I get rid of my laziness?,"I am lazy. I am very aware of the problem and try to talk myself out of it all the time, but I never seem to shake the habits. I try to think of what it is doing to me and my future, but no matter what, I keep creating excuses for myself to continue the procrastination. All I'm ever left with is regrets and a low grade. I am at an all-time low in my life, and I'm not even that old. I've always been a straight-A student, but now I'm getting C's and F's, and it hurts me to know that I am way better than that. It's not even like the work is hard.",behavioral-change,human,1526,0.36103451460608865,1
210,4,"If you're not able to notice any good purpose, then you may be mistaking ""laziness"" for a significant amount of stress in your life.",499,631,1,1,1,5,"Possibly laziness is not the true problem and is only what appears as the problem.Since you describe your laziness as an observable quality, I assume you've not always felt or handled yourself this way.Quite possibly and more likely, the particular conditions of your current life are not ones that are optimal for feeling good about yourself and your involvements.One suggestion is to see if there is any purpose to what you're doing in all the areas in which you see yourself acting from laziness.If you're not able to notice any good purpose, then you may be mistaking ""laziness"" for a significant amount of stress in your life.Stress can be opened and understood.  If stress is what underlies what appears as laziness, then you define the contributors to your stress.Not feeling enough support in your life, financial uncertainty, arguments w people who are close in your life, feeling misunderstood overall or by particular people, all are possibilities.Good luck in learning more about who you are!",questionID_876,How can I get rid of my laziness?,"I am lazy. I am very aware of the problem and try to talk myself out of it all the time, but I never seem to shake the habits. I try to think of what it is doing to me and my future, but no matter what, I keep creating excuses for myself to continue the procrastination. All I'm ever left with is regrets and a low grade. I am at an all-time low in my life, and I'm not even that old. I've always been a straight-A student, but now I'm getting C's and F's, and it hurts me to know that I am way better than that. It's not even like the work is hard.",behavioral-change,human,1527,0.21850171031707355,1
210,5,Stress can be opened and understood.,631,667,1,1,1,5,"Possibly laziness is not the true problem and is only what appears as the problem.Since you describe your laziness as an observable quality, I assume you've not always felt or handled yourself this way.Quite possibly and more likely, the particular conditions of your current life are not ones that are optimal for feeling good about yourself and your involvements.One suggestion is to see if there is any purpose to what you're doing in all the areas in which you see yourself acting from laziness.If you're not able to notice any good purpose, then you may be mistaking ""laziness"" for a significant amount of stress in your life.Stress can be opened and understood.  If stress is what underlies what appears as laziness, then you define the contributors to your stress.Not feeling enough support in your life, financial uncertainty, arguments w people who are close in your life, feeling misunderstood overall or by particular people, all are possibilities.Good luck in learning more about who you are!",questionID_876,How can I get rid of my laziness?,"I am lazy. I am very aware of the problem and try to talk myself out of it all the time, but I never seem to shake the habits. I try to think of what it is doing to me and my future, but no matter what, I keep creating excuses for myself to continue the procrastination. All I'm ever left with is regrets and a low grade. I am at an all-time low in my life, and I'm not even that old. I've always been a straight-A student, but now I'm getting C's and F's, and it hurts me to know that I am way better than that. It's not even like the work is hard.",behavioral-change,human,1528,0.1340609059404318,0
210,6,"If stress is what underlies what appears as laziness, then you define the contributors to your stress.",669,771,1,1,1,5,"Possibly laziness is not the true problem and is only what appears as the problem.Since you describe your laziness as an observable quality, I assume you've not always felt or handled yourself this way.Quite possibly and more likely, the particular conditions of your current life are not ones that are optimal for feeling good about yourself and your involvements.One suggestion is to see if there is any purpose to what you're doing in all the areas in which you see yourself acting from laziness.If you're not able to notice any good purpose, then you may be mistaking ""laziness"" for a significant amount of stress in your life.Stress can be opened and understood.  If stress is what underlies what appears as laziness, then you define the contributors to your stress.Not feeling enough support in your life, financial uncertainty, arguments w people who are close in your life, feeling misunderstood overall or by particular people, all are possibilities.Good luck in learning more about who you are!",questionID_876,How can I get rid of my laziness?,"I am lazy. I am very aware of the problem and try to talk myself out of it all the time, but I never seem to shake the habits. I try to think of what it is doing to me and my future, but no matter what, I keep creating excuses for myself to continue the procrastination. All I'm ever left with is regrets and a low grade. I am at an all-time low in my life, and I'm not even that old. I've always been a straight-A student, but now I'm getting C's and F's, and it hurts me to know that I am way better than that. It's not even like the work is hard.",behavioral-change,human,1529,0.27464497654956493,1
210,7,"Not feeling enough support in your life, financial uncertainty, arguments w people who are close in your life, feeling misunderstood overall or by particular people, all are possibilities.",771,959,0,0,0,5,"Possibly laziness is not the true problem and is only what appears as the problem.Since you describe your laziness as an observable quality, I assume you've not always felt or handled yourself this way.Quite possibly and more likely, the particular conditions of your current life are not ones that are optimal for feeling good about yourself and your involvements.One suggestion is to see if there is any purpose to what you're doing in all the areas in which you see yourself acting from laziness.If you're not able to notice any good purpose, then you may be mistaking ""laziness"" for a significant amount of stress in your life.Stress can be opened and understood.  If stress is what underlies what appears as laziness, then you define the contributors to your stress.Not feeling enough support in your life, financial uncertainty, arguments w people who are close in your life, feeling misunderstood overall or by particular people, all are possibilities.Good luck in learning more about who you are!",questionID_876,How can I get rid of my laziness?,"I am lazy. I am very aware of the problem and try to talk myself out of it all the time, but I never seem to shake the habits. I try to think of what it is doing to me and my future, but no matter what, I keep creating excuses for myself to continue the procrastination. All I'm ever left with is regrets and a low grade. I am at an all-time low in my life, and I'm not even that old. I've always been a straight-A student, but now I'm getting C's and F's, and it hurts me to know that I am way better than that. It's not even like the work is hard.",behavioral-change,human,1530,0.2387814701958291,1
210,8,Good luck in learning more about who you are!,959,1004,0,0,0,5,"Possibly laziness is not the true problem and is only what appears as the problem.Since you describe your laziness as an observable quality, I assume you've not always felt or handled yourself this way.Quite possibly and more likely, the particular conditions of your current life are not ones that are optimal for feeling good about yourself and your involvements.One suggestion is to see if there is any purpose to what you're doing in all the areas in which you see yourself acting from laziness.If you're not able to notice any good purpose, then you may be mistaking ""laziness"" for a significant amount of stress in your life.Stress can be opened and understood.  If stress is what underlies what appears as laziness, then you define the contributors to your stress.Not feeling enough support in your life, financial uncertainty, arguments w people who are close in your life, feeling misunderstood overall or by particular people, all are possibilities.Good luck in learning more about who you are!",questionID_876,How can I get rid of my laziness?,"I am lazy. I am very aware of the problem and try to talk myself out of it all the time, but I never seem to shake the habits. I try to think of what it is doing to me and my future, but no matter what, I keep creating excuses for myself to continue the procrastination. All I'm ever left with is regrets and a low grade. I am at an all-time low in my life, and I'm not even that old. I've always been a straight-A student, but now I'm getting C's and F's, and it hurts me to know that I am way better than that. It's not even like the work is hard.",behavioral-change,human,1531,0.47631161215256573,1
214,0,Sounds scary to watch.,0,22,0,0,0,5,"Sounds scary to watch.  I agree with you!Maybe he felt so overwhelmed by anger, hurt and frustration that he went back to an old behavior from his past in which someone hit him for having strong emotions.Now that the incident is past, bring up the topic to him so the two of you can discuss it.Just the fact of you having empathy and caring what he was feeling at the time, may be restorative to him.At the very least, you may find out exactly what the answer is to your question as to why he did this in the first place!",questionID_452,Why did my boyfriend hit himself in the face during an argument?,"When I got home, my boyfriend and I got into an argument. He got upset and he started hitting his face. That is the first time he has ever done that, but I would be lying if I said that didn't scare me. I locked myself in the room.",anger-management,human,1561,0.1607506611602023,1
214,1,"I agree with you!Maybe he felt so overwhelmed by anger, hurt and frustration that he went back to an old behavior from his past in which someone hit him for having strong emotions.",24,204,1,3,3,5,"Sounds scary to watch.  I agree with you!Maybe he felt so overwhelmed by anger, hurt and frustration that he went back to an old behavior from his past in which someone hit him for having strong emotions.Now that the incident is past, bring up the topic to him so the two of you can discuss it.Just the fact of you having empathy and caring what he was feeling at the time, may be restorative to him.At the very least, you may find out exactly what the answer is to your question as to why he did this in the first place!",questionID_452,Why did my boyfriend hit himself in the face during an argument?,"When I got home, my boyfriend and I got into an argument. He got upset and he started hitting his face. That is the first time he has ever done that, but I would be lying if I said that didn't scare me. I locked myself in the room.",anger-management,human,1562,0.28994055028165516,1
214,2,"Now that the incident is past, bring up the topic to him so the two of you can discuss it.",204,294,1,2,2,5,"Sounds scary to watch.  I agree with you!Maybe he felt so overwhelmed by anger, hurt and frustration that he went back to an old behavior from his past in which someone hit him for having strong emotions.Now that the incident is past, bring up the topic to him so the two of you can discuss it.Just the fact of you having empathy and caring what he was feeling at the time, may be restorative to him.At the very least, you may find out exactly what the answer is to your question as to why he did this in the first place!",questionID_452,Why did my boyfriend hit himself in the face during an argument?,"When I got home, my boyfriend and I got into an argument. He got upset and he started hitting his face. That is the first time he has ever done that, but I would be lying if I said that didn't scare me. I locked myself in the room.",anger-management,human,1563,0.28075542445545015,1
214,3,"Just the fact of you having empathy and caring what he was feeling at the time, may be restorative to him.",294,400,1,2,2,5,"Sounds scary to watch.  I agree with you!Maybe he felt so overwhelmed by anger, hurt and frustration that he went back to an old behavior from his past in which someone hit him for having strong emotions.Now that the incident is past, bring up the topic to him so the two of you can discuss it.Just the fact of you having empathy and caring what he was feeling at the time, may be restorative to him.At the very least, you may find out exactly what the answer is to your question as to why he did this in the first place!",questionID_452,Why did my boyfriend hit himself in the face during an argument?,"When I got home, my boyfriend and I got into an argument. He got upset and he started hitting his face. That is the first time he has ever done that, but I would be lying if I said that didn't scare me. I locked myself in the room.",anger-management,human,1564,0.32152554152096274,1
214,4,"At the very least, you may find out exactly what the answer is to your question as to why he did this in the first place!",400,521,1,2,2,5,"Sounds scary to watch.  I agree with you!Maybe he felt so overwhelmed by anger, hurt and frustration that he went back to an old behavior from his past in which someone hit him for having strong emotions.Now that the incident is past, bring up the topic to him so the two of you can discuss it.Just the fact of you having empathy and caring what he was feeling at the time, may be restorative to him.At the very least, you may find out exactly what the answer is to your question as to why he did this in the first place!",questionID_452,Why did my boyfriend hit himself in the face during an argument?,"When I got home, my boyfriend and I got into an argument. He got upset and he started hitting his face. That is the first time he has ever done that, but I would be lying if I said that didn't scare me. I locked myself in the room.",anger-management,human,1565,0.3610683734991984,1
219,0,I'm so sorry to hear that your friend is going through this incredibly difficult and dangerous situation.,0,105,0,0,0,5,"I'm so sorry to hear that your friend is going through this incredibly difficult and dangerous situation. It's essential to approach this with care and sensitivity. First, please know that you can't ""fix"" the situation or force your friend to leave the relationship, but you can offer support and resources. 

Encourage your friend to call the National Domestic Violence Hotline (1-800-799-7233) or visit their website (thehotline.org) for confidential help and guidance. It's crucial for her to have a safety plan in place, which may include identifying a safe place to stay, packing an emergency bag, and having important documents and phone numbers readily available.

When interacting with your friend, listen to her without judgment, and let her know that you believe her and are there to support her. Avoid criticizing her husband or telling her to ""just leave,"" as this can create feelings of guilt, shame, or defensiveness. Instead, focus on empowering her to make her own decisions and offering to help her explore options.

Regarding the situation with your boyfriend, you may want to consider having an open and honest conversation with him about what's been happening, so he understands the context and can be supportive.

Remember that your friend's situation is complex, and it may take time for her to feel ready to leave the relationship. Be patient, and continue to offer support and resources. If you're concerned about your friend's immediate safety, encourage her to call emergency services or the National Domestic Violence Hotline for help.",questionID_437,Is there something I should do to help my friend who is in an abusive relationship?,"My friend’s husband is bipolar and refuses to take medication for it. He has taken the wheels off her vehicle before to prevent her from leaving. He has held her a prisoner in her home. He has choked her, hit her, etc. She has almost divorced him a couple of times but always makes up with him, thinking that he is going to change. She and I went to a wedding out of town in September of 2014, and ever since she has been back, he is convinced that she cheated on him while we were gone. Now he is saying that I have also cheated on my boyfriend and has come to my house and told my boyfriend this.",domestic-violence,llama3,1598,0.06261655880340071,0
219,1,It's essential to approach this with care and sensitivity.,106,164,0,0,0,5,"I'm so sorry to hear that your friend is going through this incredibly difficult and dangerous situation. It's essential to approach this with care and sensitivity. First, please know that you can't ""fix"" the situation or force your friend to leave the relationship, but you can offer support and resources. 

Encourage your friend to call the National Domestic Violence Hotline (1-800-799-7233) or visit their website (thehotline.org) for confidential help and guidance. It's crucial for her to have a safety plan in place, which may include identifying a safe place to stay, packing an emergency bag, and having important documents and phone numbers readily available.

When interacting with your friend, listen to her without judgment, and let her know that you believe her and are there to support her. Avoid criticizing her husband or telling her to ""just leave,"" as this can create feelings of guilt, shame, or defensiveness. Instead, focus on empowering her to make her own decisions and offering to help her explore options.

Regarding the situation with your boyfriend, you may want to consider having an open and honest conversation with him about what's been happening, so he understands the context and can be supportive.

Remember that your friend's situation is complex, and it may take time for her to feel ready to leave the relationship. Be patient, and continue to offer support and resources. If you're concerned about your friend's immediate safety, encourage her to call emergency services or the National Domestic Violence Hotline for help.",questionID_437,Is there something I should do to help my friend who is in an abusive relationship?,"My friend’s husband is bipolar and refuses to take medication for it. He has taken the wheels off her vehicle before to prevent her from leaving. He has held her a prisoner in her home. He has choked her, hit her, etc. She has almost divorced him a couple of times but always makes up with him, thinking that he is going to change. She and I went to a wedding out of town in September of 2014, and ever since she has been back, he is convinced that she cheated on him while we were gone. Now he is saying that I have also cheated on my boyfriend and has come to my house and told my boyfriend this.",domestic-violence,llama3,1599,0.16264995000918359,1
219,2,"First, please know that you can't ""fix"" the situation or force your friend to leave the relationship, but you can offer support and resources.",165,307,0,0,0,5,"I'm so sorry to hear that your friend is going through this incredibly difficult and dangerous situation. It's essential to approach this with care and sensitivity. First, please know that you can't ""fix"" the situation or force your friend to leave the relationship, but you can offer support and resources. 

Encourage your friend to call the National Domestic Violence Hotline (1-800-799-7233) or visit their website (thehotline.org) for confidential help and guidance. It's crucial for her to have a safety plan in place, which may include identifying a safe place to stay, packing an emergency bag, and having important documents and phone numbers readily available.

When interacting with your friend, listen to her without judgment, and let her know that you believe her and are there to support her. Avoid criticizing her husband or telling her to ""just leave,"" as this can create feelings of guilt, shame, or defensiveness. Instead, focus on empowering her to make her own decisions and offering to help her explore options.

Regarding the situation with your boyfriend, you may want to consider having an open and honest conversation with him about what's been happening, so he understands the context and can be supportive.

Remember that your friend's situation is complex, and it may take time for her to feel ready to leave the relationship. Be patient, and continue to offer support and resources. If you're concerned about your friend's immediate safety, encourage her to call emergency services or the National Domestic Violence Hotline for help.",questionID_437,Is there something I should do to help my friend who is in an abusive relationship?,"My friend’s husband is bipolar and refuses to take medication for it. He has taken the wheels off her vehicle before to prevent her from leaving. He has held her a prisoner in her home. He has choked her, hit her, etc. She has almost divorced him a couple of times but always makes up with him, thinking that he is going to change. She and I went to a wedding out of town in September of 2014, and ever since she has been back, he is convinced that she cheated on him while we were gone. Now he is saying that I have also cheated on my boyfriend and has come to my house and told my boyfriend this.",domestic-violence,llama3,1600,0.1560048823768784,1
219,3,Encourage your friend to call the National Domestic Violence Hotline (1-800-799-7233) or visit their website (thehotline.org) for confidential help and guidance.,310,471,0,0,0,5,"I'm so sorry to hear that your friend is going through this incredibly difficult and dangerous situation. It's essential to approach this with care and sensitivity. First, please know that you can't ""fix"" the situation or force your friend to leave the relationship, but you can offer support and resources. 

Encourage your friend to call the National Domestic Violence Hotline (1-800-799-7233) or visit their website (thehotline.org) for confidential help and guidance. It's crucial for her to have a safety plan in place, which may include identifying a safe place to stay, packing an emergency bag, and having important documents and phone numbers readily available.

When interacting with your friend, listen to her without judgment, and let her know that you believe her and are there to support her. Avoid criticizing her husband or telling her to ""just leave,"" as this can create feelings of guilt, shame, or defensiveness. Instead, focus on empowering her to make her own decisions and offering to help her explore options.

Regarding the situation with your boyfriend, you may want to consider having an open and honest conversation with him about what's been happening, so he understands the context and can be supportive.

Remember that your friend's situation is complex, and it may take time for her to feel ready to leave the relationship. Be patient, and continue to offer support and resources. If you're concerned about your friend's immediate safety, encourage her to call emergency services or the National Domestic Violence Hotline for help.",questionID_437,Is there something I should do to help my friend who is in an abusive relationship?,"My friend’s husband is bipolar and refuses to take medication for it. He has taken the wheels off her vehicle before to prevent her from leaving. He has held her a prisoner in her home. He has choked her, hit her, etc. She has almost divorced him a couple of times but always makes up with him, thinking that he is going to change. She and I went to a wedding out of town in September of 2014, and ever since she has been back, he is convinced that she cheated on him while we were gone. Now he is saying that I have also cheated on my boyfriend and has come to my house and told my boyfriend this.",domestic-violence,llama3,1601,0.10315433337014264,0
219,4,"It's crucial for her to have a safety plan in place, which may include identifying a safe place to stay, packing an emergency bag, and having important documents and phone numbers readily available.",472,670,0,0,0,5,"I'm so sorry to hear that your friend is going through this incredibly difficult and dangerous situation. It's essential to approach this with care and sensitivity. First, please know that you can't ""fix"" the situation or force your friend to leave the relationship, but you can offer support and resources. 

Encourage your friend to call the National Domestic Violence Hotline (1-800-799-7233) or visit their website (thehotline.org) for confidential help and guidance. It's crucial for her to have a safety plan in place, which may include identifying a safe place to stay, packing an emergency bag, and having important documents and phone numbers readily available.

When interacting with your friend, listen to her without judgment, and let her know that you believe her and are there to support her. Avoid criticizing her husband or telling her to ""just leave,"" as this can create feelings of guilt, shame, or defensiveness. Instead, focus on empowering her to make her own decisions and offering to help her explore options.

Regarding the situation with your boyfriend, you may want to consider having an open and honest conversation with him about what's been happening, so he understands the context and can be supportive.

Remember that your friend's situation is complex, and it may take time for her to feel ready to leave the relationship. Be patient, and continue to offer support and resources. If you're concerned about your friend's immediate safety, encourage her to call emergency services or the National Domestic Violence Hotline for help.",questionID_437,Is there something I should do to help my friend who is in an abusive relationship?,"My friend’s husband is bipolar and refuses to take medication for it. He has taken the wheels off her vehicle before to prevent her from leaving. He has held her a prisoner in her home. He has choked her, hit her, etc. She has almost divorced him a couple of times but always makes up with him, thinking that he is going to change. She and I went to a wedding out of town in September of 2014, and ever since she has been back, he is convinced that she cheated on him while we were gone. Now he is saying that I have also cheated on my boyfriend and has come to my house and told my boyfriend this.",domestic-violence,llama3,1602,0.14667449488978512,0
219,5,"When interacting with your friend, listen to her without judgment, and let her know that you believe her and are there to support her.",672,806,0,0,0,5,"I'm so sorry to hear that your friend is going through this incredibly difficult and dangerous situation. It's essential to approach this with care and sensitivity. First, please know that you can't ""fix"" the situation or force your friend to leave the relationship, but you can offer support and resources. 

Encourage your friend to call the National Domestic Violence Hotline (1-800-799-7233) or visit their website (thehotline.org) for confidential help and guidance. It's crucial for her to have a safety plan in place, which may include identifying a safe place to stay, packing an emergency bag, and having important documents and phone numbers readily available.

When interacting with your friend, listen to her without judgment, and let her know that you believe her and are there to support her. Avoid criticizing her husband or telling her to ""just leave,"" as this can create feelings of guilt, shame, or defensiveness. Instead, focus on empowering her to make her own decisions and offering to help her explore options.

Regarding the situation with your boyfriend, you may want to consider having an open and honest conversation with him about what's been happening, so he understands the context and can be supportive.

Remember that your friend's situation is complex, and it may take time for her to feel ready to leave the relationship. Be patient, and continue to offer support and resources. If you're concerned about your friend's immediate safety, encourage her to call emergency services or the National Domestic Violence Hotline for help.",questionID_437,Is there something I should do to help my friend who is in an abusive relationship?,"My friend’s husband is bipolar and refuses to take medication for it. He has taken the wheels off her vehicle before to prevent her from leaving. He has held her a prisoner in her home. He has choked her, hit her, etc. She has almost divorced him a couple of times but always makes up with him, thinking that he is going to change. She and I went to a wedding out of town in September of 2014, and ever since she has been back, he is convinced that she cheated on him while we were gone. Now he is saying that I have also cheated on my boyfriend and has come to my house and told my boyfriend this.",domestic-violence,llama3,1603,0.2885520410982198,1
219,6,"Avoid criticizing her husband or telling her to ""just leave,"" as this can create feelings of guilt, shame, or defensiveness.",807,931,0,0,0,5,"I'm so sorry to hear that your friend is going through this incredibly difficult and dangerous situation. It's essential to approach this with care and sensitivity. First, please know that you can't ""fix"" the situation or force your friend to leave the relationship, but you can offer support and resources. 

Encourage your friend to call the National Domestic Violence Hotline (1-800-799-7233) or visit their website (thehotline.org) for confidential help and guidance. It's crucial for her to have a safety plan in place, which may include identifying a safe place to stay, packing an emergency bag, and having important documents and phone numbers readily available.

When interacting with your friend, listen to her without judgment, and let her know that you believe her and are there to support her. Avoid criticizing her husband or telling her to ""just leave,"" as this can create feelings of guilt, shame, or defensiveness. Instead, focus on empowering her to make her own decisions and offering to help her explore options.

Regarding the situation with your boyfriend, you may want to consider having an open and honest conversation with him about what's been happening, so he understands the context and can be supportive.

Remember that your friend's situation is complex, and it may take time for her to feel ready to leave the relationship. Be patient, and continue to offer support and resources. If you're concerned about your friend's immediate safety, encourage her to call emergency services or the National Domestic Violence Hotline for help.",questionID_437,Is there something I should do to help my friend who is in an abusive relationship?,"My friend’s husband is bipolar and refuses to take medication for it. He has taken the wheels off her vehicle before to prevent her from leaving. He has held her a prisoner in her home. He has choked her, hit her, etc. She has almost divorced him a couple of times but always makes up with him, thinking that he is going to change. She and I went to a wedding out of town in September of 2014, and ever since she has been back, he is convinced that she cheated on him while we were gone. Now he is saying that I have also cheated on my boyfriend and has come to my house and told my boyfriend this.",domestic-violence,llama3,1604,0.20822489883837045,1
219,7,"Instead, focus on empowering her to make her own decisions and offering to help her explore options.",932,1032,0,0,0,5,"I'm so sorry to hear that your friend is going through this incredibly difficult and dangerous situation. It's essential to approach this with care and sensitivity. First, please know that you can't ""fix"" the situation or force your friend to leave the relationship, but you can offer support and resources. 

Encourage your friend to call the National Domestic Violence Hotline (1-800-799-7233) or visit their website (thehotline.org) for confidential help and guidance. It's crucial for her to have a safety plan in place, which may include identifying a safe place to stay, packing an emergency bag, and having important documents and phone numbers readily available.

When interacting with your friend, listen to her without judgment, and let her know that you believe her and are there to support her. Avoid criticizing her husband or telling her to ""just leave,"" as this can create feelings of guilt, shame, or defensiveness. Instead, focus on empowering her to make her own decisions and offering to help her explore options.

Regarding the situation with your boyfriend, you may want to consider having an open and honest conversation with him about what's been happening, so he understands the context and can be supportive.

Remember that your friend's situation is complex, and it may take time for her to feel ready to leave the relationship. Be patient, and continue to offer support and resources. If you're concerned about your friend's immediate safety, encourage her to call emergency services or the National Domestic Violence Hotline for help.",questionID_437,Is there something I should do to help my friend who is in an abusive relationship?,"My friend’s husband is bipolar and refuses to take medication for it. He has taken the wheels off her vehicle before to prevent her from leaving. He has held her a prisoner in her home. He has choked her, hit her, etc. She has almost divorced him a couple of times but always makes up with him, thinking that he is going to change. She and I went to a wedding out of town in September of 2014, and ever since she has been back, he is convinced that she cheated on him while we were gone. Now he is saying that I have also cheated on my boyfriend and has come to my house and told my boyfriend this.",domestic-violence,llama3,1605,0.20988948560614495,1
219,8,"Regarding the situation with your boyfriend, you may want to consider having an open and honest conversation with him about what's been happening, so he understands the context and can be supportive.",1034,1233,0,0,0,5,"I'm so sorry to hear that your friend is going through this incredibly difficult and dangerous situation. It's essential to approach this with care and sensitivity. First, please know that you can't ""fix"" the situation or force your friend to leave the relationship, but you can offer support and resources. 

Encourage your friend to call the National Domestic Violence Hotline (1-800-799-7233) or visit their website (thehotline.org) for confidential help and guidance. It's crucial for her to have a safety plan in place, which may include identifying a safe place to stay, packing an emergency bag, and having important documents and phone numbers readily available.

When interacting with your friend, listen to her without judgment, and let her know that you believe her and are there to support her. Avoid criticizing her husband or telling her to ""just leave,"" as this can create feelings of guilt, shame, or defensiveness. Instead, focus on empowering her to make her own decisions and offering to help her explore options.

Regarding the situation with your boyfriend, you may want to consider having an open and honest conversation with him about what's been happening, so he understands the context and can be supportive.

Remember that your friend's situation is complex, and it may take time for her to feel ready to leave the relationship. Be patient, and continue to offer support and resources. If you're concerned about your friend's immediate safety, encourage her to call emergency services or the National Domestic Violence Hotline for help.",questionID_437,Is there something I should do to help my friend who is in an abusive relationship?,"My friend’s husband is bipolar and refuses to take medication for it. He has taken the wheels off her vehicle before to prevent her from leaving. He has held her a prisoner in her home. He has choked her, hit her, etc. She has almost divorced him a couple of times but always makes up with him, thinking that he is going to change. She and I went to a wedding out of town in September of 2014, and ever since she has been back, he is convinced that she cheated on him while we were gone. Now he is saying that I have also cheated on my boyfriend and has come to my house and told my boyfriend this.",domestic-violence,llama3,1606,0.12736652874327173,0
219,9,"Remember that your friend's situation is complex, and it may take time for her to feel ready to leave the relationship.",1235,1354,0,0,0,5,"I'm so sorry to hear that your friend is going through this incredibly difficult and dangerous situation. It's essential to approach this with care and sensitivity. First, please know that you can't ""fix"" the situation or force your friend to leave the relationship, but you can offer support and resources. 

Encourage your friend to call the National Domestic Violence Hotline (1-800-799-7233) or visit their website (thehotline.org) for confidential help and guidance. It's crucial for her to have a safety plan in place, which may include identifying a safe place to stay, packing an emergency bag, and having important documents and phone numbers readily available.

When interacting with your friend, listen to her without judgment, and let her know that you believe her and are there to support her. Avoid criticizing her husband or telling her to ""just leave,"" as this can create feelings of guilt, shame, or defensiveness. Instead, focus on empowering her to make her own decisions and offering to help her explore options.

Regarding the situation with your boyfriend, you may want to consider having an open and honest conversation with him about what's been happening, so he understands the context and can be supportive.

Remember that your friend's situation is complex, and it may take time for her to feel ready to leave the relationship. Be patient, and continue to offer support and resources. If you're concerned about your friend's immediate safety, encourage her to call emergency services or the National Domestic Violence Hotline for help.",questionID_437,Is there something I should do to help my friend who is in an abusive relationship?,"My friend’s husband is bipolar and refuses to take medication for it. He has taken the wheels off her vehicle before to prevent her from leaving. He has held her a prisoner in her home. He has choked her, hit her, etc. She has almost divorced him a couple of times but always makes up with him, thinking that he is going to change. She and I went to a wedding out of town in September of 2014, and ever since she has been back, he is convinced that she cheated on him while we were gone. Now he is saying that I have also cheated on my boyfriend and has come to my house and told my boyfriend this.",domestic-violence,llama3,1607,0.17511563320253165,1
219,10,"Be patient, and continue to offer support and resources.",1355,1411,0,0,0,5,"I'm so sorry to hear that your friend is going through this incredibly difficult and dangerous situation. It's essential to approach this with care and sensitivity. First, please know that you can't ""fix"" the situation or force your friend to leave the relationship, but you can offer support and resources. 

Encourage your friend to call the National Domestic Violence Hotline (1-800-799-7233) or visit their website (thehotline.org) for confidential help and guidance. It's crucial for her to have a safety plan in place, which may include identifying a safe place to stay, packing an emergency bag, and having important documents and phone numbers readily available.

When interacting with your friend, listen to her without judgment, and let her know that you believe her and are there to support her. Avoid criticizing her husband or telling her to ""just leave,"" as this can create feelings of guilt, shame, or defensiveness. Instead, focus on empowering her to make her own decisions and offering to help her explore options.

Regarding the situation with your boyfriend, you may want to consider having an open and honest conversation with him about what's been happening, so he understands the context and can be supportive.

Remember that your friend's situation is complex, and it may take time for her to feel ready to leave the relationship. Be patient, and continue to offer support and resources. If you're concerned about your friend's immediate safety, encourage her to call emergency services or the National Domestic Violence Hotline for help.",questionID_437,Is there something I should do to help my friend who is in an abusive relationship?,"My friend’s husband is bipolar and refuses to take medication for it. He has taken the wheels off her vehicle before to prevent her from leaving. He has held her a prisoner in her home. He has choked her, hit her, etc. She has almost divorced him a couple of times but always makes up with him, thinking that he is going to change. She and I went to a wedding out of town in September of 2014, and ever since she has been back, he is convinced that she cheated on him while we were gone. Now he is saying that I have also cheated on my boyfriend and has come to my house and told my boyfriend this.",domestic-violence,llama3,1608,0.09935286767867947,0
219,11,"If you're concerned about your friend's immediate safety, encourage her to call emergency services or the National Domestic Violence Hotline for help.",1412,1562,0,0,0,5,"I'm so sorry to hear that your friend is going through this incredibly difficult and dangerous situation. It's essential to approach this with care and sensitivity. First, please know that you can't ""fix"" the situation or force your friend to leave the relationship, but you can offer support and resources. 

Encourage your friend to call the National Domestic Violence Hotline (1-800-799-7233) or visit their website (thehotline.org) for confidential help and guidance. It's crucial for her to have a safety plan in place, which may include identifying a safe place to stay, packing an emergency bag, and having important documents and phone numbers readily available.

When interacting with your friend, listen to her without judgment, and let her know that you believe her and are there to support her. Avoid criticizing her husband or telling her to ""just leave,"" as this can create feelings of guilt, shame, or defensiveness. Instead, focus on empowering her to make her own decisions and offering to help her explore options.

Regarding the situation with your boyfriend, you may want to consider having an open and honest conversation with him about what's been happening, so he understands the context and can be supportive.

Remember that your friend's situation is complex, and it may take time for her to feel ready to leave the relationship. Be patient, and continue to offer support and resources. If you're concerned about your friend's immediate safety, encourage her to call emergency services or the National Domestic Violence Hotline for help.",questionID_437,Is there something I should do to help my friend who is in an abusive relationship?,"My friend’s husband is bipolar and refuses to take medication for it. He has taken the wheels off her vehicle before to prevent her from leaving. He has held her a prisoner in her home. He has choked her, hit her, etc. She has almost divorced him a couple of times but always makes up with him, thinking that he is going to change. She and I went to a wedding out of town in September of 2014, and ever since she has been back, he is convinced that she cheated on him while we were gone. Now he is saying that I have also cheated on my boyfriend and has come to my house and told my boyfriend this.",domestic-violence,llama3,1609,0.06985738076425356,0
225,0,It's a great idea for you to reach out to find a psychologist to talk to if this is a field you might be interested in pursuing.,0,128,0,0,0,5,"It's a great idea for you to reach out to find a psychologist to talk to if this is a field you might be interested in pursuing. Regarding the length of schooling, it generally takes 4 years of college and an additional 4 to 7 years of graduate school to earn a doctorate degree to become a psychologist. There are also other similar professions, including counseling that don't require a doctorate degree. Licensed counselors generally completed 4 years of college and an additional 2 years of graduate school. If you are thinking about a career in psychology, the local APA chapter would be a good place to start to find a local psychologist to talk to. Here's a link to the NJ APA chapter:https://www.psychologynj.org/",questionID_897,"I'm in high school, and I want to be a psychologist",I just wanted to get to know one so I can hear about their college experience and the courses they took. I also wanted to know if they enjoy their job and how long they were in school.,professional-ethics,human,1659,0.224187829837612,1
225,1,"Regarding the length of schooling, it generally takes 4 years of college and an additional 4 to 7 years of graduate school to earn a doctorate degree to become a psychologist.",129,304,0,0,0,5,"It's a great idea for you to reach out to find a psychologist to talk to if this is a field you might be interested in pursuing. Regarding the length of schooling, it generally takes 4 years of college and an additional 4 to 7 years of graduate school to earn a doctorate degree to become a psychologist. There are also other similar professions, including counseling that don't require a doctorate degree. Licensed counselors generally completed 4 years of college and an additional 2 years of graduate school. If you are thinking about a career in psychology, the local APA chapter would be a good place to start to find a local psychologist to talk to. Here's a link to the NJ APA chapter:https://www.psychologynj.org/",questionID_897,"I'm in high school, and I want to be a psychologist",I just wanted to get to know one so I can hear about their college experience and the courses they took. I also wanted to know if they enjoy their job and how long they were in school.,professional-ethics,human,1660,0.1634372663470791,1
225,2,"There are also other similar professions, including counseling that don't require a doctorate degree.",305,406,0,0,0,5,"It's a great idea for you to reach out to find a psychologist to talk to if this is a field you might be interested in pursuing. Regarding the length of schooling, it generally takes 4 years of college and an additional 4 to 7 years of graduate school to earn a doctorate degree to become a psychologist. There are also other similar professions, including counseling that don't require a doctorate degree. Licensed counselors generally completed 4 years of college and an additional 2 years of graduate school. If you are thinking about a career in psychology, the local APA chapter would be a good place to start to find a local psychologist to talk to. Here's a link to the NJ APA chapter:https://www.psychologynj.org/",questionID_897,"I'm in high school, and I want to be a psychologist",I just wanted to get to know one so I can hear about their college experience and the courses they took. I also wanted to know if they enjoy their job and how long they were in school.,professional-ethics,human,1661,0.24172295619603626,1
225,3,Licensed counselors generally completed 4 years of college and an additional 2 years of graduate school.,407,511,0,0,0,5,"It's a great idea for you to reach out to find a psychologist to talk to if this is a field you might be interested in pursuing. Regarding the length of schooling, it generally takes 4 years of college and an additional 4 to 7 years of graduate school to earn a doctorate degree to become a psychologist. There are also other similar professions, including counseling that don't require a doctorate degree. Licensed counselors generally completed 4 years of college and an additional 2 years of graduate school. If you are thinking about a career in psychology, the local APA chapter would be a good place to start to find a local psychologist to talk to. Here's a link to the NJ APA chapter:https://www.psychologynj.org/",questionID_897,"I'm in high school, and I want to be a psychologist",I just wanted to get to know one so I can hear about their college experience and the courses they took. I also wanted to know if they enjoy their job and how long they were in school.,professional-ethics,human,1662,0.12955130450170402,0
225,4,"If you are thinking about a career in psychology, the local APA chapter would be a good place to start to find a local psychologist to talk to.",512,655,0,0,0,5,"It's a great idea for you to reach out to find a psychologist to talk to if this is a field you might be interested in pursuing. Regarding the length of schooling, it generally takes 4 years of college and an additional 4 to 7 years of graduate school to earn a doctorate degree to become a psychologist. There are also other similar professions, including counseling that don't require a doctorate degree. Licensed counselors generally completed 4 years of college and an additional 2 years of graduate school. If you are thinking about a career in psychology, the local APA chapter would be a good place to start to find a local psychologist to talk to. Here's a link to the NJ APA chapter:https://www.psychologynj.org/",questionID_897,"I'm in high school, and I want to be a psychologist",I just wanted to get to know one so I can hear about their college experience and the courses they took. I also wanted to know if they enjoy their job and how long they were in school.,professional-ethics,human,1663,0.302867131059717,1
225,5,Here's a link to the NJ APA chapter:https://www.psychologynj.org/,656,721,0,0,0,5,"It's a great idea for you to reach out to find a psychologist to talk to if this is a field you might be interested in pursuing. Regarding the length of schooling, it generally takes 4 years of college and an additional 4 to 7 years of graduate school to earn a doctorate degree to become a psychologist. There are also other similar professions, including counseling that don't require a doctorate degree. Licensed counselors generally completed 4 years of college and an additional 2 years of graduate school. If you are thinking about a career in psychology, the local APA chapter would be a good place to start to find a local psychologist to talk to. Here's a link to the NJ APA chapter:https://www.psychologynj.org/",questionID_897,"I'm in high school, and I want to be a psychologist",I just wanted to get to know one so I can hear about their college experience and the courses they took. I also wanted to know if they enjoy their job and how long they were in school.,professional-ethics,human,1664,0.31534280148107596,1
252,0,I'm really sorry to hear that you're going through this.,0,56,0,0,0,5,"I'm really sorry to hear that you're going through this. Trust is indeed a fundamental aspect of any relationship, and it's distressing when it is questioned. It might be beneficial to consider professional couples therapy where both of you can express your feelings and concerns in a safe, neutral environment. A trained therapist can provide the tools and techniques to rebuild trust and improve communication. Remember, it's important to take care of your own mental and emotional health during this process too. Reach out to friends, family, or a mental health professional for support. You're not alone in this, and there are resources available to help you.",questionID_692,My husband doesn't trust me,"My husband doesn’t trust me for some past we had. I know all marriages have their ups and downs, but sometimes, I feel I am getting tired of the same thing over and over: that I am messing around, which I am not.",marriage,gpt4,1867,0.07904882512752963,0
252,1,"Trust is indeed a fundamental aspect of any relationship, and it's distressing when it is questioned.",57,158,0,0,0,5,"I'm really sorry to hear that you're going through this. Trust is indeed a fundamental aspect of any relationship, and it's distressing when it is questioned. It might be beneficial to consider professional couples therapy where both of you can express your feelings and concerns in a safe, neutral environment. A trained therapist can provide the tools and techniques to rebuild trust and improve communication. Remember, it's important to take care of your own mental and emotional health during this process too. Reach out to friends, family, or a mental health professional for support. You're not alone in this, and there are resources available to help you.",questionID_692,My husband doesn't trust me,"My husband doesn’t trust me for some past we had. I know all marriages have their ups and downs, but sometimes, I feel I am getting tired of the same thing over and over: that I am messing around, which I am not.",marriage,gpt4,1868,0.21815842608077704,1
252,2,"It might be beneficial to consider professional couples therapy where both of you can express your feelings and concerns in a safe, neutral environment.",159,311,0,0,0,5,"I'm really sorry to hear that you're going through this. Trust is indeed a fundamental aspect of any relationship, and it's distressing when it is questioned. It might be beneficial to consider professional couples therapy where both of you can express your feelings and concerns in a safe, neutral environment. A trained therapist can provide the tools and techniques to rebuild trust and improve communication. Remember, it's important to take care of your own mental and emotional health during this process too. Reach out to friends, family, or a mental health professional for support. You're not alone in this, and there are resources available to help you.",questionID_692,My husband doesn't trust me,"My husband doesn’t trust me for some past we had. I know all marriages have their ups and downs, but sometimes, I feel I am getting tired of the same thing over and over: that I am messing around, which I am not.",marriage,gpt4,1869,0.11497515932662694,0
252,3,A trained therapist can provide the tools and techniques to rebuild trust and improve communication.,312,412,0,0,0,5,"I'm really sorry to hear that you're going through this. Trust is indeed a fundamental aspect of any relationship, and it's distressing when it is questioned. It might be beneficial to consider professional couples therapy where both of you can express your feelings and concerns in a safe, neutral environment. A trained therapist can provide the tools and techniques to rebuild trust and improve communication. Remember, it's important to take care of your own mental and emotional health during this process too. Reach out to friends, family, or a mental health professional for support. You're not alone in this, and there are resources available to help you.",questionID_692,My husband doesn't trust me,"My husband doesn’t trust me for some past we had. I know all marriages have their ups and downs, but sometimes, I feel I am getting tired of the same thing over and over: that I am messing around, which I am not.",marriage,gpt4,1870,0.16457011240746167,1
252,4,"Remember, it's important to take care of your own mental and emotional health during this process too.",413,515,0,0,0,5,"I'm really sorry to hear that you're going through this. Trust is indeed a fundamental aspect of any relationship, and it's distressing when it is questioned. It might be beneficial to consider professional couples therapy where both of you can express your feelings and concerns in a safe, neutral environment. A trained therapist can provide the tools and techniques to rebuild trust and improve communication. Remember, it's important to take care of your own mental and emotional health during this process too. Reach out to friends, family, or a mental health professional for support. You're not alone in this, and there are resources available to help you.",questionID_692,My husband doesn't trust me,"My husband doesn’t trust me for some past we had. I know all marriages have their ups and downs, but sometimes, I feel I am getting tired of the same thing over and over: that I am messing around, which I am not.",marriage,gpt4,1871,0.031388463383369265,0
252,5,"Reach out to friends, family, or a mental health professional for support.",516,590,0,0,0,5,"I'm really sorry to hear that you're going through this. Trust is indeed a fundamental aspect of any relationship, and it's distressing when it is questioned. It might be beneficial to consider professional couples therapy where both of you can express your feelings and concerns in a safe, neutral environment. A trained therapist can provide the tools and techniques to rebuild trust and improve communication. Remember, it's important to take care of your own mental and emotional health during this process too. Reach out to friends, family, or a mental health professional for support. You're not alone in this, and there are resources available to help you.",questionID_692,My husband doesn't trust me,"My husband doesn’t trust me for some past we had. I know all marriages have their ups and downs, but sometimes, I feel I am getting tired of the same thing over and over: that I am messing around, which I am not.",marriage,gpt4,1872,0.029053927629012172,0
252,6,"You're not alone in this, and there are resources available to help you.",591,663,0,0,0,5,"I'm really sorry to hear that you're going through this. Trust is indeed a fundamental aspect of any relationship, and it's distressing when it is questioned. It might be beneficial to consider professional couples therapy where both of you can express your feelings and concerns in a safe, neutral environment. A trained therapist can provide the tools and techniques to rebuild trust and improve communication. Remember, it's important to take care of your own mental and emotional health during this process too. Reach out to friends, family, or a mental health professional for support. You're not alone in this, and there are resources available to help you.",questionID_692,My husband doesn't trust me,"My husband doesn’t trust me for some past we had. I know all marriages have their ups and downs, but sometimes, I feel I am getting tired of the same thing over and over: that I am messing around, which I am not.",marriage,gpt4,1873,0.1414625487479652,0
261,0,"There are some struggles that are less ""obvious"" than others, an eating disorder being one of them.",0,99,1,2,2,5,"There are some struggles that are less ""obvious"" than others, an eating disorder being one of them. From just your personal experience alone you might realize how easy it may seem to keep such a secret from those around you. In the same way, there are many people who struggle secretly with this problem and not many people know or even notice. So you are definitely not alone. Low self-esteem or lack of confidence in some areas are issues that EVERY teen, in fact EVERY person, has experienced at some point. These feelings are ""normal."" It sounds, though, as if these feelings of insecurity and inadequacy have begun to consume your every day thoughts and behaviors bringing you to where you are today - comparing yourself to others, purging, and feeling extreme guilt. Sometimes it's best if we seek outside help, instead of trying to tackle problems on our own. Breaking habits that come along with an eating disorder really requires the help of a doctor, nutritionist, and a therapist who can help change your perspective from the inside out! Hope this helps!",questionID_346,"I feel like I'm this dumb fat girl that no one likes, and everything is my fault. Are these normal teenage girl feelings?","Everyone around me is much smarter and flaunts it. Everyone around me is skinny, and here I am trying to throw up so I'm not fat. Everything I do is wrong, and I can't seem to do anything right! No one else at school seems to feel the way I do! Is this normal teenage girls feelings? I don't think these feelings are normal.",self-esteem,human,1931,0.2787597983827732,1
261,1,From just your personal experience alone you might realize how easy it may seem to keep such a secret from those around you.,100,224,1,1,1,5,"There are some struggles that are less ""obvious"" than others, an eating disorder being one of them. From just your personal experience alone you might realize how easy it may seem to keep such a secret from those around you. In the same way, there are many people who struggle secretly with this problem and not many people know or even notice. So you are definitely not alone. Low self-esteem or lack of confidence in some areas are issues that EVERY teen, in fact EVERY person, has experienced at some point. These feelings are ""normal."" It sounds, though, as if these feelings of insecurity and inadequacy have begun to consume your every day thoughts and behaviors bringing you to where you are today - comparing yourself to others, purging, and feeling extreme guilt. Sometimes it's best if we seek outside help, instead of trying to tackle problems on our own. Breaking habits that come along with an eating disorder really requires the help of a doctor, nutritionist, and a therapist who can help change your perspective from the inside out! Hope this helps!",questionID_346,"I feel like I'm this dumb fat girl that no one likes, and everything is my fault. Are these normal teenage girl feelings?","Everyone around me is much smarter and flaunts it. Everyone around me is skinny, and here I am trying to throw up so I'm not fat. Everything I do is wrong, and I can't seem to do anything right! No one else at school seems to feel the way I do! Is this normal teenage girls feelings? I don't think these feelings are normal.",self-esteem,human,1932,0.2531249905869993,1
261,2,"In the same way, there are many people who struggle secretly with this problem and not many people know or even notice.",225,344,1,1,1,5,"There are some struggles that are less ""obvious"" than others, an eating disorder being one of them. From just your personal experience alone you might realize how easy it may seem to keep such a secret from those around you. In the same way, there are many people who struggle secretly with this problem and not many people know or even notice. So you are definitely not alone. Low self-esteem or lack of confidence in some areas are issues that EVERY teen, in fact EVERY person, has experienced at some point. These feelings are ""normal."" It sounds, though, as if these feelings of insecurity and inadequacy have begun to consume your every day thoughts and behaviors bringing you to where you are today - comparing yourself to others, purging, and feeling extreme guilt. Sometimes it's best if we seek outside help, instead of trying to tackle problems on our own. Breaking habits that come along with an eating disorder really requires the help of a doctor, nutritionist, and a therapist who can help change your perspective from the inside out! Hope this helps!",questionID_346,"I feel like I'm this dumb fat girl that no one likes, and everything is my fault. Are these normal teenage girl feelings?","Everyone around me is much smarter and flaunts it. Everyone around me is skinny, and here I am trying to throw up so I'm not fat. Everything I do is wrong, and I can't seem to do anything right! No one else at school seems to feel the way I do! Is this normal teenage girls feelings? I don't think these feelings are normal.",self-esteem,human,1933,0.3742012698778506,1
261,3,So you are definitely not alone.,345,377,0,0,0,5,"There are some struggles that are less ""obvious"" than others, an eating disorder being one of them. From just your personal experience alone you might realize how easy it may seem to keep such a secret from those around you. In the same way, there are many people who struggle secretly with this problem and not many people know or even notice. So you are definitely not alone. Low self-esteem or lack of confidence in some areas are issues that EVERY teen, in fact EVERY person, has experienced at some point. These feelings are ""normal."" It sounds, though, as if these feelings of insecurity and inadequacy have begun to consume your every day thoughts and behaviors bringing you to where you are today - comparing yourself to others, purging, and feeling extreme guilt. Sometimes it's best if we seek outside help, instead of trying to tackle problems on our own. Breaking habits that come along with an eating disorder really requires the help of a doctor, nutritionist, and a therapist who can help change your perspective from the inside out! Hope this helps!",questionID_346,"I feel like I'm this dumb fat girl that no one likes, and everything is my fault. Are these normal teenage girl feelings?","Everyone around me is much smarter and flaunts it. Everyone around me is skinny, and here I am trying to throw up so I'm not fat. Everything I do is wrong, and I can't seem to do anything right! No one else at school seems to feel the way I do! Is this normal teenage girls feelings? I don't think these feelings are normal.",self-esteem,human,1934,0.2664570783964136,1
261,4,"Low self-esteem or lack of confidence in some areas are issues that EVERY teen, in fact EVERY person, has experienced at some point.",378,510,0,0,0,5,"There are some struggles that are less ""obvious"" than others, an eating disorder being one of them. From just your personal experience alone you might realize how easy it may seem to keep such a secret from those around you. In the same way, there are many people who struggle secretly with this problem and not many people know or even notice. So you are definitely not alone. Low self-esteem or lack of confidence in some areas are issues that EVERY teen, in fact EVERY person, has experienced at some point. These feelings are ""normal."" It sounds, though, as if these feelings of insecurity and inadequacy have begun to consume your every day thoughts and behaviors bringing you to where you are today - comparing yourself to others, purging, and feeling extreme guilt. Sometimes it's best if we seek outside help, instead of trying to tackle problems on our own. Breaking habits that come along with an eating disorder really requires the help of a doctor, nutritionist, and a therapist who can help change your perspective from the inside out! Hope this helps!",questionID_346,"I feel like I'm this dumb fat girl that no one likes, and everything is my fault. Are these normal teenage girl feelings?","Everyone around me is much smarter and flaunts it. Everyone around me is skinny, and here I am trying to throw up so I'm not fat. Everything I do is wrong, and I can't seem to do anything right! No one else at school seems to feel the way I do! Is this normal teenage girls feelings? I don't think these feelings are normal.",self-esteem,human,1935,0.30464606933036936,1
261,5,"These feelings are ""normal.""",511,539,0,0,0,5,"There are some struggles that are less ""obvious"" than others, an eating disorder being one of them. From just your personal experience alone you might realize how easy it may seem to keep such a secret from those around you. In the same way, there are many people who struggle secretly with this problem and not many people know or even notice. So you are definitely not alone. Low self-esteem or lack of confidence in some areas are issues that EVERY teen, in fact EVERY person, has experienced at some point. These feelings are ""normal."" It sounds, though, as if these feelings of insecurity and inadequacy have begun to consume your every day thoughts and behaviors bringing you to where you are today - comparing yourself to others, purging, and feeling extreme guilt. Sometimes it's best if we seek outside help, instead of trying to tackle problems on our own. Breaking habits that come along with an eating disorder really requires the help of a doctor, nutritionist, and a therapist who can help change your perspective from the inside out! Hope this helps!",questionID_346,"I feel like I'm this dumb fat girl that no one likes, and everything is my fault. Are these normal teenage girl feelings?","Everyone around me is much smarter and flaunts it. Everyone around me is skinny, and here I am trying to throw up so I'm not fat. Everything I do is wrong, and I can't seem to do anything right! No one else at school seems to feel the way I do! Is this normal teenage girls feelings? I don't think these feelings are normal.",self-esteem,human,1936,0.23962038423995335,1
261,6,"It sounds, though, as if these feelings of insecurity and inadequacy have begun to consume your every day thoughts and behaviors bringing you to where you are today - comparing yourself to others, purging, and feeling extreme guilt.",540,772,0,0,0,5,"There are some struggles that are less ""obvious"" than others, an eating disorder being one of them. From just your personal experience alone you might realize how easy it may seem to keep such a secret from those around you. In the same way, there are many people who struggle secretly with this problem and not many people know or even notice. So you are definitely not alone. Low self-esteem or lack of confidence in some areas are issues that EVERY teen, in fact EVERY person, has experienced at some point. These feelings are ""normal."" It sounds, though, as if these feelings of insecurity and inadequacy have begun to consume your every day thoughts and behaviors bringing you to where you are today - comparing yourself to others, purging, and feeling extreme guilt. Sometimes it's best if we seek outside help, instead of trying to tackle problems on our own. Breaking habits that come along with an eating disorder really requires the help of a doctor, nutritionist, and a therapist who can help change your perspective from the inside out! Hope this helps!",questionID_346,"I feel like I'm this dumb fat girl that no one likes, and everything is my fault. Are these normal teenage girl feelings?","Everyone around me is much smarter and flaunts it. Everyone around me is skinny, and here I am trying to throw up so I'm not fat. Everything I do is wrong, and I can't seem to do anything right! No one else at school seems to feel the way I do! Is this normal teenage girls feelings? I don't think these feelings are normal.",self-esteem,human,1937,0.32287794837736156,1
261,7,"Sometimes it's best if we seek outside help, instead of trying to tackle problems on our own.",773,866,0,0,0,5,"There are some struggles that are less ""obvious"" than others, an eating disorder being one of them. From just your personal experience alone you might realize how easy it may seem to keep such a secret from those around you. In the same way, there are many people who struggle secretly with this problem and not many people know or even notice. So you are definitely not alone. Low self-esteem or lack of confidence in some areas are issues that EVERY teen, in fact EVERY person, has experienced at some point. These feelings are ""normal."" It sounds, though, as if these feelings of insecurity and inadequacy have begun to consume your every day thoughts and behaviors bringing you to where you are today - comparing yourself to others, purging, and feeling extreme guilt. Sometimes it's best if we seek outside help, instead of trying to tackle problems on our own. Breaking habits that come along with an eating disorder really requires the help of a doctor, nutritionist, and a therapist who can help change your perspective from the inside out! Hope this helps!",questionID_346,"I feel like I'm this dumb fat girl that no one likes, and everything is my fault. Are these normal teenage girl feelings?","Everyone around me is much smarter and flaunts it. Everyone around me is skinny, and here I am trying to throw up so I'm not fat. Everything I do is wrong, and I can't seem to do anything right! No one else at school seems to feel the way I do! Is this normal teenage girls feelings? I don't think these feelings are normal.",self-esteem,human,1938,0.3271118092606643,1
261,8,"Breaking habits that come along with an eating disorder really requires the help of a doctor, nutritionist, and a therapist who can help change your perspective from the inside out!",867,1048,1,1,1,5,"There are some struggles that are less ""obvious"" than others, an eating disorder being one of them. From just your personal experience alone you might realize how easy it may seem to keep such a secret from those around you. In the same way, there are many people who struggle secretly with this problem and not many people know or even notice. So you are definitely not alone. Low self-esteem or lack of confidence in some areas are issues that EVERY teen, in fact EVERY person, has experienced at some point. These feelings are ""normal."" It sounds, though, as if these feelings of insecurity and inadequacy have begun to consume your every day thoughts and behaviors bringing you to where you are today - comparing yourself to others, purging, and feeling extreme guilt. Sometimes it's best if we seek outside help, instead of trying to tackle problems on our own. Breaking habits that come along with an eating disorder really requires the help of a doctor, nutritionist, and a therapist who can help change your perspective from the inside out! Hope this helps!",questionID_346,"I feel like I'm this dumb fat girl that no one likes, and everything is my fault. Are these normal teenage girl feelings?","Everyone around me is much smarter and flaunts it. Everyone around me is skinny, and here I am trying to throw up so I'm not fat. Everything I do is wrong, and I can't seem to do anything right! No one else at school seems to feel the way I do! Is this normal teenage girls feelings? I don't think these feelings are normal.",self-esteem,human,1939,0.13303670753326308,0
261,9,Hope this helps!,1049,1065,1,1,1,5,"There are some struggles that are less ""obvious"" than others, an eating disorder being one of them. From just your personal experience alone you might realize how easy it may seem to keep such a secret from those around you. In the same way, there are many people who struggle secretly with this problem and not many people know or even notice. So you are definitely not alone. Low self-esteem or lack of confidence in some areas are issues that EVERY teen, in fact EVERY person, has experienced at some point. These feelings are ""normal."" It sounds, though, as if these feelings of insecurity and inadequacy have begun to consume your every day thoughts and behaviors bringing you to where you are today - comparing yourself to others, purging, and feeling extreme guilt. Sometimes it's best if we seek outside help, instead of trying to tackle problems on our own. Breaking habits that come along with an eating disorder really requires the help of a doctor, nutritionist, and a therapist who can help change your perspective from the inside out! Hope this helps!",questionID_346,"I feel like I'm this dumb fat girl that no one likes, and everything is my fault. Are these normal teenage girl feelings?","Everyone around me is much smarter and flaunts it. Everyone around me is skinny, and here I am trying to throw up so I'm not fat. Everything I do is wrong, and I can't seem to do anything right! No one else at school seems to feel the way I do! Is this normal teenage girls feelings? I don't think these feelings are normal.",self-esteem,human,1940,0.35557994359772493,1
265,0,I’m glad that you are reaching out for help.,0,44,1,1,1,5,"I’m glad that you are reaching out for help. What you are going though sounds overwhelming and  exhausting. Here is a link that talks about the signs of an abuse relationship if you are questioning  whether or not you are experiencing an abusive relationship https://www.helpguide.org/articles/abuse/domestic-violence-and-abuse.htmThis maybe a lot of information to take in so if you feel overwhelmed I would encourage you to talk to a therapist.  Also every state has a domestic non-profit that can assist you with support or resources. If you are struggling to find one in your area I can help you. They can help you safety plan and give additional information that might be of assistance.  In abusive relationships, unfortunately there is nothing you can do to change your partners behavior. It is up to her to make that decision.  A lot of time in abusive relationships  asserting  your boundaries can put you at risk for more abuse. I would encourage you to use your gut in this situation because you know your relationship better then anyone else.  The best thing for you to do is to keep yourself emotionally and physically safe. I would encourage against couples counseling because it can also become unsafe in an abusive relationship. You are making a big step in looking for help.",questionID_436,How do I get my partner to stop verbally abusing me?,"Every time my partner gets angry for anything, she takes it out on me. Nothing I do is right, and once she's mad, she calls me all kinds of names and is verbally abusive. She says it isn’t abuse, it’s just angry verbal bashing, and that it’s different. It gets worse each time. The names are very vulgar now.",domestic-violence,human,1963,0.15003930155402498,1
265,1,What you are going though sounds overwhelming and  exhausting.,45,107,1,1,1,5,"I’m glad that you are reaching out for help. What you are going though sounds overwhelming and  exhausting. Here is a link that talks about the signs of an abuse relationship if you are questioning  whether or not you are experiencing an abusive relationship https://www.helpguide.org/articles/abuse/domestic-violence-and-abuse.htmThis maybe a lot of information to take in so if you feel overwhelmed I would encourage you to talk to a therapist.  Also every state has a domestic non-profit that can assist you with support or resources. If you are struggling to find one in your area I can help you. They can help you safety plan and give additional information that might be of assistance.  In abusive relationships, unfortunately there is nothing you can do to change your partners behavior. It is up to her to make that decision.  A lot of time in abusive relationships  asserting  your boundaries can put you at risk for more abuse. I would encourage you to use your gut in this situation because you know your relationship better then anyone else.  The best thing for you to do is to keep yourself emotionally and physically safe. I would encourage against couples counseling because it can also become unsafe in an abusive relationship. You are making a big step in looking for help.",questionID_436,How do I get my partner to stop verbally abusing me?,"Every time my partner gets angry for anything, she takes it out on me. Nothing I do is right, and once she's mad, she calls me all kinds of names and is verbally abusive. She says it isn’t abuse, it’s just angry verbal bashing, and that it’s different. It gets worse each time. The names are very vulgar now.",domestic-violence,human,1964,0.2182742506640102,1
265,2,Here is a link that talks about the signs of an abuse relationship if you are questioning  whether or not you are experiencing an abusive relationship https://www.helpguide.org/articles/abuse/domestic-violence-and-abuse.htmThis maybe a lot of information to take in so if you feel overwhelmed I would encourage you to talk to a therapist.,108,446,1,1,1,5,"I’m glad that you are reaching out for help. What you are going though sounds overwhelming and  exhausting. Here is a link that talks about the signs of an abuse relationship if you are questioning  whether or not you are experiencing an abusive relationship https://www.helpguide.org/articles/abuse/domestic-violence-and-abuse.htmThis maybe a lot of information to take in so if you feel overwhelmed I would encourage you to talk to a therapist.  Also every state has a domestic non-profit that can assist you with support or resources. If you are struggling to find one in your area I can help you. They can help you safety plan and give additional information that might be of assistance.  In abusive relationships, unfortunately there is nothing you can do to change your partners behavior. It is up to her to make that decision.  A lot of time in abusive relationships  asserting  your boundaries can put you at risk for more abuse. I would encourage you to use your gut in this situation because you know your relationship better then anyone else.  The best thing for you to do is to keep yourself emotionally and physically safe. I would encourage against couples counseling because it can also become unsafe in an abusive relationship. You are making a big step in looking for help.",questionID_436,How do I get my partner to stop verbally abusing me?,"Every time my partner gets angry for anything, she takes it out on me. Nothing I do is right, and once she's mad, she calls me all kinds of names and is verbally abusive. She says it isn’t abuse, it’s just angry verbal bashing, and that it’s different. It gets worse each time. The names are very vulgar now.",domestic-violence,human,1965,0.3749543671401258,1
265,3,Also every state has a domestic non-profit that can assist you with support or resources.,448,537,1,1,1,5,"I’m glad that you are reaching out for help. What you are going though sounds overwhelming and  exhausting. Here is a link that talks about the signs of an abuse relationship if you are questioning  whether or not you are experiencing an abusive relationship https://www.helpguide.org/articles/abuse/domestic-violence-and-abuse.htmThis maybe a lot of information to take in so if you feel overwhelmed I would encourage you to talk to a therapist.  Also every state has a domestic non-profit that can assist you with support or resources. If you are struggling to find one in your area I can help you. They can help you safety plan and give additional information that might be of assistance.  In abusive relationships, unfortunately there is nothing you can do to change your partners behavior. It is up to her to make that decision.  A lot of time in abusive relationships  asserting  your boundaries can put you at risk for more abuse. I would encourage you to use your gut in this situation because you know your relationship better then anyone else.  The best thing for you to do is to keep yourself emotionally and physically safe. I would encourage against couples counseling because it can also become unsafe in an abusive relationship. You are making a big step in looking for help.",questionID_436,How do I get my partner to stop verbally abusing me?,"Every time my partner gets angry for anything, she takes it out on me. Nothing I do is right, and once she's mad, she calls me all kinds of names and is verbally abusive. She says it isn’t abuse, it’s just angry verbal bashing, and that it’s different. It gets worse each time. The names are very vulgar now.",domestic-violence,human,1966,0.10168180284515031,0
265,4,If you are struggling to find one in your area I can help you.,538,600,0,0,0,5,"I’m glad that you are reaching out for help. What you are going though sounds overwhelming and  exhausting. Here is a link that talks about the signs of an abuse relationship if you are questioning  whether or not you are experiencing an abusive relationship https://www.helpguide.org/articles/abuse/domestic-violence-and-abuse.htmThis maybe a lot of information to take in so if you feel overwhelmed I would encourage you to talk to a therapist.  Also every state has a domestic non-profit that can assist you with support or resources. If you are struggling to find one in your area I can help you. They can help you safety plan and give additional information that might be of assistance.  In abusive relationships, unfortunately there is nothing you can do to change your partners behavior. It is up to her to make that decision.  A lot of time in abusive relationships  asserting  your boundaries can put you at risk for more abuse. I would encourage you to use your gut in this situation because you know your relationship better then anyone else.  The best thing for you to do is to keep yourself emotionally and physically safe. I would encourage against couples counseling because it can also become unsafe in an abusive relationship. You are making a big step in looking for help.",questionID_436,How do I get my partner to stop verbally abusing me?,"Every time my partner gets angry for anything, she takes it out on me. Nothing I do is right, and once she's mad, she calls me all kinds of names and is verbally abusive. She says it isn’t abuse, it’s just angry verbal bashing, and that it’s different. It gets worse each time. The names are very vulgar now.",domestic-violence,human,1967,0.16324126570538966,1
265,5,They can help you safety plan and give additional information that might be of assistance.,601,691,0,0,0,5,"I’m glad that you are reaching out for help. What you are going though sounds overwhelming and  exhausting. Here is a link that talks about the signs of an abuse relationship if you are questioning  whether or not you are experiencing an abusive relationship https://www.helpguide.org/articles/abuse/domestic-violence-and-abuse.htmThis maybe a lot of information to take in so if you feel overwhelmed I would encourage you to talk to a therapist.  Also every state has a domestic non-profit that can assist you with support or resources. If you are struggling to find one in your area I can help you. They can help you safety plan and give additional information that might be of assistance.  In abusive relationships, unfortunately there is nothing you can do to change your partners behavior. It is up to her to make that decision.  A lot of time in abusive relationships  asserting  your boundaries can put you at risk for more abuse. I would encourage you to use your gut in this situation because you know your relationship better then anyone else.  The best thing for you to do is to keep yourself emotionally and physically safe. I would encourage against couples counseling because it can also become unsafe in an abusive relationship. You are making a big step in looking for help.",questionID_436,How do I get my partner to stop verbally abusing me?,"Every time my partner gets angry for anything, she takes it out on me. Nothing I do is right, and once she's mad, she calls me all kinds of names and is verbally abusive. She says it isn’t abuse, it’s just angry verbal bashing, and that it’s different. It gets worse each time. The names are very vulgar now.",domestic-violence,human,1968,0.10752529943461553,0
265,6,"In abusive relationships, unfortunately there is nothing you can do to change your partners behavior.",693,794,0,0,0,5,"I’m glad that you are reaching out for help. What you are going though sounds overwhelming and  exhausting. Here is a link that talks about the signs of an abuse relationship if you are questioning  whether or not you are experiencing an abusive relationship https://www.helpguide.org/articles/abuse/domestic-violence-and-abuse.htmThis maybe a lot of information to take in so if you feel overwhelmed I would encourage you to talk to a therapist.  Also every state has a domestic non-profit that can assist you with support or resources. If you are struggling to find one in your area I can help you. They can help you safety plan and give additional information that might be of assistance.  In abusive relationships, unfortunately there is nothing you can do to change your partners behavior. It is up to her to make that decision.  A lot of time in abusive relationships  asserting  your boundaries can put you at risk for more abuse. I would encourage you to use your gut in this situation because you know your relationship better then anyone else.  The best thing for you to do is to keep yourself emotionally and physically safe. I would encourage against couples counseling because it can also become unsafe in an abusive relationship. You are making a big step in looking for help.",questionID_436,How do I get my partner to stop verbally abusing me?,"Every time my partner gets angry for anything, she takes it out on me. Nothing I do is right, and once she's mad, she calls me all kinds of names and is verbally abusive. She says it isn’t abuse, it’s just angry verbal bashing, and that it’s different. It gets worse each time. The names are very vulgar now.",domestic-violence,human,1969,0.3802967435732332,1
265,7,It is up to her to make that decision.,795,833,0,0,0,5,"I’m glad that you are reaching out for help. What you are going though sounds overwhelming and  exhausting. Here is a link that talks about the signs of an abuse relationship if you are questioning  whether or not you are experiencing an abusive relationship https://www.helpguide.org/articles/abuse/domestic-violence-and-abuse.htmThis maybe a lot of information to take in so if you feel overwhelmed I would encourage you to talk to a therapist.  Also every state has a domestic non-profit that can assist you with support or resources. If you are struggling to find one in your area I can help you. They can help you safety plan and give additional information that might be of assistance.  In abusive relationships, unfortunately there is nothing you can do to change your partners behavior. It is up to her to make that decision.  A lot of time in abusive relationships  asserting  your boundaries can put you at risk for more abuse. I would encourage you to use your gut in this situation because you know your relationship better then anyone else.  The best thing for you to do is to keep yourself emotionally and physically safe. I would encourage against couples counseling because it can also become unsafe in an abusive relationship. You are making a big step in looking for help.",questionID_436,How do I get my partner to stop verbally abusing me?,"Every time my partner gets angry for anything, she takes it out on me. Nothing I do is right, and once she's mad, she calls me all kinds of names and is verbally abusive. She says it isn’t abuse, it’s just angry verbal bashing, and that it’s different. It gets worse each time. The names are very vulgar now.",domestic-violence,human,1970,0.20891602612078786,1
265,8,A lot of time in abusive relationships  asserting  your boundaries can put you at risk for more abuse.,835,937,0,0,0,5,"I’m glad that you are reaching out for help. What you are going though sounds overwhelming and  exhausting. Here is a link that talks about the signs of an abuse relationship if you are questioning  whether or not you are experiencing an abusive relationship https://www.helpguide.org/articles/abuse/domestic-violence-and-abuse.htmThis maybe a lot of information to take in so if you feel overwhelmed I would encourage you to talk to a therapist.  Also every state has a domestic non-profit that can assist you with support or resources. If you are struggling to find one in your area I can help you. They can help you safety plan and give additional information that might be of assistance.  In abusive relationships, unfortunately there is nothing you can do to change your partners behavior. It is up to her to make that decision.  A lot of time in abusive relationships  asserting  your boundaries can put you at risk for more abuse. I would encourage you to use your gut in this situation because you know your relationship better then anyone else.  The best thing for you to do is to keep yourself emotionally and physically safe. I would encourage against couples counseling because it can also become unsafe in an abusive relationship. You are making a big step in looking for help.",questionID_436,How do I get my partner to stop verbally abusing me?,"Every time my partner gets angry for anything, she takes it out on me. Nothing I do is right, and once she's mad, she calls me all kinds of names and is verbally abusive. She says it isn’t abuse, it’s just angry verbal bashing, and that it’s different. It gets worse each time. The names are very vulgar now.",domestic-violence,human,1971,0.2281475679344528,1
265,9,I would encourage you to use your gut in this situation because you know your relationship better then anyone else.,938,1053,0,0,0,5,"I’m glad that you are reaching out for help. What you are going though sounds overwhelming and  exhausting. Here is a link that talks about the signs of an abuse relationship if you are questioning  whether or not you are experiencing an abusive relationship https://www.helpguide.org/articles/abuse/domestic-violence-and-abuse.htmThis maybe a lot of information to take in so if you feel overwhelmed I would encourage you to talk to a therapist.  Also every state has a domestic non-profit that can assist you with support or resources. If you are struggling to find one in your area I can help you. They can help you safety plan and give additional information that might be of assistance.  In abusive relationships, unfortunately there is nothing you can do to change your partners behavior. It is up to her to make that decision.  A lot of time in abusive relationships  asserting  your boundaries can put you at risk for more abuse. I would encourage you to use your gut in this situation because you know your relationship better then anyone else.  The best thing for you to do is to keep yourself emotionally and physically safe. I would encourage against couples counseling because it can also become unsafe in an abusive relationship. You are making a big step in looking for help.",questionID_436,How do I get my partner to stop verbally abusing me?,"Every time my partner gets angry for anything, she takes it out on me. Nothing I do is right, and once she's mad, she calls me all kinds of names and is verbally abusive. She says it isn’t abuse, it’s just angry verbal bashing, and that it’s different. It gets worse each time. The names are very vulgar now.",domestic-violence,human,1972,0.47453141538548826,1
265,10,The best thing for you to do is to keep yourself emotionally and physically safe.,1055,1136,0,0,0,5,"I’m glad that you are reaching out for help. What you are going though sounds overwhelming and  exhausting. Here is a link that talks about the signs of an abuse relationship if you are questioning  whether or not you are experiencing an abusive relationship https://www.helpguide.org/articles/abuse/domestic-violence-and-abuse.htmThis maybe a lot of information to take in so if you feel overwhelmed I would encourage you to talk to a therapist.  Also every state has a domestic non-profit that can assist you with support or resources. If you are struggling to find one in your area I can help you. They can help you safety plan and give additional information that might be of assistance.  In abusive relationships, unfortunately there is nothing you can do to change your partners behavior. It is up to her to make that decision.  A lot of time in abusive relationships  asserting  your boundaries can put you at risk for more abuse. I would encourage you to use your gut in this situation because you know your relationship better then anyone else.  The best thing for you to do is to keep yourself emotionally and physically safe. I would encourage against couples counseling because it can also become unsafe in an abusive relationship. You are making a big step in looking for help.",questionID_436,How do I get my partner to stop verbally abusing me?,"Every time my partner gets angry for anything, she takes it out on me. Nothing I do is right, and once she's mad, she calls me all kinds of names and is verbally abusive. She says it isn’t abuse, it’s just angry verbal bashing, and that it’s different. It gets worse each time. The names are very vulgar now.",domestic-violence,human,1973,0.3241142934465839,1
265,11,I would encourage against couples counseling because it can also become unsafe in an abusive relationship.,1137,1243,1,1,1,5,"I’m glad that you are reaching out for help. What you are going though sounds overwhelming and  exhausting. Here is a link that talks about the signs of an abuse relationship if you are questioning  whether or not you are experiencing an abusive relationship https://www.helpguide.org/articles/abuse/domestic-violence-and-abuse.htmThis maybe a lot of information to take in so if you feel overwhelmed I would encourage you to talk to a therapist.  Also every state has a domestic non-profit that can assist you with support or resources. If you are struggling to find one in your area I can help you. They can help you safety plan and give additional information that might be of assistance.  In abusive relationships, unfortunately there is nothing you can do to change your partners behavior. It is up to her to make that decision.  A lot of time in abusive relationships  asserting  your boundaries can put you at risk for more abuse. I would encourage you to use your gut in this situation because you know your relationship better then anyone else.  The best thing for you to do is to keep yourself emotionally and physically safe. I would encourage against couples counseling because it can also become unsafe in an abusive relationship. You are making a big step in looking for help.",questionID_436,How do I get my partner to stop verbally abusing me?,"Every time my partner gets angry for anything, she takes it out on me. Nothing I do is right, and once she's mad, she calls me all kinds of names and is verbally abusive. She says it isn’t abuse, it’s just angry verbal bashing, and that it’s different. It gets worse each time. The names are very vulgar now.",domestic-violence,human,1974,0.2891190581670766,1
265,12,You are making a big step in looking for help.,1244,1290,0,0,0,5,"I’m glad that you are reaching out for help. What you are going though sounds overwhelming and  exhausting. Here is a link that talks about the signs of an abuse relationship if you are questioning  whether or not you are experiencing an abusive relationship https://www.helpguide.org/articles/abuse/domestic-violence-and-abuse.htmThis maybe a lot of information to take in so if you feel overwhelmed I would encourage you to talk to a therapist.  Also every state has a domestic non-profit that can assist you with support or resources. If you are struggling to find one in your area I can help you. They can help you safety plan and give additional information that might be of assistance.  In abusive relationships, unfortunately there is nothing you can do to change your partners behavior. It is up to her to make that decision.  A lot of time in abusive relationships  asserting  your boundaries can put you at risk for more abuse. I would encourage you to use your gut in this situation because you know your relationship better then anyone else.  The best thing for you to do is to keep yourself emotionally and physically safe. I would encourage against couples counseling because it can also become unsafe in an abusive relationship. You are making a big step in looking for help.",questionID_436,How do I get my partner to stop verbally abusing me?,"Every time my partner gets angry for anything, she takes it out on me. Nothing I do is right, and once she's mad, she calls me all kinds of names and is verbally abusive. She says it isn’t abuse, it’s just angry verbal bashing, and that it’s different. It gets worse each time. The names are very vulgar now.",domestic-violence,human,1975,0.29690941452607006,1
275,0,You may feel hopeless but YOU are not hopeless.,0,47,0,0,0,5,"You may feel hopeless but YOU are not hopeless. Addictions of any sort are difficult to overcome, especially when they serve to bury pain and suffering that one is experiencing. It is not impossible to overcome alcohol or drug use/abuse/dependence on your own, but you will likely find much greater success with the help of a therapist or other support system such as rehabilitation or Alcoholics Anonymous. I suggest doing a bit of research to see what type of help is available and feasible for you in your area and go from there. Know that recovery takes time, willingness, and effort. Don't give up and remember that you are not hopeless. You can make the choice to change your habits and learn new ways of healthy coping. Best of luck to you!",questionID_623,How can I stop abusing alcohol?,"I have bipolar II disorder, I'm addicted to alcohol and weed, and I'm hopeless. I keep drinking even though it's harming myself and others.",substance-abuse,human,2054,0.3270411412223611,1
275,1,"Addictions of any sort are difficult to overcome, especially when they serve to bury pain and suffering that one is experiencing.",48,177,0,0,0,5,"You may feel hopeless but YOU are not hopeless. Addictions of any sort are difficult to overcome, especially when they serve to bury pain and suffering that one is experiencing. It is not impossible to overcome alcohol or drug use/abuse/dependence on your own, but you will likely find much greater success with the help of a therapist or other support system such as rehabilitation or Alcoholics Anonymous. I suggest doing a bit of research to see what type of help is available and feasible for you in your area and go from there. Know that recovery takes time, willingness, and effort. Don't give up and remember that you are not hopeless. You can make the choice to change your habits and learn new ways of healthy coping. Best of luck to you!",questionID_623,How can I stop abusing alcohol?,"I have bipolar II disorder, I'm addicted to alcohol and weed, and I'm hopeless. I keep drinking even though it's harming myself and others.",substance-abuse,human,2055,0.17525703493152398,1
275,2,"It is not impossible to overcome alcohol or drug use/abuse/dependence on your own, but you will likely find much greater success with the help of a therapist or other support system such as rehabilitation or Alcoholics Anonymous.",178,407,0,0,0,5,"You may feel hopeless but YOU are not hopeless. Addictions of any sort are difficult to overcome, especially when they serve to bury pain and suffering that one is experiencing. It is not impossible to overcome alcohol or drug use/abuse/dependence on your own, but you will likely find much greater success with the help of a therapist or other support system such as rehabilitation or Alcoholics Anonymous. I suggest doing a bit of research to see what type of help is available and feasible for you in your area and go from there. Know that recovery takes time, willingness, and effort. Don't give up and remember that you are not hopeless. You can make the choice to change your habits and learn new ways of healthy coping. Best of luck to you!",questionID_623,How can I stop abusing alcohol?,"I have bipolar II disorder, I'm addicted to alcohol and weed, and I'm hopeless. I keep drinking even though it's harming myself and others.",substance-abuse,human,2056,0.36714435304404097,1
275,3,I suggest doing a bit of research to see what type of help is available and feasible for you in your area and go from there.,408,532,1,1,1,5,"You may feel hopeless but YOU are not hopeless. Addictions of any sort are difficult to overcome, especially when they serve to bury pain and suffering that one is experiencing. It is not impossible to overcome alcohol or drug use/abuse/dependence on your own, but you will likely find much greater success with the help of a therapist or other support system such as rehabilitation or Alcoholics Anonymous. I suggest doing a bit of research to see what type of help is available and feasible for you in your area and go from there. Know that recovery takes time, willingness, and effort. Don't give up and remember that you are not hopeless. You can make the choice to change your habits and learn new ways of healthy coping. Best of luck to you!",questionID_623,How can I stop abusing alcohol?,"I have bipolar II disorder, I'm addicted to alcohol and weed, and I'm hopeless. I keep drinking even though it's harming myself and others.",substance-abuse,human,2057,0.37989597841807715,1
275,4,"Know that recovery takes time, willingness, and effort.",533,588,1,1,1,5,"You may feel hopeless but YOU are not hopeless. Addictions of any sort are difficult to overcome, especially when they serve to bury pain and suffering that one is experiencing. It is not impossible to overcome alcohol or drug use/abuse/dependence on your own, but you will likely find much greater success with the help of a therapist or other support system such as rehabilitation or Alcoholics Anonymous. I suggest doing a bit of research to see what type of help is available and feasible for you in your area and go from there. Know that recovery takes time, willingness, and effort. Don't give up and remember that you are not hopeless. You can make the choice to change your habits and learn new ways of healthy coping. Best of luck to you!",questionID_623,How can I stop abusing alcohol?,"I have bipolar II disorder, I'm addicted to alcohol and weed, and I'm hopeless. I keep drinking even though it's harming myself and others.",substance-abuse,human,2058,0.17572004439096445,1
275,5,Don't give up and remember that you are not hopeless.,589,642,1,1,1,5,"You may feel hopeless but YOU are not hopeless. Addictions of any sort are difficult to overcome, especially when they serve to bury pain and suffering that one is experiencing. It is not impossible to overcome alcohol or drug use/abuse/dependence on your own, but you will likely find much greater success with the help of a therapist or other support system such as rehabilitation or Alcoholics Anonymous. I suggest doing a bit of research to see what type of help is available and feasible for you in your area and go from there. Know that recovery takes time, willingness, and effort. Don't give up and remember that you are not hopeless. You can make the choice to change your habits and learn new ways of healthy coping. Best of luck to you!",questionID_623,How can I stop abusing alcohol?,"I have bipolar II disorder, I'm addicted to alcohol and weed, and I'm hopeless. I keep drinking even though it's harming myself and others.",substance-abuse,human,2059,0.21881264463333938,1
275,6,You can make the choice to change your habits and learn new ways of healthy coping.,643,726,1,1,1,5,"You may feel hopeless but YOU are not hopeless. Addictions of any sort are difficult to overcome, especially when they serve to bury pain and suffering that one is experiencing. It is not impossible to overcome alcohol or drug use/abuse/dependence on your own, but you will likely find much greater success with the help of a therapist or other support system such as rehabilitation or Alcoholics Anonymous. I suggest doing a bit of research to see what type of help is available and feasible for you in your area and go from there. Know that recovery takes time, willingness, and effort. Don't give up and remember that you are not hopeless. You can make the choice to change your habits and learn new ways of healthy coping. Best of luck to you!",questionID_623,How can I stop abusing alcohol?,"I have bipolar II disorder, I'm addicted to alcohol and weed, and I'm hopeless. I keep drinking even though it's harming myself and others.",substance-abuse,human,2060,0.18500090178043893,1
275,7,Best of luck to you!,727,747,1,1,1,5,"You may feel hopeless but YOU are not hopeless. Addictions of any sort are difficult to overcome, especially when they serve to bury pain and suffering that one is experiencing. It is not impossible to overcome alcohol or drug use/abuse/dependence on your own, but you will likely find much greater success with the help of a therapist or other support system such as rehabilitation or Alcoholics Anonymous. I suggest doing a bit of research to see what type of help is available and feasible for you in your area and go from there. Know that recovery takes time, willingness, and effort. Don't give up and remember that you are not hopeless. You can make the choice to change your habits and learn new ways of healthy coping. Best of luck to you!",questionID_623,How can I stop abusing alcohol?,"I have bipolar II disorder, I'm addicted to alcohol and weed, and I'm hopeless. I keep drinking even though it's harming myself and others.",substance-abuse,human,2061,0.41355088940178425,1
276,0,It sounds like you're experiencing difficult feelings of jealousy.,0,66,0,0,0,5,"It sounds like you're experiencing difficult feelings of jealousy. It's completely normal to feel this way in certain situations, but it's important to understand where these feelings come from. It could be due to insecurity, fear of losing your boyfriend, or feeling like you're competing for his attention. The key is to communicate openly with your boyfriend about your feelings, without blaming or criticizing him. Explain your feelings and ask for his understanding and support. You also might want to try focusing on building a positive relationship with his mother. Remember, it's not a competition; you both have different roles in his life. Lastly, working on self-love and confidence can help you feel secure in your relationship. If these feelings persist, it may be helpful to seek help from a professional therapist.",questionID_684,How do I overcome being jealous of my boyfriends mother?,,family-conflict,gpt4,2062,0.17348183241304035,1
276,1,"It's completely normal to feel this way in certain situations, but it's important to understand where these feelings come from.",67,194,0,0,0,5,"It sounds like you're experiencing difficult feelings of jealousy. It's completely normal to feel this way in certain situations, but it's important to understand where these feelings come from. It could be due to insecurity, fear of losing your boyfriend, or feeling like you're competing for his attention. The key is to communicate openly with your boyfriend about your feelings, without blaming or criticizing him. Explain your feelings and ask for his understanding and support. You also might want to try focusing on building a positive relationship with his mother. Remember, it's not a competition; you both have different roles in his life. Lastly, working on self-love and confidence can help you feel secure in your relationship. If these feelings persist, it may be helpful to seek help from a professional therapist.",questionID_684,How do I overcome being jealous of my boyfriends mother?,,family-conflict,gpt4,2063,0.20096860526398508,1
276,2,"It could be due to insecurity, fear of losing your boyfriend, or feeling like you're competing for his attention.",195,308,0,0,0,5,"It sounds like you're experiencing difficult feelings of jealousy. It's completely normal to feel this way in certain situations, but it's important to understand where these feelings come from. It could be due to insecurity, fear of losing your boyfriend, or feeling like you're competing for his attention. The key is to communicate openly with your boyfriend about your feelings, without blaming or criticizing him. Explain your feelings and ask for his understanding and support. You also might want to try focusing on building a positive relationship with his mother. Remember, it's not a competition; you both have different roles in his life. Lastly, working on self-love and confidence can help you feel secure in your relationship. If these feelings persist, it may be helpful to seek help from a professional therapist.",questionID_684,How do I overcome being jealous of my boyfriends mother?,,family-conflict,gpt4,2064,0.27789952817779,1
276,3,"The key is to communicate openly with your boyfriend about your feelings, without blaming or criticizing him.",309,418,1,1,1,5,"It sounds like you're experiencing difficult feelings of jealousy. It's completely normal to feel this way in certain situations, but it's important to understand where these feelings come from. It could be due to insecurity, fear of losing your boyfriend, or feeling like you're competing for his attention. The key is to communicate openly with your boyfriend about your feelings, without blaming or criticizing him. Explain your feelings and ask for his understanding and support. You also might want to try focusing on building a positive relationship with his mother. Remember, it's not a competition; you both have different roles in his life. Lastly, working on self-love and confidence can help you feel secure in your relationship. If these feelings persist, it may be helpful to seek help from a professional therapist.",questionID_684,How do I overcome being jealous of my boyfriends mother?,,family-conflict,gpt4,2065,0.1861677669490914,1
276,4,Explain your feelings and ask for his understanding and support.,419,483,1,1,1,5,"It sounds like you're experiencing difficult feelings of jealousy. It's completely normal to feel this way in certain situations, but it's important to understand where these feelings come from. It could be due to insecurity, fear of losing your boyfriend, or feeling like you're competing for his attention. The key is to communicate openly with your boyfriend about your feelings, without blaming or criticizing him. Explain your feelings and ask for his understanding and support. You also might want to try focusing on building a positive relationship with his mother. Remember, it's not a competition; you both have different roles in his life. Lastly, working on self-love and confidence can help you feel secure in your relationship. If these feelings persist, it may be helpful to seek help from a professional therapist.",questionID_684,How do I overcome being jealous of my boyfriends mother?,,family-conflict,gpt4,2066,0.18182257442387806,1
276,5,You also might want to try focusing on building a positive relationship with his mother.,484,572,1,1,1,5,"It sounds like you're experiencing difficult feelings of jealousy. It's completely normal to feel this way in certain situations, but it's important to understand where these feelings come from. It could be due to insecurity, fear of losing your boyfriend, or feeling like you're competing for his attention. The key is to communicate openly with your boyfriend about your feelings, without blaming or criticizing him. Explain your feelings and ask for his understanding and support. You also might want to try focusing on building a positive relationship with his mother. Remember, it's not a competition; you both have different roles in his life. Lastly, working on self-love and confidence can help you feel secure in your relationship. If these feelings persist, it may be helpful to seek help from a professional therapist.",questionID_684,How do I overcome being jealous of my boyfriends mother?,,family-conflict,gpt4,2067,0.5185111701462229,1
276,6,"Remember, it's not a competition; you both have different roles in his life.",573,649,1,2,2,5,"It sounds like you're experiencing difficult feelings of jealousy. It's completely normal to feel this way in certain situations, but it's important to understand where these feelings come from. It could be due to insecurity, fear of losing your boyfriend, or feeling like you're competing for his attention. The key is to communicate openly with your boyfriend about your feelings, without blaming or criticizing him. Explain your feelings and ask for his understanding and support. You also might want to try focusing on building a positive relationship with his mother. Remember, it's not a competition; you both have different roles in his life. Lastly, working on self-love and confidence can help you feel secure in your relationship. If these feelings persist, it may be helpful to seek help from a professional therapist.",questionID_684,How do I overcome being jealous of my boyfriends mother?,,family-conflict,gpt4,2068,0.17652775084376104,1
276,7,"Lastly, working on self-love and confidence can help you feel secure in your relationship.",650,740,1,1,1,5,"It sounds like you're experiencing difficult feelings of jealousy. It's completely normal to feel this way in certain situations, but it's important to understand where these feelings come from. It could be due to insecurity, fear of losing your boyfriend, or feeling like you're competing for his attention. The key is to communicate openly with your boyfriend about your feelings, without blaming or criticizing him. Explain your feelings and ask for his understanding and support. You also might want to try focusing on building a positive relationship with his mother. Remember, it's not a competition; you both have different roles in his life. Lastly, working on self-love and confidence can help you feel secure in your relationship. If these feelings persist, it may be helpful to seek help from a professional therapist.",questionID_684,How do I overcome being jealous of my boyfriends mother?,,family-conflict,gpt4,2069,0.22856291587076782,1
276,8,"If these feelings persist, it may be helpful to seek help from a professional therapist.",741,829,1,1,1,5,"It sounds like you're experiencing difficult feelings of jealousy. It's completely normal to feel this way in certain situations, but it's important to understand where these feelings come from. It could be due to insecurity, fear of losing your boyfriend, or feeling like you're competing for his attention. The key is to communicate openly with your boyfriend about your feelings, without blaming or criticizing him. Explain your feelings and ask for his understanding and support. You also might want to try focusing on building a positive relationship with his mother. Remember, it's not a competition; you both have different roles in his life. Lastly, working on self-love and confidence can help you feel secure in your relationship. If these feelings persist, it may be helpful to seek help from a professional therapist.",questionID_684,How do I overcome being jealous of my boyfriends mother?,,family-conflict,gpt4,2070,0.11493353193369682,0
277,0,Overcoming jealousy of your boyfriend's mother can be a challenging but ultimately rewarding process.,0,101,1,2,2,5,"Overcoming jealousy of your boyfriend's mother can be a challenging but ultimately rewarding process. To start, it's essential to acknowledge and accept your feelings, rather than trying to suppress or deny them. Recognize that your jealousy may stem from feelings of insecurity, fear of losing your boyfriend's attention, or concerns about his loyalty.

Consider having an open and honest conversation with your boyfriend about your feelings, using ""I"" statements to express your emotions and avoid blaming or accusing language. For example, ""I feel uncomfortable when you spend a lot of time with your mom, as it makes me feel like I'm not important to you."" This can help your boyfriend understand your perspective and reassure you of his commitment to your relationship.

It's also crucial to develop a positive and respectful relationship with his mother, if possible. Try to find common interests or activities that you can enjoy together, which can help you build a connection and reduce feelings of resentment. Additionally, set boundaries and communicate your needs to your boyfriend, such as needing quality time together or feeling included in family decisions.

Remember that his mother will always be a part of his life, and it's essential to accept and respect that. Focus on nurturing your own relationship with your boyfriend, building trust, and developing a strong sense of security and self-worth. With time, patience, and effort, you can work through your jealousy and develop a more positive and harmonious dynamic with his mother.",questionID_684,How do I overcome being jealous of my boyfriends mother?,,family-conflict,llama3,2071,0.13393007343581015,0
277,1,"To start, it's essential to acknowledge and accept your feelings, rather than trying to suppress or deny them.",102,212,1,1,1,5,"Overcoming jealousy of your boyfriend's mother can be a challenging but ultimately rewarding process. To start, it's essential to acknowledge and accept your feelings, rather than trying to suppress or deny them. Recognize that your jealousy may stem from feelings of insecurity, fear of losing your boyfriend's attention, or concerns about his loyalty.

Consider having an open and honest conversation with your boyfriend about your feelings, using ""I"" statements to express your emotions and avoid blaming or accusing language. For example, ""I feel uncomfortable when you spend a lot of time with your mom, as it makes me feel like I'm not important to you."" This can help your boyfriend understand your perspective and reassure you of his commitment to your relationship.

It's also crucial to develop a positive and respectful relationship with his mother, if possible. Try to find common interests or activities that you can enjoy together, which can help you build a connection and reduce feelings of resentment. Additionally, set boundaries and communicate your needs to your boyfriend, such as needing quality time together or feeling included in family decisions.

Remember that his mother will always be a part of his life, and it's essential to accept and respect that. Focus on nurturing your own relationship with your boyfriend, building trust, and developing a strong sense of security and self-worth. With time, patience, and effort, you can work through your jealousy and develop a more positive and harmonious dynamic with his mother.",questionID_684,How do I overcome being jealous of my boyfriends mother?,,family-conflict,llama3,2072,0.15682501873686364,1
277,2,"Recognize that your jealousy may stem from feelings of insecurity, fear of losing your boyfriend's attention, or concerns about his loyalty.",213,353,1,1,1,5,"Overcoming jealousy of your boyfriend's mother can be a challenging but ultimately rewarding process. To start, it's essential to acknowledge and accept your feelings, rather than trying to suppress or deny them. Recognize that your jealousy may stem from feelings of insecurity, fear of losing your boyfriend's attention, or concerns about his loyalty.

Consider having an open and honest conversation with your boyfriend about your feelings, using ""I"" statements to express your emotions and avoid blaming or accusing language. For example, ""I feel uncomfortable when you spend a lot of time with your mom, as it makes me feel like I'm not important to you."" This can help your boyfriend understand your perspective and reassure you of his commitment to your relationship.

It's also crucial to develop a positive and respectful relationship with his mother, if possible. Try to find common interests or activities that you can enjoy together, which can help you build a connection and reduce feelings of resentment. Additionally, set boundaries and communicate your needs to your boyfriend, such as needing quality time together or feeling included in family decisions.

Remember that his mother will always be a part of his life, and it's essential to accept and respect that. Focus on nurturing your own relationship with your boyfriend, building trust, and developing a strong sense of security and self-worth. With time, patience, and effort, you can work through your jealousy and develop a more positive and harmonious dynamic with his mother.",questionID_684,How do I overcome being jealous of my boyfriends mother?,,family-conflict,llama3,2073,0.2897139569328419,1
277,3,"Consider having an open and honest conversation with your boyfriend about your feelings, using ""I"" statements to express your emotions and avoid blaming or accusing language.",355,529,1,1,1,5,"Overcoming jealousy of your boyfriend's mother can be a challenging but ultimately rewarding process. To start, it's essential to acknowledge and accept your feelings, rather than trying to suppress or deny them. Recognize that your jealousy may stem from feelings of insecurity, fear of losing your boyfriend's attention, or concerns about his loyalty.

Consider having an open and honest conversation with your boyfriend about your feelings, using ""I"" statements to express your emotions and avoid blaming or accusing language. For example, ""I feel uncomfortable when you spend a lot of time with your mom, as it makes me feel like I'm not important to you."" This can help your boyfriend understand your perspective and reassure you of his commitment to your relationship.

It's also crucial to develop a positive and respectful relationship with his mother, if possible. Try to find common interests or activities that you can enjoy together, which can help you build a connection and reduce feelings of resentment. Additionally, set boundaries and communicate your needs to your boyfriend, such as needing quality time together or feeling included in family decisions.

Remember that his mother will always be a part of his life, and it's essential to accept and respect that. Focus on nurturing your own relationship with your boyfriend, building trust, and developing a strong sense of security and self-worth. With time, patience, and effort, you can work through your jealousy and develop a more positive and harmonious dynamic with his mother.",questionID_684,How do I overcome being jealous of my boyfriends mother?,,family-conflict,llama3,2074,0.10189638632848319,0
277,4,"For example, ""I feel uncomfortable when you spend a lot of time with your mom, as it makes me feel like I'm not important to you.""",530,660,1,2,2,5,"Overcoming jealousy of your boyfriend's mother can be a challenging but ultimately rewarding process. To start, it's essential to acknowledge and accept your feelings, rather than trying to suppress or deny them. Recognize that your jealousy may stem from feelings of insecurity, fear of losing your boyfriend's attention, or concerns about his loyalty.

Consider having an open and honest conversation with your boyfriend about your feelings, using ""I"" statements to express your emotions and avoid blaming or accusing language. For example, ""I feel uncomfortable when you spend a lot of time with your mom, as it makes me feel like I'm not important to you."" This can help your boyfriend understand your perspective and reassure you of his commitment to your relationship.

It's also crucial to develop a positive and respectful relationship with his mother, if possible. Try to find common interests or activities that you can enjoy together, which can help you build a connection and reduce feelings of resentment. Additionally, set boundaries and communicate your needs to your boyfriend, such as needing quality time together or feeling included in family decisions.

Remember that his mother will always be a part of his life, and it's essential to accept and respect that. Focus on nurturing your own relationship with your boyfriend, building trust, and developing a strong sense of security and self-worth. With time, patience, and effort, you can work through your jealousy and develop a more positive and harmonious dynamic with his mother.",questionID_684,How do I overcome being jealous of my boyfriends mother?,,family-conflict,llama3,2075,0.22852239376104008,1
277,5,This can help your boyfriend understand your perspective and reassure you of his commitment to your relationship.,661,774,1,2,2,5,"Overcoming jealousy of your boyfriend's mother can be a challenging but ultimately rewarding process. To start, it's essential to acknowledge and accept your feelings, rather than trying to suppress or deny them. Recognize that your jealousy may stem from feelings of insecurity, fear of losing your boyfriend's attention, or concerns about his loyalty.

Consider having an open and honest conversation with your boyfriend about your feelings, using ""I"" statements to express your emotions and avoid blaming or accusing language. For example, ""I feel uncomfortable when you spend a lot of time with your mom, as it makes me feel like I'm not important to you."" This can help your boyfriend understand your perspective and reassure you of his commitment to your relationship.

It's also crucial to develop a positive and respectful relationship with his mother, if possible. Try to find common interests or activities that you can enjoy together, which can help you build a connection and reduce feelings of resentment. Additionally, set boundaries and communicate your needs to your boyfriend, such as needing quality time together or feeling included in family decisions.

Remember that his mother will always be a part of his life, and it's essential to accept and respect that. Focus on nurturing your own relationship with your boyfriend, building trust, and developing a strong sense of security and self-worth. With time, patience, and effort, you can work through your jealousy and develop a more positive and harmonious dynamic with his mother.",questionID_684,How do I overcome being jealous of my boyfriends mother?,,family-conflict,llama3,2076,0.1602379993346801,1
277,6,"It's also crucial to develop a positive and respectful relationship with his mother, if possible.",776,873,1,2,2,5,"Overcoming jealousy of your boyfriend's mother can be a challenging but ultimately rewarding process. To start, it's essential to acknowledge and accept your feelings, rather than trying to suppress or deny them. Recognize that your jealousy may stem from feelings of insecurity, fear of losing your boyfriend's attention, or concerns about his loyalty.

Consider having an open and honest conversation with your boyfriend about your feelings, using ""I"" statements to express your emotions and avoid blaming or accusing language. For example, ""I feel uncomfortable when you spend a lot of time with your mom, as it makes me feel like I'm not important to you."" This can help your boyfriend understand your perspective and reassure you of his commitment to your relationship.

It's also crucial to develop a positive and respectful relationship with his mother, if possible. Try to find common interests or activities that you can enjoy together, which can help you build a connection and reduce feelings of resentment. Additionally, set boundaries and communicate your needs to your boyfriend, such as needing quality time together or feeling included in family decisions.

Remember that his mother will always be a part of his life, and it's essential to accept and respect that. Focus on nurturing your own relationship with your boyfriend, building trust, and developing a strong sense of security and self-worth. With time, patience, and effort, you can work through your jealousy and develop a more positive and harmonious dynamic with his mother.",questionID_684,How do I overcome being jealous of my boyfriends mother?,,family-conflict,llama3,2077,0.2026375994604852,1
277,7,"Try to find common interests or activities that you can enjoy together, which can help you build a connection and reduce feelings of resentment.",874,1018,1,1,1,5,"Overcoming jealousy of your boyfriend's mother can be a challenging but ultimately rewarding process. To start, it's essential to acknowledge and accept your feelings, rather than trying to suppress or deny them. Recognize that your jealousy may stem from feelings of insecurity, fear of losing your boyfriend's attention, or concerns about his loyalty.

Consider having an open and honest conversation with your boyfriend about your feelings, using ""I"" statements to express your emotions and avoid blaming or accusing language. For example, ""I feel uncomfortable when you spend a lot of time with your mom, as it makes me feel like I'm not important to you."" This can help your boyfriend understand your perspective and reassure you of his commitment to your relationship.

It's also crucial to develop a positive and respectful relationship with his mother, if possible. Try to find common interests or activities that you can enjoy together, which can help you build a connection and reduce feelings of resentment. Additionally, set boundaries and communicate your needs to your boyfriend, such as needing quality time together or feeling included in family decisions.

Remember that his mother will always be a part of his life, and it's essential to accept and respect that. Focus on nurturing your own relationship with your boyfriend, building trust, and developing a strong sense of security and self-worth. With time, patience, and effort, you can work through your jealousy and develop a more positive and harmonious dynamic with his mother.",questionID_684,How do I overcome being jealous of my boyfriends mother?,,family-conflict,llama3,2078,0.15639826158327855,1
277,8,"Additionally, set boundaries and communicate your needs to your boyfriend, such as needing quality time together or feeling included in family decisions.",1019,1172,1,1,1,5,"Overcoming jealousy of your boyfriend's mother can be a challenging but ultimately rewarding process. To start, it's essential to acknowledge and accept your feelings, rather than trying to suppress or deny them. Recognize that your jealousy may stem from feelings of insecurity, fear of losing your boyfriend's attention, or concerns about his loyalty.

Consider having an open and honest conversation with your boyfriend about your feelings, using ""I"" statements to express your emotions and avoid blaming or accusing language. For example, ""I feel uncomfortable when you spend a lot of time with your mom, as it makes me feel like I'm not important to you."" This can help your boyfriend understand your perspective and reassure you of his commitment to your relationship.

It's also crucial to develop a positive and respectful relationship with his mother, if possible. Try to find common interests or activities that you can enjoy together, which can help you build a connection and reduce feelings of resentment. Additionally, set boundaries and communicate your needs to your boyfriend, such as needing quality time together or feeling included in family decisions.

Remember that his mother will always be a part of his life, and it's essential to accept and respect that. Focus on nurturing your own relationship with your boyfriend, building trust, and developing a strong sense of security and self-worth. With time, patience, and effort, you can work through your jealousy and develop a more positive and harmonious dynamic with his mother.",questionID_684,How do I overcome being jealous of my boyfriends mother?,,family-conflict,llama3,2079,0.12756082523569104,0
277,9,"Remember that his mother will always be a part of his life, and it's essential to accept and respect that.",1174,1280,1,1,1,5,"Overcoming jealousy of your boyfriend's mother can be a challenging but ultimately rewarding process. To start, it's essential to acknowledge and accept your feelings, rather than trying to suppress or deny them. Recognize that your jealousy may stem from feelings of insecurity, fear of losing your boyfriend's attention, or concerns about his loyalty.

Consider having an open and honest conversation with your boyfriend about your feelings, using ""I"" statements to express your emotions and avoid blaming or accusing language. For example, ""I feel uncomfortable when you spend a lot of time with your mom, as it makes me feel like I'm not important to you."" This can help your boyfriend understand your perspective and reassure you of his commitment to your relationship.

It's also crucial to develop a positive and respectful relationship with his mother, if possible. Try to find common interests or activities that you can enjoy together, which can help you build a connection and reduce feelings of resentment. Additionally, set boundaries and communicate your needs to your boyfriend, such as needing quality time together or feeling included in family decisions.

Remember that his mother will always be a part of his life, and it's essential to accept and respect that. Focus on nurturing your own relationship with your boyfriend, building trust, and developing a strong sense of security and self-worth. With time, patience, and effort, you can work through your jealousy and develop a more positive and harmonious dynamic with his mother.",questionID_684,How do I overcome being jealous of my boyfriends mother?,,family-conflict,llama3,2080,0.29354817768178404,1
277,10,"Focus on nurturing your own relationship with your boyfriend, building trust, and developing a strong sense of security and self-worth.",1281,1416,1,1,1,5,"Overcoming jealousy of your boyfriend's mother can be a challenging but ultimately rewarding process. To start, it's essential to acknowledge and accept your feelings, rather than trying to suppress or deny them. Recognize that your jealousy may stem from feelings of insecurity, fear of losing your boyfriend's attention, or concerns about his loyalty.

Consider having an open and honest conversation with your boyfriend about your feelings, using ""I"" statements to express your emotions and avoid blaming or accusing language. For example, ""I feel uncomfortable when you spend a lot of time with your mom, as it makes me feel like I'm not important to you."" This can help your boyfriend understand your perspective and reassure you of his commitment to your relationship.

It's also crucial to develop a positive and respectful relationship with his mother, if possible. Try to find common interests or activities that you can enjoy together, which can help you build a connection and reduce feelings of resentment. Additionally, set boundaries and communicate your needs to your boyfriend, such as needing quality time together or feeling included in family decisions.

Remember that his mother will always be a part of his life, and it's essential to accept and respect that. Focus on nurturing your own relationship with your boyfriend, building trust, and developing a strong sense of security and self-worth. With time, patience, and effort, you can work through your jealousy and develop a more positive and harmonious dynamic with his mother.",questionID_684,How do I overcome being jealous of my boyfriends mother?,,family-conflict,llama3,2081,0.2588024330356293,1
277,11,"With time, patience, and effort, you can work through your jealousy and develop a more positive and harmonious dynamic with his mother.",1417,1552,1,2,2,5,"Overcoming jealousy of your boyfriend's mother can be a challenging but ultimately rewarding process. To start, it's essential to acknowledge and accept your feelings, rather than trying to suppress or deny them. Recognize that your jealousy may stem from feelings of insecurity, fear of losing your boyfriend's attention, or concerns about his loyalty.

Consider having an open and honest conversation with your boyfriend about your feelings, using ""I"" statements to express your emotions and avoid blaming or accusing language. For example, ""I feel uncomfortable when you spend a lot of time with your mom, as it makes me feel like I'm not important to you."" This can help your boyfriend understand your perspective and reassure you of his commitment to your relationship.

It's also crucial to develop a positive and respectful relationship with his mother, if possible. Try to find common interests or activities that you can enjoy together, which can help you build a connection and reduce feelings of resentment. Additionally, set boundaries and communicate your needs to your boyfriend, such as needing quality time together or feeling included in family decisions.

Remember that his mother will always be a part of his life, and it's essential to accept and respect that. Focus on nurturing your own relationship with your boyfriend, building trust, and developing a strong sense of security and self-worth. With time, patience, and effort, you can work through your jealousy and develop a more positive and harmonious dynamic with his mother.",questionID_684,How do I overcome being jealous of my boyfriends mother?,,family-conflict,llama3,2082,0.27544816544702105,1
291,0,I'm really sorry to hear that you're going through this.,0,56,0,0,0,5,"I'm really sorry to hear that you're going through this. It's clear that you've experienced a significant breach of trust, which can be incredibly painful and can leave lasting scars. It's natural to feel wary and to question the intentions of others after such an experience. Firstly, it's important to acknowledge these emotions and allow yourself to heal. You might find it beneficial to speak to a mental health professional who can provide tools and strategies to help you navigate through this difficult time. 

In the meantime, remember that the actions of one person do not define the actions of all. It's unfair to yourself and others to let this one experience taint all future relationships. Trust takes time to build, so take it slow when you meet new people. Be open about your experience when you feel comfortable, as communication is key in every relationship. 

As for the legal aspects, it can be a good idea to consult with a lawyer to explore your options regarding the false claims made on her immigration application. This is a difficult situation, but remember, it’s okay to ask for help, whether it be legal or emotional.",questionID_654,"I was duped into getting married to a therapist, but once her immigration status was secure, she bolted","How do I ever trust another woman? I have found myself constantly reading between the lines with every other woman that I meet. I am having a difficult time making any sort of connection to anyone because of her deception and willingness to say and do literally anything in order to control my emotions.<br> Once the ""relationship"" was over, she became extremely abusive and has attempted to intimidate me into silence regarding the many false claims made on her immigration application.",family-conflict,gpt4,2181,0.07904882512752963,0
291,1,"It's clear that you've experienced a significant breach of trust, which can be incredibly painful and can leave lasting scars.",57,183,0,0,0,5,"I'm really sorry to hear that you're going through this. It's clear that you've experienced a significant breach of trust, which can be incredibly painful and can leave lasting scars. It's natural to feel wary and to question the intentions of others after such an experience. Firstly, it's important to acknowledge these emotions and allow yourself to heal. You might find it beneficial to speak to a mental health professional who can provide tools and strategies to help you navigate through this difficult time. 

In the meantime, remember that the actions of one person do not define the actions of all. It's unfair to yourself and others to let this one experience taint all future relationships. Trust takes time to build, so take it slow when you meet new people. Be open about your experience when you feel comfortable, as communication is key in every relationship. 

As for the legal aspects, it can be a good idea to consult with a lawyer to explore your options regarding the false claims made on her immigration application. This is a difficult situation, but remember, it’s okay to ask for help, whether it be legal or emotional.",questionID_654,"I was duped into getting married to a therapist, but once her immigration status was secure, she bolted","How do I ever trust another woman? I have found myself constantly reading between the lines with every other woman that I meet. I am having a difficult time making any sort of connection to anyone because of her deception and willingness to say and do literally anything in order to control my emotions.<br> Once the ""relationship"" was over, she became extremely abusive and has attempted to intimidate me into silence regarding the many false claims made on her immigration application.",family-conflict,gpt4,2182,0.13248738254018344,0
291,2,It's natural to feel wary and to question the intentions of others after such an experience.,184,276,0,0,0,5,"I'm really sorry to hear that you're going through this. It's clear that you've experienced a significant breach of trust, which can be incredibly painful and can leave lasting scars. It's natural to feel wary and to question the intentions of others after such an experience. Firstly, it's important to acknowledge these emotions and allow yourself to heal. You might find it beneficial to speak to a mental health professional who can provide tools and strategies to help you navigate through this difficult time. 

In the meantime, remember that the actions of one person do not define the actions of all. It's unfair to yourself and others to let this one experience taint all future relationships. Trust takes time to build, so take it slow when you meet new people. Be open about your experience when you feel comfortable, as communication is key in every relationship. 

As for the legal aspects, it can be a good idea to consult with a lawyer to explore your options regarding the false claims made on her immigration application. This is a difficult situation, but remember, it’s okay to ask for help, whether it be legal or emotional.",questionID_654,"I was duped into getting married to a therapist, but once her immigration status was secure, she bolted","How do I ever trust another woman? I have found myself constantly reading between the lines with every other woman that I meet. I am having a difficult time making any sort of connection to anyone because of her deception and willingness to say and do literally anything in order to control my emotions.<br> Once the ""relationship"" was over, she became extremely abusive and has attempted to intimidate me into silence regarding the many false claims made on her immigration application.",family-conflict,gpt4,2183,0.1981497504167412,1
291,3,"Firstly, it's important to acknowledge these emotions and allow yourself to heal.",277,358,0,0,0,5,"I'm really sorry to hear that you're going through this. It's clear that you've experienced a significant breach of trust, which can be incredibly painful and can leave lasting scars. It's natural to feel wary and to question the intentions of others after such an experience. Firstly, it's important to acknowledge these emotions and allow yourself to heal. You might find it beneficial to speak to a mental health professional who can provide tools and strategies to help you navigate through this difficult time. 

In the meantime, remember that the actions of one person do not define the actions of all. It's unfair to yourself and others to let this one experience taint all future relationships. Trust takes time to build, so take it slow when you meet new people. Be open about your experience when you feel comfortable, as communication is key in every relationship. 

As for the legal aspects, it can be a good idea to consult with a lawyer to explore your options regarding the false claims made on her immigration application. This is a difficult situation, but remember, it’s okay to ask for help, whether it be legal or emotional.",questionID_654,"I was duped into getting married to a therapist, but once her immigration status was secure, she bolted","How do I ever trust another woman? I have found myself constantly reading between the lines with every other woman that I meet. I am having a difficult time making any sort of connection to anyone because of her deception and willingness to say and do literally anything in order to control my emotions.<br> Once the ""relationship"" was over, she became extremely abusive and has attempted to intimidate me into silence regarding the many false claims made on her immigration application.",family-conflict,gpt4,2184,0.0796103461693694,0
291,4,You might find it beneficial to speak to a mental health professional who can provide tools and strategies to help you navigate through this difficult time.,359,515,0,0,0,5,"I'm really sorry to hear that you're going through this. It's clear that you've experienced a significant breach of trust, which can be incredibly painful and can leave lasting scars. It's natural to feel wary and to question the intentions of others after such an experience. Firstly, it's important to acknowledge these emotions and allow yourself to heal. You might find it beneficial to speak to a mental health professional who can provide tools and strategies to help you navigate through this difficult time. 

In the meantime, remember that the actions of one person do not define the actions of all. It's unfair to yourself and others to let this one experience taint all future relationships. Trust takes time to build, so take it slow when you meet new people. Be open about your experience when you feel comfortable, as communication is key in every relationship. 

As for the legal aspects, it can be a good idea to consult with a lawyer to explore your options regarding the false claims made on her immigration application. This is a difficult situation, but remember, it’s okay to ask for help, whether it be legal or emotional.",questionID_654,"I was duped into getting married to a therapist, but once her immigration status was secure, she bolted","How do I ever trust another woman? I have found myself constantly reading between the lines with every other woman that I meet. I am having a difficult time making any sort of connection to anyone because of her deception and willingness to say and do literally anything in order to control my emotions.<br> Once the ""relationship"" was over, she became extremely abusive and has attempted to intimidate me into silence regarding the many false claims made on her immigration application.",family-conflict,gpt4,2185,0.05333745013456564,0
291,5,"In the meantime, remember that the actions of one person do not define the actions of all.",518,608,0,0,0,5,"I'm really sorry to hear that you're going through this. It's clear that you've experienced a significant breach of trust, which can be incredibly painful and can leave lasting scars. It's natural to feel wary and to question the intentions of others after such an experience. Firstly, it's important to acknowledge these emotions and allow yourself to heal. You might find it beneficial to speak to a mental health professional who can provide tools and strategies to help you navigate through this difficult time. 

In the meantime, remember that the actions of one person do not define the actions of all. It's unfair to yourself and others to let this one experience taint all future relationships. Trust takes time to build, so take it slow when you meet new people. Be open about your experience when you feel comfortable, as communication is key in every relationship. 

As for the legal aspects, it can be a good idea to consult with a lawyer to explore your options regarding the false claims made on her immigration application. This is a difficult situation, but remember, it’s okay to ask for help, whether it be legal or emotional.",questionID_654,"I was duped into getting married to a therapist, but once her immigration status was secure, she bolted","How do I ever trust another woman? I have found myself constantly reading between the lines with every other woman that I meet. I am having a difficult time making any sort of connection to anyone because of her deception and willingness to say and do literally anything in order to control my emotions.<br> Once the ""relationship"" was over, she became extremely abusive and has attempted to intimidate me into silence regarding the many false claims made on her immigration application.",family-conflict,gpt4,2186,0.2609322419312723,1
291,6,It's unfair to yourself and others to let this one experience taint all future relationships.,609,702,1,1,1,5,"I'm really sorry to hear that you're going through this. It's clear that you've experienced a significant breach of trust, which can be incredibly painful and can leave lasting scars. It's natural to feel wary and to question the intentions of others after such an experience. Firstly, it's important to acknowledge these emotions and allow yourself to heal. You might find it beneficial to speak to a mental health professional who can provide tools and strategies to help you navigate through this difficult time. 

In the meantime, remember that the actions of one person do not define the actions of all. It's unfair to yourself and others to let this one experience taint all future relationships. Trust takes time to build, so take it slow when you meet new people. Be open about your experience when you feel comfortable, as communication is key in every relationship. 

As for the legal aspects, it can be a good idea to consult with a lawyer to explore your options regarding the false claims made on her immigration application. This is a difficult situation, but remember, it’s okay to ask for help, whether it be legal or emotional.",questionID_654,"I was duped into getting married to a therapist, but once her immigration status was secure, she bolted","How do I ever trust another woman? I have found myself constantly reading between the lines with every other woman that I meet. I am having a difficult time making any sort of connection to anyone because of her deception and willingness to say and do literally anything in order to control my emotions.<br> Once the ""relationship"" was over, she became extremely abusive and has attempted to intimidate me into silence regarding the many false claims made on her immigration application.",family-conflict,gpt4,2187,0.18785084105185212,1
291,7,"Trust takes time to build, so take it slow when you meet new people.",703,771,0,0,0,5,"I'm really sorry to hear that you're going through this. It's clear that you've experienced a significant breach of trust, which can be incredibly painful and can leave lasting scars. It's natural to feel wary and to question the intentions of others after such an experience. Firstly, it's important to acknowledge these emotions and allow yourself to heal. You might find it beneficial to speak to a mental health professional who can provide tools and strategies to help you navigate through this difficult time. 

In the meantime, remember that the actions of one person do not define the actions of all. It's unfair to yourself and others to let this one experience taint all future relationships. Trust takes time to build, so take it slow when you meet new people. Be open about your experience when you feel comfortable, as communication is key in every relationship. 

As for the legal aspects, it can be a good idea to consult with a lawyer to explore your options regarding the false claims made on her immigration application. This is a difficult situation, but remember, it’s okay to ask for help, whether it be legal or emotional.",questionID_654,"I was duped into getting married to a therapist, but once her immigration status was secure, she bolted","How do I ever trust another woman? I have found myself constantly reading between the lines with every other woman that I meet. I am having a difficult time making any sort of connection to anyone because of her deception and willingness to say and do literally anything in order to control my emotions.<br> Once the ""relationship"" was over, she became extremely abusive and has attempted to intimidate me into silence regarding the many false claims made on her immigration application.",family-conflict,gpt4,2188,0.36968063386207195,1
291,8,"Be open about your experience when you feel comfortable, as communication is key in every relationship.",772,875,0,0,0,5,"I'm really sorry to hear that you're going through this. It's clear that you've experienced a significant breach of trust, which can be incredibly painful and can leave lasting scars. It's natural to feel wary and to question the intentions of others after such an experience. Firstly, it's important to acknowledge these emotions and allow yourself to heal. You might find it beneficial to speak to a mental health professional who can provide tools and strategies to help you navigate through this difficult time. 

In the meantime, remember that the actions of one person do not define the actions of all. It's unfair to yourself and others to let this one experience taint all future relationships. Trust takes time to build, so take it slow when you meet new people. Be open about your experience when you feel comfortable, as communication is key in every relationship. 

As for the legal aspects, it can be a good idea to consult with a lawyer to explore your options regarding the false claims made on her immigration application. This is a difficult situation, but remember, it’s okay to ask for help, whether it be legal or emotional.",questionID_654,"I was duped into getting married to a therapist, but once her immigration status was secure, she bolted","How do I ever trust another woman? I have found myself constantly reading between the lines with every other woman that I meet. I am having a difficult time making any sort of connection to anyone because of her deception and willingness to say and do literally anything in order to control my emotions.<br> Once the ""relationship"" was over, she became extremely abusive and has attempted to intimidate me into silence regarding the many false claims made on her immigration application.",family-conflict,gpt4,2189,0.2405319745594597,1
291,9,"As for the legal aspects, it can be a good idea to consult with a lawyer to explore your options regarding the false claims made on her immigration application.",878,1038,0,0,0,5,"I'm really sorry to hear that you're going through this. It's clear that you've experienced a significant breach of trust, which can be incredibly painful and can leave lasting scars. It's natural to feel wary and to question the intentions of others after such an experience. Firstly, it's important to acknowledge these emotions and allow yourself to heal. You might find it beneficial to speak to a mental health professional who can provide tools and strategies to help you navigate through this difficult time. 

In the meantime, remember that the actions of one person do not define the actions of all. It's unfair to yourself and others to let this one experience taint all future relationships. Trust takes time to build, so take it slow when you meet new people. Be open about your experience when you feel comfortable, as communication is key in every relationship. 

As for the legal aspects, it can be a good idea to consult with a lawyer to explore your options regarding the false claims made on her immigration application. This is a difficult situation, but remember, it’s okay to ask for help, whether it be legal or emotional.",questionID_654,"I was duped into getting married to a therapist, but once her immigration status was secure, she bolted","How do I ever trust another woman? I have found myself constantly reading between the lines with every other woman that I meet. I am having a difficult time making any sort of connection to anyone because of her deception and willingness to say and do literally anything in order to control my emotions.<br> Once the ""relationship"" was over, she became extremely abusive and has attempted to intimidate me into silence regarding the many false claims made on her immigration application.",family-conflict,gpt4,2190,0.19478374209197813,1
291,10,"This is a difficult situation, but remember, it’s okay to ask for help, whether it be legal or emotional.",1039,1144,0,0,0,5,"I'm really sorry to hear that you're going through this. It's clear that you've experienced a significant breach of trust, which can be incredibly painful and can leave lasting scars. It's natural to feel wary and to question the intentions of others after such an experience. Firstly, it's important to acknowledge these emotions and allow yourself to heal. You might find it beneficial to speak to a mental health professional who can provide tools and strategies to help you navigate through this difficult time. 

In the meantime, remember that the actions of one person do not define the actions of all. It's unfair to yourself and others to let this one experience taint all future relationships. Trust takes time to build, so take it slow when you meet new people. Be open about your experience when you feel comfortable, as communication is key in every relationship. 

As for the legal aspects, it can be a good idea to consult with a lawyer to explore your options regarding the false claims made on her immigration application. This is a difficult situation, but remember, it’s okay to ask for help, whether it be legal or emotional.",questionID_654,"I was duped into getting married to a therapist, but once her immigration status was secure, she bolted","How do I ever trust another woman? I have found myself constantly reading between the lines with every other woman that I meet. I am having a difficult time making any sort of connection to anyone because of her deception and willingness to say and do literally anything in order to control my emotions.<br> Once the ""relationship"" was over, she became extremely abusive and has attempted to intimidate me into silence regarding the many false claims made on her immigration application.",family-conflict,gpt4,2191,0.08264906548707783,0
301,0,You didn't say what or how many medications you've tried.,0,57,0,0,0,5,"You didn't say what or how many medications you've tried. Certain anxiety medications can make you feel nauseous, but I haven't heard of any that cause mouth blisters, so there may be some other underlying medical issue there. I would definitely talk to your primary care physician and whoever has prescribed the medication as well as a neurologist if you've suffered a severe head injury. There are so many medications available for anxiety or insomnia or even depression that there may be others with lesser side effects.But beyond that, have you tried any other treatments such as deep breathing or meditation? Meditation can be very effective, but it takes practice and you don't have to sit cross-legged for hours chanting ""Ohm"" to meditate. It's about focusing on your breath, rather than all the thoughts that are racing through your head. And when they do take your mind off your breath, simply refocus (and refocus and refocus). Like I said, it takes practice, so don't give up. You can find many sites offering different ways to meditate, so look around and see what works best for you. Like medication, you just have to find the one that works best and that might take some experimentation.I hope this helps and best of luck to you.",questionID_168,Can I control anxiety without medication?,I had a head injury a few years ago and my mind races all the time. I have trouble sleeping and have a lot of anxiety. Every medicine I have been on my body rejects; I get sick to my stomach and get blisters in my mouth. How can I calm my self down? I'm a wreck.,anxiety,human,2266,0.3194412647055314,1
301,1,"Certain anxiety medications can make you feel nauseous, but I haven't heard of any that cause mouth blisters, so there may be some other underlying medical issue there.",58,226,0,0,0,5,"You didn't say what or how many medications you've tried. Certain anxiety medications can make you feel nauseous, but I haven't heard of any that cause mouth blisters, so there may be some other underlying medical issue there. I would definitely talk to your primary care physician and whoever has prescribed the medication as well as a neurologist if you've suffered a severe head injury. There are so many medications available for anxiety or insomnia or even depression that there may be others with lesser side effects.But beyond that, have you tried any other treatments such as deep breathing or meditation? Meditation can be very effective, but it takes practice and you don't have to sit cross-legged for hours chanting ""Ohm"" to meditate. It's about focusing on your breath, rather than all the thoughts that are racing through your head. And when they do take your mind off your breath, simply refocus (and refocus and refocus). Like I said, it takes practice, so don't give up. You can find many sites offering different ways to meditate, so look around and see what works best for you. Like medication, you just have to find the one that works best and that might take some experimentation.I hope this helps and best of luck to you.",questionID_168,Can I control anxiety without medication?,I had a head injury a few years ago and my mind races all the time. I have trouble sleeping and have a lot of anxiety. Every medicine I have been on my body rejects; I get sick to my stomach and get blisters in my mouth. How can I calm my self down? I'm a wreck.,anxiety,human,2267,0.30131694131307235,1
301,2,I would definitely talk to your primary care physician and whoever has prescribed the medication as well as a neurologist if you've suffered a severe head injury.,227,389,0,0,0,5,"You didn't say what or how many medications you've tried. Certain anxiety medications can make you feel nauseous, but I haven't heard of any that cause mouth blisters, so there may be some other underlying medical issue there. I would definitely talk to your primary care physician and whoever has prescribed the medication as well as a neurologist if you've suffered a severe head injury. There are so many medications available for anxiety or insomnia or even depression that there may be others with lesser side effects.But beyond that, have you tried any other treatments such as deep breathing or meditation? Meditation can be very effective, but it takes practice and you don't have to sit cross-legged for hours chanting ""Ohm"" to meditate. It's about focusing on your breath, rather than all the thoughts that are racing through your head. And when they do take your mind off your breath, simply refocus (and refocus and refocus). Like I said, it takes practice, so don't give up. You can find many sites offering different ways to meditate, so look around and see what works best for you. Like medication, you just have to find the one that works best and that might take some experimentation.I hope this helps and best of luck to you.",questionID_168,Can I control anxiety without medication?,I had a head injury a few years ago and my mind races all the time. I have trouble sleeping and have a lot of anxiety. Every medicine I have been on my body rejects; I get sick to my stomach and get blisters in my mouth. How can I calm my self down? I'm a wreck.,anxiety,human,2268,0.2618835771855578,1
301,3,There are so many medications available for anxiety or insomnia or even depression that there may be others with lesser side effects.,390,523,0,0,0,5,"You didn't say what or how many medications you've tried. Certain anxiety medications can make you feel nauseous, but I haven't heard of any that cause mouth blisters, so there may be some other underlying medical issue there. I would definitely talk to your primary care physician and whoever has prescribed the medication as well as a neurologist if you've suffered a severe head injury. There are so many medications available for anxiety or insomnia or even depression that there may be others with lesser side effects.But beyond that, have you tried any other treatments such as deep breathing or meditation? Meditation can be very effective, but it takes practice and you don't have to sit cross-legged for hours chanting ""Ohm"" to meditate. It's about focusing on your breath, rather than all the thoughts that are racing through your head. And when they do take your mind off your breath, simply refocus (and refocus and refocus). Like I said, it takes practice, so don't give up. You can find many sites offering different ways to meditate, so look around and see what works best for you. Like medication, you just have to find the one that works best and that might take some experimentation.I hope this helps and best of luck to you.",questionID_168,Can I control anxiety without medication?,I had a head injury a few years ago and my mind races all the time. I have trouble sleeping and have a lot of anxiety. Every medicine I have been on my body rejects; I get sick to my stomach and get blisters in my mouth. How can I calm my self down? I'm a wreck.,anxiety,human,2269,0.2984412355471319,1
301,4,"But beyond that, have you tried any other treatments such as deep breathing or meditation?",523,613,0,0,0,5,"You didn't say what or how many medications you've tried. Certain anxiety medications can make you feel nauseous, but I haven't heard of any that cause mouth blisters, so there may be some other underlying medical issue there. I would definitely talk to your primary care physician and whoever has prescribed the medication as well as a neurologist if you've suffered a severe head injury. There are so many medications available for anxiety or insomnia or even depression that there may be others with lesser side effects.But beyond that, have you tried any other treatments such as deep breathing or meditation? Meditation can be very effective, but it takes practice and you don't have to sit cross-legged for hours chanting ""Ohm"" to meditate. It's about focusing on your breath, rather than all the thoughts that are racing through your head. And when they do take your mind off your breath, simply refocus (and refocus and refocus). Like I said, it takes practice, so don't give up. You can find many sites offering different ways to meditate, so look around and see what works best for you. Like medication, you just have to find the one that works best and that might take some experimentation.I hope this helps and best of luck to you.",questionID_168,Can I control anxiety without medication?,I had a head injury a few years ago and my mind races all the time. I have trouble sleeping and have a lot of anxiety. Every medicine I have been on my body rejects; I get sick to my stomach and get blisters in my mouth. How can I calm my self down? I'm a wreck.,anxiety,human,2270,0.20872435105586082,1
301,5,"Meditation can be very effective, but it takes practice and you don't have to sit cross-legged for hours chanting ""Ohm"" to meditate.",614,746,1,1,1,5,"You didn't say what or how many medications you've tried. Certain anxiety medications can make you feel nauseous, but I haven't heard of any that cause mouth blisters, so there may be some other underlying medical issue there. I would definitely talk to your primary care physician and whoever has prescribed the medication as well as a neurologist if you've suffered a severe head injury. There are so many medications available for anxiety or insomnia or even depression that there may be others with lesser side effects.But beyond that, have you tried any other treatments such as deep breathing or meditation? Meditation can be very effective, but it takes practice and you don't have to sit cross-legged for hours chanting ""Ohm"" to meditate. It's about focusing on your breath, rather than all the thoughts that are racing through your head. And when they do take your mind off your breath, simply refocus (and refocus and refocus). Like I said, it takes practice, so don't give up. You can find many sites offering different ways to meditate, so look around and see what works best for you. Like medication, you just have to find the one that works best and that might take some experimentation.I hope this helps and best of luck to you.",questionID_168,Can I control anxiety without medication?,I had a head injury a few years ago and my mind races all the time. I have trouble sleeping and have a lot of anxiety. Every medicine I have been on my body rejects; I get sick to my stomach and get blisters in my mouth. How can I calm my self down? I'm a wreck.,anxiety,human,2271,0.19793437766336683,1
301,6,"It's about focusing on your breath, rather than all the thoughts that are racing through your head.",747,846,1,1,1,5,"You didn't say what or how many medications you've tried. Certain anxiety medications can make you feel nauseous, but I haven't heard of any that cause mouth blisters, so there may be some other underlying medical issue there. I would definitely talk to your primary care physician and whoever has prescribed the medication as well as a neurologist if you've suffered a severe head injury. There are so many medications available for anxiety or insomnia or even depression that there may be others with lesser side effects.But beyond that, have you tried any other treatments such as deep breathing or meditation? Meditation can be very effective, but it takes practice and you don't have to sit cross-legged for hours chanting ""Ohm"" to meditate. It's about focusing on your breath, rather than all the thoughts that are racing through your head. And when they do take your mind off your breath, simply refocus (and refocus and refocus). Like I said, it takes practice, so don't give up. You can find many sites offering different ways to meditate, so look around and see what works best for you. Like medication, you just have to find the one that works best and that might take some experimentation.I hope this helps and best of luck to you.",questionID_168,Can I control anxiety without medication?,I had a head injury a few years ago and my mind races all the time. I have trouble sleeping and have a lot of anxiety. Every medicine I have been on my body rejects; I get sick to my stomach and get blisters in my mouth. How can I calm my self down? I'm a wreck.,anxiety,human,2272,0.2774441174726439,1
301,7,"And when they do take your mind off your breath, simply refocus (and refocus and refocus).",847,937,1,1,1,5,"You didn't say what or how many medications you've tried. Certain anxiety medications can make you feel nauseous, but I haven't heard of any that cause mouth blisters, so there may be some other underlying medical issue there. I would definitely talk to your primary care physician and whoever has prescribed the medication as well as a neurologist if you've suffered a severe head injury. There are so many medications available for anxiety or insomnia or even depression that there may be others with lesser side effects.But beyond that, have you tried any other treatments such as deep breathing or meditation? Meditation can be very effective, but it takes practice and you don't have to sit cross-legged for hours chanting ""Ohm"" to meditate. It's about focusing on your breath, rather than all the thoughts that are racing through your head. And when they do take your mind off your breath, simply refocus (and refocus and refocus). Like I said, it takes practice, so don't give up. You can find many sites offering different ways to meditate, so look around and see what works best for you. Like medication, you just have to find the one that works best and that might take some experimentation.I hope this helps and best of luck to you.",questionID_168,Can I control anxiety without medication?,I had a head injury a few years ago and my mind races all the time. I have trouble sleeping and have a lot of anxiety. Every medicine I have been on my body rejects; I get sick to my stomach and get blisters in my mouth. How can I calm my self down? I'm a wreck.,anxiety,human,2273,0.23327730904561958,1
301,8,"Like I said, it takes practice, so don't give up.",938,987,0,0,0,5,"You didn't say what or how many medications you've tried. Certain anxiety medications can make you feel nauseous, but I haven't heard of any that cause mouth blisters, so there may be some other underlying medical issue there. I would definitely talk to your primary care physician and whoever has prescribed the medication as well as a neurologist if you've suffered a severe head injury. There are so many medications available for anxiety or insomnia or even depression that there may be others with lesser side effects.But beyond that, have you tried any other treatments such as deep breathing or meditation? Meditation can be very effective, but it takes practice and you don't have to sit cross-legged for hours chanting ""Ohm"" to meditate. It's about focusing on your breath, rather than all the thoughts that are racing through your head. And when they do take your mind off your breath, simply refocus (and refocus and refocus). Like I said, it takes practice, so don't give up. You can find many sites offering different ways to meditate, so look around and see what works best for you. Like medication, you just have to find the one that works best and that might take some experimentation.I hope this helps and best of luck to you.",questionID_168,Can I control anxiety without medication?,I had a head injury a few years ago and my mind races all the time. I have trouble sleeping and have a lot of anxiety. Every medicine I have been on my body rejects; I get sick to my stomach and get blisters in my mouth. How can I calm my self down? I'm a wreck.,anxiety,human,2274,0.25408634932319946,1
301,9,"You can find many sites offering different ways to meditate, so look around and see what works best for you.",988,1096,0,0,0,5,"You didn't say what or how many medications you've tried. Certain anxiety medications can make you feel nauseous, but I haven't heard of any that cause mouth blisters, so there may be some other underlying medical issue there. I would definitely talk to your primary care physician and whoever has prescribed the medication as well as a neurologist if you've suffered a severe head injury. There are so many medications available for anxiety or insomnia or even depression that there may be others with lesser side effects.But beyond that, have you tried any other treatments such as deep breathing or meditation? Meditation can be very effective, but it takes practice and you don't have to sit cross-legged for hours chanting ""Ohm"" to meditate. It's about focusing on your breath, rather than all the thoughts that are racing through your head. And when they do take your mind off your breath, simply refocus (and refocus and refocus). Like I said, it takes practice, so don't give up. You can find many sites offering different ways to meditate, so look around and see what works best for you. Like medication, you just have to find the one that works best and that might take some experimentation.I hope this helps and best of luck to you.",questionID_168,Can I control anxiety without medication?,I had a head injury a few years ago and my mind races all the time. I have trouble sleeping and have a lot of anxiety. Every medicine I have been on my body rejects; I get sick to my stomach and get blisters in my mouth. How can I calm my self down? I'm a wreck.,anxiety,human,2275,0.2545124578716635,1
301,10,"Like medication, you just have to find the one that works best and that might take some experimentation.",1097,1201,0,0,0,5,"You didn't say what or how many medications you've tried. Certain anxiety medications can make you feel nauseous, but I haven't heard of any that cause mouth blisters, so there may be some other underlying medical issue there. I would definitely talk to your primary care physician and whoever has prescribed the medication as well as a neurologist if you've suffered a severe head injury. There are so many medications available for anxiety or insomnia or even depression that there may be others with lesser side effects.But beyond that, have you tried any other treatments such as deep breathing or meditation? Meditation can be very effective, but it takes practice and you don't have to sit cross-legged for hours chanting ""Ohm"" to meditate. It's about focusing on your breath, rather than all the thoughts that are racing through your head. And when they do take your mind off your breath, simply refocus (and refocus and refocus). Like I said, it takes practice, so don't give up. You can find many sites offering different ways to meditate, so look around and see what works best for you. Like medication, you just have to find the one that works best and that might take some experimentation.I hope this helps and best of luck to you.",questionID_168,Can I control anxiety without medication?,I had a head injury a few years ago and my mind races all the time. I have trouble sleeping and have a lot of anxiety. Every medicine I have been on my body rejects; I get sick to my stomach and get blisters in my mouth. How can I calm my self down? I'm a wreck.,anxiety,human,2276,0.2793684973683892,1
301,11,I hope this helps and best of luck to you.,1201,1243,0,0,0,5,"You didn't say what or how many medications you've tried. Certain anxiety medications can make you feel nauseous, but I haven't heard of any that cause mouth blisters, so there may be some other underlying medical issue there. I would definitely talk to your primary care physician and whoever has prescribed the medication as well as a neurologist if you've suffered a severe head injury. There are so many medications available for anxiety or insomnia or even depression that there may be others with lesser side effects.But beyond that, have you tried any other treatments such as deep breathing or meditation? Meditation can be very effective, but it takes practice and you don't have to sit cross-legged for hours chanting ""Ohm"" to meditate. It's about focusing on your breath, rather than all the thoughts that are racing through your head. And when they do take your mind off your breath, simply refocus (and refocus and refocus). Like I said, it takes practice, so don't give up. You can find many sites offering different ways to meditate, so look around and see what works best for you. Like medication, you just have to find the one that works best and that might take some experimentation.I hope this helps and best of luck to you.",questionID_168,Can I control anxiety without medication?,I had a head injury a few years ago and my mind races all the time. I have trouble sleeping and have a lot of anxiety. Every medicine I have been on my body rejects; I get sick to my stomach and get blisters in my mouth. How can I calm my self down? I'm a wreck.,anxiety,human,2277,0.4616205329914455,1
304,0,"While there's hope with his willingness to attend counseling, ultimately whether your marriage can be saved depends on both your and his commitment to understanding the underlying issues, communicating openly and honestly, and working together to rebuild trust and connection.",0,276,0,0,0,5,"While there's hope with his willingness to attend counseling, ultimately whether your marriage can be saved depends on both your and his commitment to understanding the underlying issues, communicating openly and honestly, and working together to rebuild trust and connection. I strongly encourage you to also consider individual therapy to help you navigate this challenging time and develop strategies for coping and self-care.",questionID_704,Can my marriage be saved?,"My husband and I have been together since high school. We have been married going on for nearly ten years, and we have three beautiful children. A few weeks ago, my husband decided he need some time apart and moved over to his dad’s for a while. He comes home to see the kids and acts like there is not too much wrong. Can this marriage be saved or is it too late? He said he would go to counseling, so I don't think he has given up.",marriage,gemini,2295,0.29843284135263864,1
304,1,I strongly encourage you to also consider individual therapy to help you navigate this challenging time and develop strategies for coping and self-care.,277,429,0,0,0,5,"While there's hope with his willingness to attend counseling, ultimately whether your marriage can be saved depends on both your and his commitment to understanding the underlying issues, communicating openly and honestly, and working together to rebuild trust and connection. I strongly encourage you to also consider individual therapy to help you navigate this challenging time and develop strategies for coping and self-care.",questionID_704,Can my marriage be saved?,"My husband and I have been together since high school. We have been married going on for nearly ten years, and we have three beautiful children. A few weeks ago, my husband decided he need some time apart and moved over to his dad’s for a while. He comes home to see the kids and acts like there is not too much wrong. Can this marriage be saved or is it too late? He said he would go to counseling, so I don't think he has given up.",marriage,gemini,2296,0.06511843567438975,0
309,0,The dilemmas you present are giving you a great chance to understand your true reasons for being in a relationship.,0,115,1,2,2,5,"The dilemmas you present are giving you a great chance to understand your true reasons for being in a relationship.Continue developing some points you've written here.That you grew up sensing and/or witnessing your mom's emotional pain from your dad cheating on her, very likely set a standard in your inner self, to expect similar circumstances in your relationship life.This is a natural dynamic which happens for all of us.  What we observe in our growing up households is what we understand as ""normal"", no matter how bad it actually is.After all, children don't have the ability to separate that what their own parents do, is wrong compared with the rest of our culture.It is natural to long for a relationship.What you have the chance to do now, is distinguish the reasons for your longing.Is it to attach to someone who has hurt you, hasn't shown you any understanding of having hurt you, and whose validation, even if he says validating words, has little meaning because people who validate are not the ones who harm us?If you're able to teach yourself that those who love us do not harm us, and to develop new expectations for yourself of feeling good from how your partner treats you, then you will be showing yourself a road that will benefit you for your entire lifetime.",questionID_308,How can I get over my ex-boyfriend cheating on me?,"It's been almost a year since my ex-boyfriend broke up with me after he cheated on me many times. I had found out about a month before, but I hadn't told him I knew because I didn't want us to break up. I used to have very low self-esteem, and I think it might have to do with my dad being an alcoholic. My father cheated on my mother when I was little. I wonder if this pain has to do with that. My ex-boyfriend and I were only dating for five months, but I still can't get over this betrayal. I'm not sure what to feel to get over it: forgiveness? Hate? He helped me financially after our break up by lending me $3000, so I'm grateful for that. I still hate him for what he did and still want him to like me although we're not even talking anymore. We follow each other on Instagram and that's it. I feel like I still need his validation. This is haunting me day and night. I want to focus on my new relationship and goals, but I keep obsessing over this and keep checking my ex-boyfriend's Instagram and Facebook. I feel so bad and keep having nightmares.",self-esteem,human,2334,0.3195627060416217,1
309,1,Continue developing some points you've written here.,115,167,1,2,2,5,"The dilemmas you present are giving you a great chance to understand your true reasons for being in a relationship.Continue developing some points you've written here.That you grew up sensing and/or witnessing your mom's emotional pain from your dad cheating on her, very likely set a standard in your inner self, to expect similar circumstances in your relationship life.This is a natural dynamic which happens for all of us.  What we observe in our growing up households is what we understand as ""normal"", no matter how bad it actually is.After all, children don't have the ability to separate that what their own parents do, is wrong compared with the rest of our culture.It is natural to long for a relationship.What you have the chance to do now, is distinguish the reasons for your longing.Is it to attach to someone who has hurt you, hasn't shown you any understanding of having hurt you, and whose validation, even if he says validating words, has little meaning because people who validate are not the ones who harm us?If you're able to teach yourself that those who love us do not harm us, and to develop new expectations for yourself of feeling good from how your partner treats you, then you will be showing yourself a road that will benefit you for your entire lifetime.",questionID_308,How can I get over my ex-boyfriend cheating on me?,"It's been almost a year since my ex-boyfriend broke up with me after he cheated on me many times. I had found out about a month before, but I hadn't told him I knew because I didn't want us to break up. I used to have very low self-esteem, and I think it might have to do with my dad being an alcoholic. My father cheated on my mother when I was little. I wonder if this pain has to do with that. My ex-boyfriend and I were only dating for five months, but I still can't get over this betrayal. I'm not sure what to feel to get over it: forgiveness? Hate? He helped me financially after our break up by lending me $3000, so I'm grateful for that. I still hate him for what he did and still want him to like me although we're not even talking anymore. We follow each other on Instagram and that's it. I feel like I still need his validation. This is haunting me day and night. I want to focus on my new relationship and goals, but I keep obsessing over this and keep checking my ex-boyfriend's Instagram and Facebook. I feel so bad and keep having nightmares.",self-esteem,human,2335,0.26687322327639457,1
309,2,"That you grew up sensing and/or witnessing your mom's emotional pain from your dad cheating on her, very likely set a standard in your inner self, to expect similar circumstances in your relationship life.",167,372,1,1,1,5,"The dilemmas you present are giving you a great chance to understand your true reasons for being in a relationship.Continue developing some points you've written here.That you grew up sensing and/or witnessing your mom's emotional pain from your dad cheating on her, very likely set a standard in your inner self, to expect similar circumstances in your relationship life.This is a natural dynamic which happens for all of us.  What we observe in our growing up households is what we understand as ""normal"", no matter how bad it actually is.After all, children don't have the ability to separate that what their own parents do, is wrong compared with the rest of our culture.It is natural to long for a relationship.What you have the chance to do now, is distinguish the reasons for your longing.Is it to attach to someone who has hurt you, hasn't shown you any understanding of having hurt you, and whose validation, even if he says validating words, has little meaning because people who validate are not the ones who harm us?If you're able to teach yourself that those who love us do not harm us, and to develop new expectations for yourself of feeling good from how your partner treats you, then you will be showing yourself a road that will benefit you for your entire lifetime.",questionID_308,How can I get over my ex-boyfriend cheating on me?,"It's been almost a year since my ex-boyfriend broke up with me after he cheated on me many times. I had found out about a month before, but I hadn't told him I knew because I didn't want us to break up. I used to have very low self-esteem, and I think it might have to do with my dad being an alcoholic. My father cheated on my mother when I was little. I wonder if this pain has to do with that. My ex-boyfriend and I were only dating for five months, but I still can't get over this betrayal. I'm not sure what to feel to get over it: forgiveness? Hate? He helped me financially after our break up by lending me $3000, so I'm grateful for that. I still hate him for what he did and still want him to like me although we're not even talking anymore. We follow each other on Instagram and that's it. I feel like I still need his validation. This is haunting me day and night. I want to focus on my new relationship and goals, but I keep obsessing over this and keep checking my ex-boyfriend's Instagram and Facebook. I feel so bad and keep having nightmares.",self-esteem,human,2336,0.2497939485706385,1
309,3,This is a natural dynamic which happens for all of us.,372,426,1,1,1,5,"The dilemmas you present are giving you a great chance to understand your true reasons for being in a relationship.Continue developing some points you've written here.That you grew up sensing and/or witnessing your mom's emotional pain from your dad cheating on her, very likely set a standard in your inner self, to expect similar circumstances in your relationship life.This is a natural dynamic which happens for all of us.  What we observe in our growing up households is what we understand as ""normal"", no matter how bad it actually is.After all, children don't have the ability to separate that what their own parents do, is wrong compared with the rest of our culture.It is natural to long for a relationship.What you have the chance to do now, is distinguish the reasons for your longing.Is it to attach to someone who has hurt you, hasn't shown you any understanding of having hurt you, and whose validation, even if he says validating words, has little meaning because people who validate are not the ones who harm us?If you're able to teach yourself that those who love us do not harm us, and to develop new expectations for yourself of feeling good from how your partner treats you, then you will be showing yourself a road that will benefit you for your entire lifetime.",questionID_308,How can I get over my ex-boyfriend cheating on me?,"It's been almost a year since my ex-boyfriend broke up with me after he cheated on me many times. I had found out about a month before, but I hadn't told him I knew because I didn't want us to break up. I used to have very low self-esteem, and I think it might have to do with my dad being an alcoholic. My father cheated on my mother when I was little. I wonder if this pain has to do with that. My ex-boyfriend and I were only dating for five months, but I still can't get over this betrayal. I'm not sure what to feel to get over it: forgiveness? Hate? He helped me financially after our break up by lending me $3000, so I'm grateful for that. I still hate him for what he did and still want him to like me although we're not even talking anymore. We follow each other on Instagram and that's it. I feel like I still need his validation. This is haunting me day and night. I want to focus on my new relationship and goals, but I keep obsessing over this and keep checking my ex-boyfriend's Instagram and Facebook. I feel so bad and keep having nightmares.",self-esteem,human,2337,0.44430846297374976,1
309,4,"What we observe in our growing up households is what we understand as ""normal"", no matter how bad it actually is.",428,541,1,1,1,5,"The dilemmas you present are giving you a great chance to understand your true reasons for being in a relationship.Continue developing some points you've written here.That you grew up sensing and/or witnessing your mom's emotional pain from your dad cheating on her, very likely set a standard in your inner self, to expect similar circumstances in your relationship life.This is a natural dynamic which happens for all of us.  What we observe in our growing up households is what we understand as ""normal"", no matter how bad it actually is.After all, children don't have the ability to separate that what their own parents do, is wrong compared with the rest of our culture.It is natural to long for a relationship.What you have the chance to do now, is distinguish the reasons for your longing.Is it to attach to someone who has hurt you, hasn't shown you any understanding of having hurt you, and whose validation, even if he says validating words, has little meaning because people who validate are not the ones who harm us?If you're able to teach yourself that those who love us do not harm us, and to develop new expectations for yourself of feeling good from how your partner treats you, then you will be showing yourself a road that will benefit you for your entire lifetime.",questionID_308,How can I get over my ex-boyfriend cheating on me?,"It's been almost a year since my ex-boyfriend broke up with me after he cheated on me many times. I had found out about a month before, but I hadn't told him I knew because I didn't want us to break up. I used to have very low self-esteem, and I think it might have to do with my dad being an alcoholic. My father cheated on my mother when I was little. I wonder if this pain has to do with that. My ex-boyfriend and I were only dating for five months, but I still can't get over this betrayal. I'm not sure what to feel to get over it: forgiveness? Hate? He helped me financially after our break up by lending me $3000, so I'm grateful for that. I still hate him for what he did and still want him to like me although we're not even talking anymore. We follow each other on Instagram and that's it. I feel like I still need his validation. This is haunting me day and night. I want to focus on my new relationship and goals, but I keep obsessing over this and keep checking my ex-boyfriend's Instagram and Facebook. I feel so bad and keep having nightmares.",self-esteem,human,2338,0.400993357689757,1
309,5,"After all, children don't have the ability to separate that what their own parents do, is wrong compared with the rest of our culture.",541,675,1,1,1,5,"The dilemmas you present are giving you a great chance to understand your true reasons for being in a relationship.Continue developing some points you've written here.That you grew up sensing and/or witnessing your mom's emotional pain from your dad cheating on her, very likely set a standard in your inner self, to expect similar circumstances in your relationship life.This is a natural dynamic which happens for all of us.  What we observe in our growing up households is what we understand as ""normal"", no matter how bad it actually is.After all, children don't have the ability to separate that what their own parents do, is wrong compared with the rest of our culture.It is natural to long for a relationship.What you have the chance to do now, is distinguish the reasons for your longing.Is it to attach to someone who has hurt you, hasn't shown you any understanding of having hurt you, and whose validation, even if he says validating words, has little meaning because people who validate are not the ones who harm us?If you're able to teach yourself that those who love us do not harm us, and to develop new expectations for yourself of feeling good from how your partner treats you, then you will be showing yourself a road that will benefit you for your entire lifetime.",questionID_308,How can I get over my ex-boyfriend cheating on me?,"It's been almost a year since my ex-boyfriend broke up with me after he cheated on me many times. I had found out about a month before, but I hadn't told him I knew because I didn't want us to break up. I used to have very low self-esteem, and I think it might have to do with my dad being an alcoholic. My father cheated on my mother when I was little. I wonder if this pain has to do with that. My ex-boyfriend and I were only dating for five months, but I still can't get over this betrayal. I'm not sure what to feel to get over it: forgiveness? Hate? He helped me financially after our break up by lending me $3000, so I'm grateful for that. I still hate him for what he did and still want him to like me although we're not even talking anymore. We follow each other on Instagram and that's it. I feel like I still need his validation. This is haunting me day and night. I want to focus on my new relationship and goals, but I keep obsessing over this and keep checking my ex-boyfriend's Instagram and Facebook. I feel so bad and keep having nightmares.",self-esteem,human,2339,0.4308343900937604,1
309,6,It is natural to long for a relationship.,675,716,1,2,2,5,"The dilemmas you present are giving you a great chance to understand your true reasons for being in a relationship.Continue developing some points you've written here.That you grew up sensing and/or witnessing your mom's emotional pain from your dad cheating on her, very likely set a standard in your inner self, to expect similar circumstances in your relationship life.This is a natural dynamic which happens for all of us.  What we observe in our growing up households is what we understand as ""normal"", no matter how bad it actually is.After all, children don't have the ability to separate that what their own parents do, is wrong compared with the rest of our culture.It is natural to long for a relationship.What you have the chance to do now, is distinguish the reasons for your longing.Is it to attach to someone who has hurt you, hasn't shown you any understanding of having hurt you, and whose validation, even if he says validating words, has little meaning because people who validate are not the ones who harm us?If you're able to teach yourself that those who love us do not harm us, and to develop new expectations for yourself of feeling good from how your partner treats you, then you will be showing yourself a road that will benefit you for your entire lifetime.",questionID_308,How can I get over my ex-boyfriend cheating on me?,"It's been almost a year since my ex-boyfriend broke up with me after he cheated on me many times. I had found out about a month before, but I hadn't told him I knew because I didn't want us to break up. I used to have very low self-esteem, and I think it might have to do with my dad being an alcoholic. My father cheated on my mother when I was little. I wonder if this pain has to do with that. My ex-boyfriend and I were only dating for five months, but I still can't get over this betrayal. I'm not sure what to feel to get over it: forgiveness? Hate? He helped me financially after our break up by lending me $3000, so I'm grateful for that. I still hate him for what he did and still want him to like me although we're not even talking anymore. We follow each other on Instagram and that's it. I feel like I still need his validation. This is haunting me day and night. I want to focus on my new relationship and goals, but I keep obsessing over this and keep checking my ex-boyfriend's Instagram and Facebook. I feel so bad and keep having nightmares.",self-esteem,human,2340,0.4408843983294901,1
309,7,"What you have the chance to do now, is distinguish the reasons for your longing.",716,796,1,2,2,5,"The dilemmas you present are giving you a great chance to understand your true reasons for being in a relationship.Continue developing some points you've written here.That you grew up sensing and/or witnessing your mom's emotional pain from your dad cheating on her, very likely set a standard in your inner self, to expect similar circumstances in your relationship life.This is a natural dynamic which happens for all of us.  What we observe in our growing up households is what we understand as ""normal"", no matter how bad it actually is.After all, children don't have the ability to separate that what their own parents do, is wrong compared with the rest of our culture.It is natural to long for a relationship.What you have the chance to do now, is distinguish the reasons for your longing.Is it to attach to someone who has hurt you, hasn't shown you any understanding of having hurt you, and whose validation, even if he says validating words, has little meaning because people who validate are not the ones who harm us?If you're able to teach yourself that those who love us do not harm us, and to develop new expectations for yourself of feeling good from how your partner treats you, then you will be showing yourself a road that will benefit you for your entire lifetime.",questionID_308,How can I get over my ex-boyfriend cheating on me?,"It's been almost a year since my ex-boyfriend broke up with me after he cheated on me many times. I had found out about a month before, but I hadn't told him I knew because I didn't want us to break up. I used to have very low self-esteem, and I think it might have to do with my dad being an alcoholic. My father cheated on my mother when I was little. I wonder if this pain has to do with that. My ex-boyfriend and I were only dating for five months, but I still can't get over this betrayal. I'm not sure what to feel to get over it: forgiveness? Hate? He helped me financially after our break up by lending me $3000, so I'm grateful for that. I still hate him for what he did and still want him to like me although we're not even talking anymore. We follow each other on Instagram and that's it. I feel like I still need his validation. This is haunting me day and night. I want to focus on my new relationship and goals, but I keep obsessing over this and keep checking my ex-boyfriend's Instagram and Facebook. I feel so bad and keep having nightmares.",self-esteem,human,2341,0.47109688525507903,1
309,8,"Is it to attach to someone who has hurt you, hasn't shown you any understanding of having hurt you, and whose validation, even if he says validating words, has little meaning because people who validate are not the ones who harm us?If you're able to teach yourself that those who love us do not harm us, and to develop new expectations for yourself of feeling good from how your partner treats you, then you will be showing yourself a road that will benefit you for your entire lifetime.",796,1283,1,1,1,5,"The dilemmas you present are giving you a great chance to understand your true reasons for being in a relationship.Continue developing some points you've written here.That you grew up sensing and/or witnessing your mom's emotional pain from your dad cheating on her, very likely set a standard in your inner self, to expect similar circumstances in your relationship life.This is a natural dynamic which happens for all of us.  What we observe in our growing up households is what we understand as ""normal"", no matter how bad it actually is.After all, children don't have the ability to separate that what their own parents do, is wrong compared with the rest of our culture.It is natural to long for a relationship.What you have the chance to do now, is distinguish the reasons for your longing.Is it to attach to someone who has hurt you, hasn't shown you any understanding of having hurt you, and whose validation, even if he says validating words, has little meaning because people who validate are not the ones who harm us?If you're able to teach yourself that those who love us do not harm us, and to develop new expectations for yourself of feeling good from how your partner treats you, then you will be showing yourself a road that will benefit you for your entire lifetime.",questionID_308,How can I get over my ex-boyfriend cheating on me?,"It's been almost a year since my ex-boyfriend broke up with me after he cheated on me many times. I had found out about a month before, but I hadn't told him I knew because I didn't want us to break up. I used to have very low self-esteem, and I think it might have to do with my dad being an alcoholic. My father cheated on my mother when I was little. I wonder if this pain has to do with that. My ex-boyfriend and I were only dating for five months, but I still can't get over this betrayal. I'm not sure what to feel to get over it: forgiveness? Hate? He helped me financially after our break up by lending me $3000, so I'm grateful for that. I still hate him for what he did and still want him to like me although we're not even talking anymore. We follow each other on Instagram and that's it. I feel like I still need his validation. This is haunting me day and night. I want to focus on my new relationship and goals, but I keep obsessing over this and keep checking my ex-boyfriend's Instagram and Facebook. I feel so bad and keep having nightmares.",self-esteem,human,2342,0.5157644615745378,1
310,0,"It's completely understandable that you're struggling to let go of your dream wedding, especially when it feels like a once-in-a-lifetime experience that didn't meet your expectations.",0,184,0,0,0,5,"It's completely understandable that you're struggling to let go of your dream wedding, especially when it feels like a once-in-a-lifetime experience that didn't meet your expectations. It's not about being selfish or petty, but rather about acknowledging and processing your unmet emotional needs. It's possible that your feelings of disappointment and jealousy are rooted in a sense of grief for the wedding and proposal you had envisioned, which is a valid emotion. 

To move forward, consider having an open and honest conversation with your husband about your feelings, using ""I"" statements to express your emotions and avoid blaming or resenting him. It may also be helpful to reflect on what specifically you felt was missing from your wedding and proposal, and see if there are ways to recreate or celebrate those aspects in other ways, such as a vow renewal or a special anniversary celebration. 

Additionally, practicing self-compassion and acknowledging that it's okay to have these feelings can help you work through them. Remind yourself that your marriage is not defined by one event, but by the daily choices and commitments you and your husband make to each other. Focus on nurturing your relationship and building positive experiences together, rather than comparing your wedding to others. Lastly, consider seeking the help of a couples therapist who can provide a safe and supportive environment to explore these feelings and work through them together.",questionID_707,How can I let go of my dream wedding?,"I have been with my husband for almost 7 years. We got engaged a little after 5 years of being together. I had always been clear that I wanted to get married and I sadly would drop hints about how i wanted him to propose. When he did propose it was during a random vacation that I had planned. I was happy but I couldn't help feeling disappointed too. I had told him numerous times before that I wanted him to do it in front of my friends and family. I know it sounds dumb to be upset but I couldn't help how I was feeling. We are now married but the wedding and ring were also far from what I wanted and it wasn't due to lack of funds. I know this is all material and the marriage is the most important thing but I cant help but get jealous and envious every time I see someone get a proposal or wedding that I had wanted. I cant help my anger because I know we only get one proposal and one wedding. What I wanted will never happen. I have been working on my feelings for the past year and half to get over it. I try to focus on our marriage but every time I see someone have the best proposals and weddings I get upset. I know it is selfish and I know its petty but I just can't control it. It's ruining our relationship because I constantly think about it. Plus, I get mad at him for small things because I am trying to hide the fact that I am so disappointed. Why can't I move on?",marriage,llama3,2343,0.09077341868067272,0
310,1,"It's not about being selfish or petty, but rather about acknowledging and processing your unmet emotional needs.",185,297,0,0,0,5,"It's completely understandable that you're struggling to let go of your dream wedding, especially when it feels like a once-in-a-lifetime experience that didn't meet your expectations. It's not about being selfish or petty, but rather about acknowledging and processing your unmet emotional needs. It's possible that your feelings of disappointment and jealousy are rooted in a sense of grief for the wedding and proposal you had envisioned, which is a valid emotion. 

To move forward, consider having an open and honest conversation with your husband about your feelings, using ""I"" statements to express your emotions and avoid blaming or resenting him. It may also be helpful to reflect on what specifically you felt was missing from your wedding and proposal, and see if there are ways to recreate or celebrate those aspects in other ways, such as a vow renewal or a special anniversary celebration. 

Additionally, practicing self-compassion and acknowledging that it's okay to have these feelings can help you work through them. Remind yourself that your marriage is not defined by one event, but by the daily choices and commitments you and your husband make to each other. Focus on nurturing your relationship and building positive experiences together, rather than comparing your wedding to others. Lastly, consider seeking the help of a couples therapist who can provide a safe and supportive environment to explore these feelings and work through them together.",questionID_707,How can I let go of my dream wedding?,"I have been with my husband for almost 7 years. We got engaged a little after 5 years of being together. I had always been clear that I wanted to get married and I sadly would drop hints about how i wanted him to propose. When he did propose it was during a random vacation that I had planned. I was happy but I couldn't help feeling disappointed too. I had told him numerous times before that I wanted him to do it in front of my friends and family. I know it sounds dumb to be upset but I couldn't help how I was feeling. We are now married but the wedding and ring were also far from what I wanted and it wasn't due to lack of funds. I know this is all material and the marriage is the most important thing but I cant help but get jealous and envious every time I see someone get a proposal or wedding that I had wanted. I cant help my anger because I know we only get one proposal and one wedding. What I wanted will never happen. I have been working on my feelings for the past year and half to get over it. I try to focus on our marriage but every time I see someone have the best proposals and weddings I get upset. I know it is selfish and I know its petty but I just can't control it. It's ruining our relationship because I constantly think about it. Plus, I get mad at him for small things because I am trying to hide the fact that I am so disappointed. Why can't I move on?",marriage,llama3,2344,0.09355737763727377,0
310,2,"It's possible that your feelings of disappointment and jealousy are rooted in a sense of grief for the wedding and proposal you had envisioned, which is a valid emotion.",298,467,0,0,0,5,"It's completely understandable that you're struggling to let go of your dream wedding, especially when it feels like a once-in-a-lifetime experience that didn't meet your expectations. It's not about being selfish or petty, but rather about acknowledging and processing your unmet emotional needs. It's possible that your feelings of disappointment and jealousy are rooted in a sense of grief for the wedding and proposal you had envisioned, which is a valid emotion. 

To move forward, consider having an open and honest conversation with your husband about your feelings, using ""I"" statements to express your emotions and avoid blaming or resenting him. It may also be helpful to reflect on what specifically you felt was missing from your wedding and proposal, and see if there are ways to recreate or celebrate those aspects in other ways, such as a vow renewal or a special anniversary celebration. 

Additionally, practicing self-compassion and acknowledging that it's okay to have these feelings can help you work through them. Remind yourself that your marriage is not defined by one event, but by the daily choices and commitments you and your husband make to each other. Focus on nurturing your relationship and building positive experiences together, rather than comparing your wedding to others. Lastly, consider seeking the help of a couples therapist who can provide a safe and supportive environment to explore these feelings and work through them together.",questionID_707,How can I let go of my dream wedding?,"I have been with my husband for almost 7 years. We got engaged a little after 5 years of being together. I had always been clear that I wanted to get married and I sadly would drop hints about how i wanted him to propose. When he did propose it was during a random vacation that I had planned. I was happy but I couldn't help feeling disappointed too. I had told him numerous times before that I wanted him to do it in front of my friends and family. I know it sounds dumb to be upset but I couldn't help how I was feeling. We are now married but the wedding and ring were also far from what I wanted and it wasn't due to lack of funds. I know this is all material and the marriage is the most important thing but I cant help but get jealous and envious every time I see someone get a proposal or wedding that I had wanted. I cant help my anger because I know we only get one proposal and one wedding. What I wanted will never happen. I have been working on my feelings for the past year and half to get over it. I try to focus on our marriage but every time I see someone have the best proposals and weddings I get upset. I know it is selfish and I know its petty but I just can't control it. It's ruining our relationship because I constantly think about it. Plus, I get mad at him for small things because I am trying to hide the fact that I am so disappointed. Why can't I move on?",marriage,llama3,2345,0.18305368067014563,1
310,3,"To move forward, consider having an open and honest conversation with your husband about your feelings, using ""I"" statements to express your emotions and avoid blaming or resenting him.",470,655,0,0,0,5,"It's completely understandable that you're struggling to let go of your dream wedding, especially when it feels like a once-in-a-lifetime experience that didn't meet your expectations. It's not about being selfish or petty, but rather about acknowledging and processing your unmet emotional needs. It's possible that your feelings of disappointment and jealousy are rooted in a sense of grief for the wedding and proposal you had envisioned, which is a valid emotion. 

To move forward, consider having an open and honest conversation with your husband about your feelings, using ""I"" statements to express your emotions and avoid blaming or resenting him. It may also be helpful to reflect on what specifically you felt was missing from your wedding and proposal, and see if there are ways to recreate or celebrate those aspects in other ways, such as a vow renewal or a special anniversary celebration. 

Additionally, practicing self-compassion and acknowledging that it's okay to have these feelings can help you work through them. Remind yourself that your marriage is not defined by one event, but by the daily choices and commitments you and your husband make to each other. Focus on nurturing your relationship and building positive experiences together, rather than comparing your wedding to others. Lastly, consider seeking the help of a couples therapist who can provide a safe and supportive environment to explore these feelings and work through them together.",questionID_707,How can I let go of my dream wedding?,"I have been with my husband for almost 7 years. We got engaged a little after 5 years of being together. I had always been clear that I wanted to get married and I sadly would drop hints about how i wanted him to propose. When he did propose it was during a random vacation that I had planned. I was happy but I couldn't help feeling disappointed too. I had told him numerous times before that I wanted him to do it in front of my friends and family. I know it sounds dumb to be upset but I couldn't help how I was feeling. We are now married but the wedding and ring were also far from what I wanted and it wasn't due to lack of funds. I know this is all material and the marriage is the most important thing but I cant help but get jealous and envious every time I see someone get a proposal or wedding that I had wanted. I cant help my anger because I know we only get one proposal and one wedding. What I wanted will never happen. I have been working on my feelings for the past year and half to get over it. I try to focus on our marriage but every time I see someone have the best proposals and weddings I get upset. I know it is selfish and I know its petty but I just can't control it. It's ruining our relationship because I constantly think about it. Plus, I get mad at him for small things because I am trying to hide the fact that I am so disappointed. Why can't I move on?",marriage,llama3,2346,0.12349838383690988,0
310,4,"It may also be helpful to reflect on what specifically you felt was missing from your wedding and proposal, and see if there are ways to recreate or celebrate those aspects in other ways, such as a vow renewal or a special anniversary celebration.",656,903,0,0,0,5,"It's completely understandable that you're struggling to let go of your dream wedding, especially when it feels like a once-in-a-lifetime experience that didn't meet your expectations. It's not about being selfish or petty, but rather about acknowledging and processing your unmet emotional needs. It's possible that your feelings of disappointment and jealousy are rooted in a sense of grief for the wedding and proposal you had envisioned, which is a valid emotion. 

To move forward, consider having an open and honest conversation with your husband about your feelings, using ""I"" statements to express your emotions and avoid blaming or resenting him. It may also be helpful to reflect on what specifically you felt was missing from your wedding and proposal, and see if there are ways to recreate or celebrate those aspects in other ways, such as a vow renewal or a special anniversary celebration. 

Additionally, practicing self-compassion and acknowledging that it's okay to have these feelings can help you work through them. Remind yourself that your marriage is not defined by one event, but by the daily choices and commitments you and your husband make to each other. Focus on nurturing your relationship and building positive experiences together, rather than comparing your wedding to others. Lastly, consider seeking the help of a couples therapist who can provide a safe and supportive environment to explore these feelings and work through them together.",questionID_707,How can I let go of my dream wedding?,"I have been with my husband for almost 7 years. We got engaged a little after 5 years of being together. I had always been clear that I wanted to get married and I sadly would drop hints about how i wanted him to propose. When he did propose it was during a random vacation that I had planned. I was happy but I couldn't help feeling disappointed too. I had told him numerous times before that I wanted him to do it in front of my friends and family. I know it sounds dumb to be upset but I couldn't help how I was feeling. We are now married but the wedding and ring were also far from what I wanted and it wasn't due to lack of funds. I know this is all material and the marriage is the most important thing but I cant help but get jealous and envious every time I see someone get a proposal or wedding that I had wanted. I cant help my anger because I know we only get one proposal and one wedding. What I wanted will never happen. I have been working on my feelings for the past year and half to get over it. I try to focus on our marriage but every time I see someone have the best proposals and weddings I get upset. I know it is selfish and I know its petty but I just can't control it. It's ruining our relationship because I constantly think about it. Plus, I get mad at him for small things because I am trying to hide the fact that I am so disappointed. Why can't I move on?",marriage,llama3,2347,0.18413651351455,1
310,5,"Additionally, practicing self-compassion and acknowledging that it's okay to have these feelings can help you work through them.",906,1034,0,0,0,5,"It's completely understandable that you're struggling to let go of your dream wedding, especially when it feels like a once-in-a-lifetime experience that didn't meet your expectations. It's not about being selfish or petty, but rather about acknowledging and processing your unmet emotional needs. It's possible that your feelings of disappointment and jealousy are rooted in a sense of grief for the wedding and proposal you had envisioned, which is a valid emotion. 

To move forward, consider having an open and honest conversation with your husband about your feelings, using ""I"" statements to express your emotions and avoid blaming or resenting him. It may also be helpful to reflect on what specifically you felt was missing from your wedding and proposal, and see if there are ways to recreate or celebrate those aspects in other ways, such as a vow renewal or a special anniversary celebration. 

Additionally, practicing self-compassion and acknowledging that it's okay to have these feelings can help you work through them. Remind yourself that your marriage is not defined by one event, but by the daily choices and commitments you and your husband make to each other. Focus on nurturing your relationship and building positive experiences together, rather than comparing your wedding to others. Lastly, consider seeking the help of a couples therapist who can provide a safe and supportive environment to explore these feelings and work through them together.",questionID_707,How can I let go of my dream wedding?,"I have been with my husband for almost 7 years. We got engaged a little after 5 years of being together. I had always been clear that I wanted to get married and I sadly would drop hints about how i wanted him to propose. When he did propose it was during a random vacation that I had planned. I was happy but I couldn't help feeling disappointed too. I had told him numerous times before that I wanted him to do it in front of my friends and family. I know it sounds dumb to be upset but I couldn't help how I was feeling. We are now married but the wedding and ring were also far from what I wanted and it wasn't due to lack of funds. I know this is all material and the marriage is the most important thing but I cant help but get jealous and envious every time I see someone get a proposal or wedding that I had wanted. I cant help my anger because I know we only get one proposal and one wedding. What I wanted will never happen. I have been working on my feelings for the past year and half to get over it. I try to focus on our marriage but every time I see someone have the best proposals and weddings I get upset. I know it is selfish and I know its petty but I just can't control it. It's ruining our relationship because I constantly think about it. Plus, I get mad at him for small things because I am trying to hide the fact that I am so disappointed. Why can't I move on?",marriage,llama3,2348,0.08007465020681014,0
310,6,"Remind yourself that your marriage is not defined by one event, but by the daily choices and commitments you and your husband make to each other.",1035,1180,0,0,0,5,"It's completely understandable that you're struggling to let go of your dream wedding, especially when it feels like a once-in-a-lifetime experience that didn't meet your expectations. It's not about being selfish or petty, but rather about acknowledging and processing your unmet emotional needs. It's possible that your feelings of disappointment and jealousy are rooted in a sense of grief for the wedding and proposal you had envisioned, which is a valid emotion. 

To move forward, consider having an open and honest conversation with your husband about your feelings, using ""I"" statements to express your emotions and avoid blaming or resenting him. It may also be helpful to reflect on what specifically you felt was missing from your wedding and proposal, and see if there are ways to recreate or celebrate those aspects in other ways, such as a vow renewal or a special anniversary celebration. 

Additionally, practicing self-compassion and acknowledging that it's okay to have these feelings can help you work through them. Remind yourself that your marriage is not defined by one event, but by the daily choices and commitments you and your husband make to each other. Focus on nurturing your relationship and building positive experiences together, rather than comparing your wedding to others. Lastly, consider seeking the help of a couples therapist who can provide a safe and supportive environment to explore these feelings and work through them together.",questionID_707,How can I let go of my dream wedding?,"I have been with my husband for almost 7 years. We got engaged a little after 5 years of being together. I had always been clear that I wanted to get married and I sadly would drop hints about how i wanted him to propose. When he did propose it was during a random vacation that I had planned. I was happy but I couldn't help feeling disappointed too. I had told him numerous times before that I wanted him to do it in front of my friends and family. I know it sounds dumb to be upset but I couldn't help how I was feeling. We are now married but the wedding and ring were also far from what I wanted and it wasn't due to lack of funds. I know this is all material and the marriage is the most important thing but I cant help but get jealous and envious every time I see someone get a proposal or wedding that I had wanted. I cant help my anger because I know we only get one proposal and one wedding. What I wanted will never happen. I have been working on my feelings for the past year and half to get over it. I try to focus on our marriage but every time I see someone have the best proposals and weddings I get upset. I know it is selfish and I know its petty but I just can't control it. It's ruining our relationship because I constantly think about it. Plus, I get mad at him for small things because I am trying to hide the fact that I am so disappointed. Why can't I move on?",marriage,llama3,2349,0.22230052480676968,1
310,7,"Focus on nurturing your relationship and building positive experiences together, rather than comparing your wedding to others.",1181,1307,0,0,0,5,"It's completely understandable that you're struggling to let go of your dream wedding, especially when it feels like a once-in-a-lifetime experience that didn't meet your expectations. It's not about being selfish or petty, but rather about acknowledging and processing your unmet emotional needs. It's possible that your feelings of disappointment and jealousy are rooted in a sense of grief for the wedding and proposal you had envisioned, which is a valid emotion. 

To move forward, consider having an open and honest conversation with your husband about your feelings, using ""I"" statements to express your emotions and avoid blaming or resenting him. It may also be helpful to reflect on what specifically you felt was missing from your wedding and proposal, and see if there are ways to recreate or celebrate those aspects in other ways, such as a vow renewal or a special anniversary celebration. 

Additionally, practicing self-compassion and acknowledging that it's okay to have these feelings can help you work through them. Remind yourself that your marriage is not defined by one event, but by the daily choices and commitments you and your husband make to each other. Focus on nurturing your relationship and building positive experiences together, rather than comparing your wedding to others. Lastly, consider seeking the help of a couples therapist who can provide a safe and supportive environment to explore these feelings and work through them together.",questionID_707,How can I let go of my dream wedding?,"I have been with my husband for almost 7 years. We got engaged a little after 5 years of being together. I had always been clear that I wanted to get married and I sadly would drop hints about how i wanted him to propose. When he did propose it was during a random vacation that I had planned. I was happy but I couldn't help feeling disappointed too. I had told him numerous times before that I wanted him to do it in front of my friends and family. I know it sounds dumb to be upset but I couldn't help how I was feeling. We are now married but the wedding and ring were also far from what I wanted and it wasn't due to lack of funds. I know this is all material and the marriage is the most important thing but I cant help but get jealous and envious every time I see someone get a proposal or wedding that I had wanted. I cant help my anger because I know we only get one proposal and one wedding. What I wanted will never happen. I have been working on my feelings for the past year and half to get over it. I try to focus on our marriage but every time I see someone have the best proposals and weddings I get upset. I know it is selfish and I know its petty but I just can't control it. It's ruining our relationship because I constantly think about it. Plus, I get mad at him for small things because I am trying to hide the fact that I am so disappointed. Why can't I move on?",marriage,llama3,2350,0.30592379800574293,1
310,8,"Lastly, consider seeking the help of a couples therapist who can provide a safe and supportive environment to explore these feelings and work through them together.",1308,1472,0,0,0,5,"It's completely understandable that you're struggling to let go of your dream wedding, especially when it feels like a once-in-a-lifetime experience that didn't meet your expectations. It's not about being selfish or petty, but rather about acknowledging and processing your unmet emotional needs. It's possible that your feelings of disappointment and jealousy are rooted in a sense of grief for the wedding and proposal you had envisioned, which is a valid emotion. 

To move forward, consider having an open and honest conversation with your husband about your feelings, using ""I"" statements to express your emotions and avoid blaming or resenting him. It may also be helpful to reflect on what specifically you felt was missing from your wedding and proposal, and see if there are ways to recreate or celebrate those aspects in other ways, such as a vow renewal or a special anniversary celebration. 

Additionally, practicing self-compassion and acknowledging that it's okay to have these feelings can help you work through them. Remind yourself that your marriage is not defined by one event, but by the daily choices and commitments you and your husband make to each other. Focus on nurturing your relationship and building positive experiences together, rather than comparing your wedding to others. Lastly, consider seeking the help of a couples therapist who can provide a safe and supportive environment to explore these feelings and work through them together.",questionID_707,How can I let go of my dream wedding?,"I have been with my husband for almost 7 years. We got engaged a little after 5 years of being together. I had always been clear that I wanted to get married and I sadly would drop hints about how i wanted him to propose. When he did propose it was during a random vacation that I had planned. I was happy but I couldn't help feeling disappointed too. I had told him numerous times before that I wanted him to do it in front of my friends and family. I know it sounds dumb to be upset but I couldn't help how I was feeling. We are now married but the wedding and ring were also far from what I wanted and it wasn't due to lack of funds. I know this is all material and the marriage is the most important thing but I cant help but get jealous and envious every time I see someone get a proposal or wedding that I had wanted. I cant help my anger because I know we only get one proposal and one wedding. What I wanted will never happen. I have been working on my feelings for the past year and half to get over it. I try to focus on our marriage but every time I see someone have the best proposals and weddings I get upset. I know it is selfish and I know its petty but I just can't control it. It's ruining our relationship because I constantly think about it. Plus, I get mad at him for small things because I am trying to hide the fact that I am so disappointed. Why can't I move on?",marriage,llama3,2351,0.06918494381001607,0
317,0,I can sense the depth of pain and desperation in your situation.,0,64,0,0,0,5,"I can sense the depth of pain and desperation in your situation. It's understandable that the anniversary of your firstborn's passing still evokes strong emotions in your wife, and it's possible that her feelings of grief and unresolved pain have been simmering beneath the surface. The attention from another person may have provided a temporary escape or distraction from her emotional turmoil. 

Rather than focusing solely on forgiving the cheating, I encourage you to consider the underlying issues that have been affecting your relationship. It's essential to acknowledge that your wife's behavior is likely a symptom of her unresolved grief and emotional pain. 

When your wife returns, I recommend seeking couples therapy to address the underlying issues and work through your grief together. A professional can help you both develop healthy coping mechanisms and improve communication to navigate these challenging emotions. It's also crucial to prioritize self-care and individual therapy for your wife to process her grief and work towards healing.

Remember that forgiveness is a process, and it may take time. However, it's equally important to prioritize your own emotional well-being and consider whether this relationship is sustainable for you in the long term. Take care of yourself during this difficult time, and try to approach the situation with empathy and understanding.",questionID_610,I think my wife is running from the pain of losing our first born,"My wife is trying to leave. She agreed to come back and give me a little time. Even said she hopes I can do it. We buried our first born in Jan 13 years ago. She never got past it. So every year around this time, she gets emotional and says she doesn't think she loves me, but then we go back to normal. This time, another guy came in and showed her attention. I'll forgive the cheating if she'll come home.",grief-and-loss,llama3,2399,0.20662606894445223,1
317,1,"It's understandable that the anniversary of your firstborn's passing still evokes strong emotions in your wife, and it's possible that her feelings of grief and unresolved pain have been simmering beneath the surface.",65,282,0,0,0,5,"I can sense the depth of pain and desperation in your situation. It's understandable that the anniversary of your firstborn's passing still evokes strong emotions in your wife, and it's possible that her feelings of grief and unresolved pain have been simmering beneath the surface. The attention from another person may have provided a temporary escape or distraction from her emotional turmoil. 

Rather than focusing solely on forgiving the cheating, I encourage you to consider the underlying issues that have been affecting your relationship. It's essential to acknowledge that your wife's behavior is likely a symptom of her unresolved grief and emotional pain. 

When your wife returns, I recommend seeking couples therapy to address the underlying issues and work through your grief together. A professional can help you both develop healthy coping mechanisms and improve communication to navigate these challenging emotions. It's also crucial to prioritize self-care and individual therapy for your wife to process her grief and work towards healing.

Remember that forgiveness is a process, and it may take time. However, it's equally important to prioritize your own emotional well-being and consider whether this relationship is sustainable for you in the long term. Take care of yourself during this difficult time, and try to approach the situation with empathy and understanding.",questionID_610,I think my wife is running from the pain of losing our first born,"My wife is trying to leave. She agreed to come back and give me a little time. Even said she hopes I can do it. We buried our first born in Jan 13 years ago. She never got past it. So every year around this time, she gets emotional and says she doesn't think she loves me, but then we go back to normal. This time, another guy came in and showed her attention. I'll forgive the cheating if she'll come home.",grief-and-loss,llama3,2400,0.13287928572738136,0
317,2,The attention from another person may have provided a temporary escape or distraction from her emotional turmoil.,283,396,1,1,1,5,"I can sense the depth of pain and desperation in your situation. It's understandable that the anniversary of your firstborn's passing still evokes strong emotions in your wife, and it's possible that her feelings of grief and unresolved pain have been simmering beneath the surface. The attention from another person may have provided a temporary escape or distraction from her emotional turmoil. 

Rather than focusing solely on forgiving the cheating, I encourage you to consider the underlying issues that have been affecting your relationship. It's essential to acknowledge that your wife's behavior is likely a symptom of her unresolved grief and emotional pain. 

When your wife returns, I recommend seeking couples therapy to address the underlying issues and work through your grief together. A professional can help you both develop healthy coping mechanisms and improve communication to navigate these challenging emotions. It's also crucial to prioritize self-care and individual therapy for your wife to process her grief and work towards healing.

Remember that forgiveness is a process, and it may take time. However, it's equally important to prioritize your own emotional well-being and consider whether this relationship is sustainable for you in the long term. Take care of yourself during this difficult time, and try to approach the situation with empathy and understanding.",questionID_610,I think my wife is running from the pain of losing our first born,"My wife is trying to leave. She agreed to come back and give me a little time. Even said she hopes I can do it. We buried our first born in Jan 13 years ago. She never got past it. So every year around this time, she gets emotional and says she doesn't think she loves me, but then we go back to normal. This time, another guy came in and showed her attention. I'll forgive the cheating if she'll come home.",grief-and-loss,llama3,2401,0.29540723701019383,1
317,3,"Rather than focusing solely on forgiving the cheating, I encourage you to consider the underlying issues that have been affecting your relationship.",399,547,0,0,0,5,"I can sense the depth of pain and desperation in your situation. It's understandable that the anniversary of your firstborn's passing still evokes strong emotions in your wife, and it's possible that her feelings of grief and unresolved pain have been simmering beneath the surface. The attention from another person may have provided a temporary escape or distraction from her emotional turmoil. 

Rather than focusing solely on forgiving the cheating, I encourage you to consider the underlying issues that have been affecting your relationship. It's essential to acknowledge that your wife's behavior is likely a symptom of her unresolved grief and emotional pain. 

When your wife returns, I recommend seeking couples therapy to address the underlying issues and work through your grief together. A professional can help you both develop healthy coping mechanisms and improve communication to navigate these challenging emotions. It's also crucial to prioritize self-care and individual therapy for your wife to process her grief and work towards healing.

Remember that forgiveness is a process, and it may take time. However, it's equally important to prioritize your own emotional well-being and consider whether this relationship is sustainable for you in the long term. Take care of yourself during this difficult time, and try to approach the situation with empathy and understanding.",questionID_610,I think my wife is running from the pain of losing our first born,"My wife is trying to leave. She agreed to come back and give me a little time. Even said she hopes I can do it. We buried our first born in Jan 13 years ago. She never got past it. So every year around this time, she gets emotional and says she doesn't think she loves me, but then we go back to normal. This time, another guy came in and showed her attention. I'll forgive the cheating if she'll come home.",grief-and-loss,llama3,2402,0.2564156651576794,1
317,4,It's essential to acknowledge that your wife's behavior is likely a symptom of her unresolved grief and emotional pain.,548,667,0,0,0,5,"I can sense the depth of pain and desperation in your situation. It's understandable that the anniversary of your firstborn's passing still evokes strong emotions in your wife, and it's possible that her feelings of grief and unresolved pain have been simmering beneath the surface. The attention from another person may have provided a temporary escape or distraction from her emotional turmoil. 

Rather than focusing solely on forgiving the cheating, I encourage you to consider the underlying issues that have been affecting your relationship. It's essential to acknowledge that your wife's behavior is likely a symptom of her unresolved grief and emotional pain. 

When your wife returns, I recommend seeking couples therapy to address the underlying issues and work through your grief together. A professional can help you both develop healthy coping mechanisms and improve communication to navigate these challenging emotions. It's also crucial to prioritize self-care and individual therapy for your wife to process her grief and work towards healing.

Remember that forgiveness is a process, and it may take time. However, it's equally important to prioritize your own emotional well-being and consider whether this relationship is sustainable for you in the long term. Take care of yourself during this difficult time, and try to approach the situation with empathy and understanding.",questionID_610,I think my wife is running from the pain of losing our first born,"My wife is trying to leave. She agreed to come back and give me a little time. Even said she hopes I can do it. We buried our first born in Jan 13 years ago. She never got past it. So every year around this time, she gets emotional and says she doesn't think she loves me, but then we go back to normal. This time, another guy came in and showed her attention. I'll forgive the cheating if she'll come home.",grief-and-loss,llama3,2403,0.1948040320257801,1
317,5,"When your wife returns, I recommend seeking couples therapy to address the underlying issues and work through your grief together.",670,800,0,0,0,5,"I can sense the depth of pain and desperation in your situation. It's understandable that the anniversary of your firstborn's passing still evokes strong emotions in your wife, and it's possible that her feelings of grief and unresolved pain have been simmering beneath the surface. The attention from another person may have provided a temporary escape or distraction from her emotional turmoil. 

Rather than focusing solely on forgiving the cheating, I encourage you to consider the underlying issues that have been affecting your relationship. It's essential to acknowledge that your wife's behavior is likely a symptom of her unresolved grief and emotional pain. 

When your wife returns, I recommend seeking couples therapy to address the underlying issues and work through your grief together. A professional can help you both develop healthy coping mechanisms and improve communication to navigate these challenging emotions. It's also crucial to prioritize self-care and individual therapy for your wife to process her grief and work towards healing.

Remember that forgiveness is a process, and it may take time. However, it's equally important to prioritize your own emotional well-being and consider whether this relationship is sustainable for you in the long term. Take care of yourself during this difficult time, and try to approach the situation with empathy and understanding.",questionID_610,I think my wife is running from the pain of losing our first born,"My wife is trying to leave. She agreed to come back and give me a little time. Even said she hopes I can do it. We buried our first born in Jan 13 years ago. She never got past it. So every year around this time, she gets emotional and says she doesn't think she loves me, but then we go back to normal. This time, another guy came in and showed her attention. I'll forgive the cheating if she'll come home.",grief-and-loss,llama3,2404,0.11543986483956846,0
317,6,A professional can help you both develop healthy coping mechanisms and improve communication to navigate these challenging emotions.,801,933,0,0,0,5,"I can sense the depth of pain and desperation in your situation. It's understandable that the anniversary of your firstborn's passing still evokes strong emotions in your wife, and it's possible that her feelings of grief and unresolved pain have been simmering beneath the surface. The attention from another person may have provided a temporary escape or distraction from her emotional turmoil. 

Rather than focusing solely on forgiving the cheating, I encourage you to consider the underlying issues that have been affecting your relationship. It's essential to acknowledge that your wife's behavior is likely a symptom of her unresolved grief and emotional pain. 

When your wife returns, I recommend seeking couples therapy to address the underlying issues and work through your grief together. A professional can help you both develop healthy coping mechanisms and improve communication to navigate these challenging emotions. It's also crucial to prioritize self-care and individual therapy for your wife to process her grief and work towards healing.

Remember that forgiveness is a process, and it may take time. However, it's equally important to prioritize your own emotional well-being and consider whether this relationship is sustainable for you in the long term. Take care of yourself during this difficult time, and try to approach the situation with empathy and understanding.",questionID_610,I think my wife is running from the pain of losing our first born,"My wife is trying to leave. She agreed to come back and give me a little time. Even said she hopes I can do it. We buried our first born in Jan 13 years ago. She never got past it. So every year around this time, she gets emotional and says she doesn't think she loves me, but then we go back to normal. This time, another guy came in and showed her attention. I'll forgive the cheating if she'll come home.",grief-and-loss,llama3,2405,0.04618489743343417,0
317,7,It's also crucial to prioritize self-care and individual therapy for your wife to process her grief and work towards healing.,934,1059,0,0,0,5,"I can sense the depth of pain and desperation in your situation. It's understandable that the anniversary of your firstborn's passing still evokes strong emotions in your wife, and it's possible that her feelings of grief and unresolved pain have been simmering beneath the surface. The attention from another person may have provided a temporary escape or distraction from her emotional turmoil. 

Rather than focusing solely on forgiving the cheating, I encourage you to consider the underlying issues that have been affecting your relationship. It's essential to acknowledge that your wife's behavior is likely a symptom of her unresolved grief and emotional pain. 

When your wife returns, I recommend seeking couples therapy to address the underlying issues and work through your grief together. A professional can help you both develop healthy coping mechanisms and improve communication to navigate these challenging emotions. It's also crucial to prioritize self-care and individual therapy for your wife to process her grief and work towards healing.

Remember that forgiveness is a process, and it may take time. However, it's equally important to prioritize your own emotional well-being and consider whether this relationship is sustainable for you in the long term. Take care of yourself during this difficult time, and try to approach the situation with empathy and understanding.",questionID_610,I think my wife is running from the pain of losing our first born,"My wife is trying to leave. She agreed to come back and give me a little time. Even said she hopes I can do it. We buried our first born in Jan 13 years ago. She never got past it. So every year around this time, she gets emotional and says she doesn't think she loves me, but then we go back to normal. This time, another guy came in and showed her attention. I'll forgive the cheating if she'll come home.",grief-and-loss,llama3,2406,0.03919871224476777,0
317,8,"Remember that forgiveness is a process, and it may take time.",1061,1122,0,0,0,5,"I can sense the depth of pain and desperation in your situation. It's understandable that the anniversary of your firstborn's passing still evokes strong emotions in your wife, and it's possible that her feelings of grief and unresolved pain have been simmering beneath the surface. The attention from another person may have provided a temporary escape or distraction from her emotional turmoil. 

Rather than focusing solely on forgiving the cheating, I encourage you to consider the underlying issues that have been affecting your relationship. It's essential to acknowledge that your wife's behavior is likely a symptom of her unresolved grief and emotional pain. 

When your wife returns, I recommend seeking couples therapy to address the underlying issues and work through your grief together. A professional can help you both develop healthy coping mechanisms and improve communication to navigate these challenging emotions. It's also crucial to prioritize self-care and individual therapy for your wife to process her grief and work towards healing.

Remember that forgiveness is a process, and it may take time. However, it's equally important to prioritize your own emotional well-being and consider whether this relationship is sustainable for you in the long term. Take care of yourself during this difficult time, and try to approach the situation with empathy and understanding.",questionID_610,I think my wife is running from the pain of losing our first born,"My wife is trying to leave. She agreed to come back and give me a little time. Even said she hopes I can do it. We buried our first born in Jan 13 years ago. She never got past it. So every year around this time, she gets emotional and says she doesn't think she loves me, but then we go back to normal. This time, another guy came in and showed her attention. I'll forgive the cheating if she'll come home.",grief-and-loss,llama3,2407,0.1046678859916191,0
317,9,"However, it's equally important to prioritize your own emotional well-being and consider whether this relationship is sustainable for you in the long term.",1123,1278,0,0,0,5,"I can sense the depth of pain and desperation in your situation. It's understandable that the anniversary of your firstborn's passing still evokes strong emotions in your wife, and it's possible that her feelings of grief and unresolved pain have been simmering beneath the surface. The attention from another person may have provided a temporary escape or distraction from her emotional turmoil. 

Rather than focusing solely on forgiving the cheating, I encourage you to consider the underlying issues that have been affecting your relationship. It's essential to acknowledge that your wife's behavior is likely a symptom of her unresolved grief and emotional pain. 

When your wife returns, I recommend seeking couples therapy to address the underlying issues and work through your grief together. A professional can help you both develop healthy coping mechanisms and improve communication to navigate these challenging emotions. It's also crucial to prioritize self-care and individual therapy for your wife to process her grief and work towards healing.

Remember that forgiveness is a process, and it may take time. However, it's equally important to prioritize your own emotional well-being and consider whether this relationship is sustainable for you in the long term. Take care of yourself during this difficult time, and try to approach the situation with empathy and understanding.",questionID_610,I think my wife is running from the pain of losing our first born,"My wife is trying to leave. She agreed to come back and give me a little time. Even said she hopes I can do it. We buried our first born in Jan 13 years ago. She never got past it. So every year around this time, she gets emotional and says she doesn't think she loves me, but then we go back to normal. This time, another guy came in and showed her attention. I'll forgive the cheating if she'll come home.",grief-and-loss,llama3,2408,0.27277535760678023,1
317,10,"Take care of yourself during this difficult time, and try to approach the situation with empathy and understanding.",1279,1394,0,0,0,5,"I can sense the depth of pain and desperation in your situation. It's understandable that the anniversary of your firstborn's passing still evokes strong emotions in your wife, and it's possible that her feelings of grief and unresolved pain have been simmering beneath the surface. The attention from another person may have provided a temporary escape or distraction from her emotional turmoil. 

Rather than focusing solely on forgiving the cheating, I encourage you to consider the underlying issues that have been affecting your relationship. It's essential to acknowledge that your wife's behavior is likely a symptom of her unresolved grief and emotional pain. 

When your wife returns, I recommend seeking couples therapy to address the underlying issues and work through your grief together. A professional can help you both develop healthy coping mechanisms and improve communication to navigate these challenging emotions. It's also crucial to prioritize self-care and individual therapy for your wife to process her grief and work towards healing.

Remember that forgiveness is a process, and it may take time. However, it's equally important to prioritize your own emotional well-being and consider whether this relationship is sustainable for you in the long term. Take care of yourself during this difficult time, and try to approach the situation with empathy and understanding.",questionID_610,I think my wife is running from the pain of losing our first born,"My wife is trying to leave. She agreed to come back and give me a little time. Even said she hopes I can do it. We buried our first born in Jan 13 years ago. She never got past it. So every year around this time, she gets emotional and says she doesn't think she loves me, but then we go back to normal. This time, another guy came in and showed her attention. I'll forgive the cheating if she'll come home.",grief-and-loss,llama3,2409,0.10434992037118762,0
322,0,"A good counselor needs strong active listening, empathy, communication, and questioning skills to build rapport and understand client needs.",0,140,0,0,0,5,"A good counselor needs strong active listening, empathy, communication, and questioning skills to build rapport and understand client needs. They also require ethical conduct, sound judgment, problem-solving abilities, and a commitment to ongoing professional development to provide effective and responsible support.",questionID_938,What are the skills needed by a counselor?,What are the basic skills a good counselor needs to have?,counseling-fundamentals,gemini,2474,0.16109654898570835,1
322,1,"They also require ethical conduct, sound judgment, problem-solving abilities, and a commitment to ongoing professional development to provide effective and responsible support.",141,317,0,0,0,5,"A good counselor needs strong active listening, empathy, communication, and questioning skills to build rapport and understand client needs. They also require ethical conduct, sound judgment, problem-solving abilities, and a commitment to ongoing professional development to provide effective and responsible support.",questionID_938,What are the skills needed by a counselor?,What are the basic skills a good counselor needs to have?,counseling-fundamentals,gemini,2475,0.10336506983275229,0
332,0,I'm really sorry to hear that you're going through this.,0,56,0,0,0,5,"I'm really sorry to hear that you're going through this. It's a very difficult situation and it's understandable that you're feeling upset and unsettled. It's important to remember that healing and rebuilding trust takes time and patience. If you both are committed to mending your relationship, consider seeking help from a professional counselor or therapist who specializes in relationship issues. They can guide you through open and honest communication, understanding each other's feelings, and establishing boundaries and trust. You might also consider individual therapy to help navigate your own feelings of betrayal and insecurity. It's crucial to take care of your own mental and emotional health during this challenging time. While it's certainly possible to rebuild a relationship after infidelity, it's a decision that both partners must fully commit to. Remember, it's perfectly okay to have doubts and to take the time you need to decide what's best for you.",questionID_732,My fiancé cheated. How can we mend our relationship?,"I'm in a relationship with my fiancé and I currently found out that she's been cheating on me with a co-worker. I was very upset none the less. I understand what she did was wrong, but I want to spend the rest of my life with her. So I'm willing to forgive and move on. We have been together for a little over 9 years, and we have a son. At the beginning of our relationship, I was unfaithful and she caught me cheating. She forgave me for what I've done to her and since then I been completely faithful. I'm worried about our relationship and want to move forward but its been very unsettling. All I can think about is her with another man. I don't know what to do or where to go for advice?",relationships,gpt4,2543,0.07904882512752963,0
332,1,It's a very difficult situation and it's understandable that you're feeling upset and unsettled.,57,153,0,0,0,5,"I'm really sorry to hear that you're going through this. It's a very difficult situation and it's understandable that you're feeling upset and unsettled. It's important to remember that healing and rebuilding trust takes time and patience. If you both are committed to mending your relationship, consider seeking help from a professional counselor or therapist who specializes in relationship issues. They can guide you through open and honest communication, understanding each other's feelings, and establishing boundaries and trust. You might also consider individual therapy to help navigate your own feelings of betrayal and insecurity. It's crucial to take care of your own mental and emotional health during this challenging time. While it's certainly possible to rebuild a relationship after infidelity, it's a decision that both partners must fully commit to. Remember, it's perfectly okay to have doubts and to take the time you need to decide what's best for you.",questionID_732,My fiancé cheated. How can we mend our relationship?,"I'm in a relationship with my fiancé and I currently found out that she's been cheating on me with a co-worker. I was very upset none the less. I understand what she did was wrong, but I want to spend the rest of my life with her. So I'm willing to forgive and move on. We have been together for a little over 9 years, and we have a son. At the beginning of our relationship, I was unfaithful and she caught me cheating. She forgave me for what I've done to her and since then I been completely faithful. I'm worried about our relationship and want to move forward but its been very unsettling. All I can think about is her with another man. I don't know what to do or where to go for advice?",relationships,gpt4,2544,0.10081156884555476,0
332,2,It's important to remember that healing and rebuilding trust takes time and patience.,154,239,0,0,0,5,"I'm really sorry to hear that you're going through this. It's a very difficult situation and it's understandable that you're feeling upset and unsettled. It's important to remember that healing and rebuilding trust takes time and patience. If you both are committed to mending your relationship, consider seeking help from a professional counselor or therapist who specializes in relationship issues. They can guide you through open and honest communication, understanding each other's feelings, and establishing boundaries and trust. You might also consider individual therapy to help navigate your own feelings of betrayal and insecurity. It's crucial to take care of your own mental and emotional health during this challenging time. While it's certainly possible to rebuild a relationship after infidelity, it's a decision that both partners must fully commit to. Remember, it's perfectly okay to have doubts and to take the time you need to decide what's best for you.",questionID_732,My fiancé cheated. How can we mend our relationship?,"I'm in a relationship with my fiancé and I currently found out that she's been cheating on me with a co-worker. I was very upset none the less. I understand what she did was wrong, but I want to spend the rest of my life with her. So I'm willing to forgive and move on. We have been together for a little over 9 years, and we have a son. At the beginning of our relationship, I was unfaithful and she caught me cheating. She forgave me for what I've done to her and since then I been completely faithful. I'm worried about our relationship and want to move forward but its been very unsettling. All I can think about is her with another man. I don't know what to do or where to go for advice?",relationships,gpt4,2545,0.13238940154294584,0
332,3,"If you both are committed to mending your relationship, consider seeking help from a professional counselor or therapist who specializes in relationship issues.",240,400,0,0,0,5,"I'm really sorry to hear that you're going through this. It's a very difficult situation and it's understandable that you're feeling upset and unsettled. It's important to remember that healing and rebuilding trust takes time and patience. If you both are committed to mending your relationship, consider seeking help from a professional counselor or therapist who specializes in relationship issues. They can guide you through open and honest communication, understanding each other's feelings, and establishing boundaries and trust. You might also consider individual therapy to help navigate your own feelings of betrayal and insecurity. It's crucial to take care of your own mental and emotional health during this challenging time. While it's certainly possible to rebuild a relationship after infidelity, it's a decision that both partners must fully commit to. Remember, it's perfectly okay to have doubts and to take the time you need to decide what's best for you.",questionID_732,My fiancé cheated. How can we mend our relationship?,"I'm in a relationship with my fiancé and I currently found out that she's been cheating on me with a co-worker. I was very upset none the less. I understand what she did was wrong, but I want to spend the rest of my life with her. So I'm willing to forgive and move on. We have been together for a little over 9 years, and we have a son. At the beginning of our relationship, I was unfaithful and she caught me cheating. She forgave me for what I've done to her and since then I been completely faithful. I'm worried about our relationship and want to move forward but its been very unsettling. All I can think about is her with another man. I don't know what to do or where to go for advice?",relationships,gpt4,2546,0.1431172940871931,0
332,4,"They can guide you through open and honest communication, understanding each other's feelings, and establishing boundaries and trust.",401,534,0,0,0,5,"I'm really sorry to hear that you're going through this. It's a very difficult situation and it's understandable that you're feeling upset and unsettled. It's important to remember that healing and rebuilding trust takes time and patience. If you both are committed to mending your relationship, consider seeking help from a professional counselor or therapist who specializes in relationship issues. They can guide you through open and honest communication, understanding each other's feelings, and establishing boundaries and trust. You might also consider individual therapy to help navigate your own feelings of betrayal and insecurity. It's crucial to take care of your own mental and emotional health during this challenging time. While it's certainly possible to rebuild a relationship after infidelity, it's a decision that both partners must fully commit to. Remember, it's perfectly okay to have doubts and to take the time you need to decide what's best for you.",questionID_732,My fiancé cheated. How can we mend our relationship?,"I'm in a relationship with my fiancé and I currently found out that she's been cheating on me with a co-worker. I was very upset none the less. I understand what she did was wrong, but I want to spend the rest of my life with her. So I'm willing to forgive and move on. We have been together for a little over 9 years, and we have a son. At the beginning of our relationship, I was unfaithful and she caught me cheating. She forgave me for what I've done to her and since then I been completely faithful. I'm worried about our relationship and want to move forward but its been very unsettling. All I can think about is her with another man. I don't know what to do or where to go for advice?",relationships,gpt4,2547,0.1881034000538124,1
332,5,You might also consider individual therapy to help navigate your own feelings of betrayal and insecurity.,535,640,0,0,0,5,"I'm really sorry to hear that you're going through this. It's a very difficult situation and it's understandable that you're feeling upset and unsettled. It's important to remember that healing and rebuilding trust takes time and patience. If you both are committed to mending your relationship, consider seeking help from a professional counselor or therapist who specializes in relationship issues. They can guide you through open and honest communication, understanding each other's feelings, and establishing boundaries and trust. You might also consider individual therapy to help navigate your own feelings of betrayal and insecurity. It's crucial to take care of your own mental and emotional health during this challenging time. While it's certainly possible to rebuild a relationship after infidelity, it's a decision that both partners must fully commit to. Remember, it's perfectly okay to have doubts and to take the time you need to decide what's best for you.",questionID_732,My fiancé cheated. How can we mend our relationship?,"I'm in a relationship with my fiancé and I currently found out that she's been cheating on me with a co-worker. I was very upset none the less. I understand what she did was wrong, but I want to spend the rest of my life with her. So I'm willing to forgive and move on. We have been together for a little over 9 years, and we have a son. At the beginning of our relationship, I was unfaithful and she caught me cheating. She forgave me for what I've done to her and since then I been completely faithful. I'm worried about our relationship and want to move forward but its been very unsettling. All I can think about is her with another man. I don't know what to do or where to go for advice?",relationships,gpt4,2548,0.21714152054810174,1
332,6,It's crucial to take care of your own mental and emotional health during this challenging time.,641,736,0,0,0,5,"I'm really sorry to hear that you're going through this. It's a very difficult situation and it's understandable that you're feeling upset and unsettled. It's important to remember that healing and rebuilding trust takes time and patience. If you both are committed to mending your relationship, consider seeking help from a professional counselor or therapist who specializes in relationship issues. They can guide you through open and honest communication, understanding each other's feelings, and establishing boundaries and trust. You might also consider individual therapy to help navigate your own feelings of betrayal and insecurity. It's crucial to take care of your own mental and emotional health during this challenging time. While it's certainly possible to rebuild a relationship after infidelity, it's a decision that both partners must fully commit to. Remember, it's perfectly okay to have doubts and to take the time you need to decide what's best for you.",questionID_732,My fiancé cheated. How can we mend our relationship?,"I'm in a relationship with my fiancé and I currently found out that she's been cheating on me with a co-worker. I was very upset none the less. I understand what she did was wrong, but I want to spend the rest of my life with her. So I'm willing to forgive and move on. We have been together for a little over 9 years, and we have a son. At the beginning of our relationship, I was unfaithful and she caught me cheating. She forgave me for what I've done to her and since then I been completely faithful. I'm worried about our relationship and want to move forward but its been very unsettling. All I can think about is her with another man. I don't know what to do or where to go for advice?",relationships,gpt4,2549,0.03630970858294887,0
332,7,"While it's certainly possible to rebuild a relationship after infidelity, it's a decision that both partners must fully commit to.",737,867,0,0,0,5,"I'm really sorry to hear that you're going through this. It's a very difficult situation and it's understandable that you're feeling upset and unsettled. It's important to remember that healing and rebuilding trust takes time and patience. If you both are committed to mending your relationship, consider seeking help from a professional counselor or therapist who specializes in relationship issues. They can guide you through open and honest communication, understanding each other's feelings, and establishing boundaries and trust. You might also consider individual therapy to help navigate your own feelings of betrayal and insecurity. It's crucial to take care of your own mental and emotional health during this challenging time. While it's certainly possible to rebuild a relationship after infidelity, it's a decision that both partners must fully commit to. Remember, it's perfectly okay to have doubts and to take the time you need to decide what's best for you.",questionID_732,My fiancé cheated. How can we mend our relationship?,"I'm in a relationship with my fiancé and I currently found out that she's been cheating on me with a co-worker. I was very upset none the less. I understand what she did was wrong, but I want to spend the rest of my life with her. So I'm willing to forgive and move on. We have been together for a little over 9 years, and we have a son. At the beginning of our relationship, I was unfaithful and she caught me cheating. She forgave me for what I've done to her and since then I been completely faithful. I'm worried about our relationship and want to move forward but its been very unsettling. All I can think about is her with another man. I don't know what to do or where to go for advice?",relationships,gpt4,2550,0.2290681854134691,1
332,8,"Remember, it's perfectly okay to have doubts and to take the time you need to decide what's best for you.",868,973,0,0,0,5,"I'm really sorry to hear that you're going through this. It's a very difficult situation and it's understandable that you're feeling upset and unsettled. It's important to remember that healing and rebuilding trust takes time and patience. If you both are committed to mending your relationship, consider seeking help from a professional counselor or therapist who specializes in relationship issues. They can guide you through open and honest communication, understanding each other's feelings, and establishing boundaries and trust. You might also consider individual therapy to help navigate your own feelings of betrayal and insecurity. It's crucial to take care of your own mental and emotional health during this challenging time. While it's certainly possible to rebuild a relationship after infidelity, it's a decision that both partners must fully commit to. Remember, it's perfectly okay to have doubts and to take the time you need to decide what's best for you.",questionID_732,My fiancé cheated. How can we mend our relationship?,"I'm in a relationship with my fiancé and I currently found out that she's been cheating on me with a co-worker. I was very upset none the less. I understand what she did was wrong, but I want to spend the rest of my life with her. So I'm willing to forgive and move on. We have been together for a little over 9 years, and we have a son. At the beginning of our relationship, I was unfaithful and she caught me cheating. She forgave me for what I've done to her and since then I been completely faithful. I'm worried about our relationship and want to move forward but its been very unsettling. All I can think about is her with another man. I don't know what to do or where to go for advice?",relationships,gpt4,2551,0.20941623059809908,1
336,0,I'm so glad you reached out for support.,0,40,0,0,0,5,"I'm so glad you reached out for support. It's understandable that you're struggling with self-harm, and it's great that you've been able to stop for periods of time. The feeling of self-harm being an addiction is a common experience for many people who struggle with it. This is because self-harm can activate the brain's reward system, releasing endorphins and creating a sense of temporary relief or escape from emotional pain. This can lead to a cycle of behavior where you may feel compelled to self-harm in response to emotional triggers, such as sadness or depression.

It's possible that you've developed a conditioned response to emotional distress, where self-harm has become a maladaptive coping mechanism. This means that your brain has learned to associate self-harm with relief, making it a go-to behavior when you're feeling overwhelmed. However, it's essential to remember that self-harm is not an effective or healthy way to manage emotions in the long run.

To break this cycle, it may be helpful to explore alternative coping mechanisms, such as talking to a trusted friend or family member, engaging in creative activities, or practicing mindfulness and self-care. It's also crucial to address the underlying emotional issues that may be contributing to your self-harm. Consider seeking support from a mental health professional who can help you develop a personalized plan to manage your emotions and work through challenging experiences. Remember, you are not alone, and there is help available.",questionID_51,Why does it feel as if self-harm is an addiction?,"I self-harm, and I stop for awhile. Then when I see something sad or depressing, I automatically want to self-harm.",depression,llama3,2577,0.12358592182232535,0
336,1,"It's understandable that you're struggling with self-harm, and it's great that you've been able to stop for periods of time.",41,165,0,0,0,5,"I'm so glad you reached out for support. It's understandable that you're struggling with self-harm, and it's great that you've been able to stop for periods of time. The feeling of self-harm being an addiction is a common experience for many people who struggle with it. This is because self-harm can activate the brain's reward system, releasing endorphins and creating a sense of temporary relief or escape from emotional pain. This can lead to a cycle of behavior where you may feel compelled to self-harm in response to emotional triggers, such as sadness or depression.

It's possible that you've developed a conditioned response to emotional distress, where self-harm has become a maladaptive coping mechanism. This means that your brain has learned to associate self-harm with relief, making it a go-to behavior when you're feeling overwhelmed. However, it's essential to remember that self-harm is not an effective or healthy way to manage emotions in the long run.

To break this cycle, it may be helpful to explore alternative coping mechanisms, such as talking to a trusted friend or family member, engaging in creative activities, or practicing mindfulness and self-care. It's also crucial to address the underlying emotional issues that may be contributing to your self-harm. Consider seeking support from a mental health professional who can help you develop a personalized plan to manage your emotions and work through challenging experiences. Remember, you are not alone, and there is help available.",questionID_51,Why does it feel as if self-harm is an addiction?,"I self-harm, and I stop for awhile. Then when I see something sad or depressing, I automatically want to self-harm.",depression,llama3,2578,0.10679902579577609,0
336,2,The feeling of self-harm being an addiction is a common experience for many people who struggle with it.,166,270,0,0,0,5,"I'm so glad you reached out for support. It's understandable that you're struggling with self-harm, and it's great that you've been able to stop for periods of time. The feeling of self-harm being an addiction is a common experience for many people who struggle with it. This is because self-harm can activate the brain's reward system, releasing endorphins and creating a sense of temporary relief or escape from emotional pain. This can lead to a cycle of behavior where you may feel compelled to self-harm in response to emotional triggers, such as sadness or depression.

It's possible that you've developed a conditioned response to emotional distress, where self-harm has become a maladaptive coping mechanism. This means that your brain has learned to associate self-harm with relief, making it a go-to behavior when you're feeling overwhelmed. However, it's essential to remember that self-harm is not an effective or healthy way to manage emotions in the long run.

To break this cycle, it may be helpful to explore alternative coping mechanisms, such as talking to a trusted friend or family member, engaging in creative activities, or practicing mindfulness and self-care. It's also crucial to address the underlying emotional issues that may be contributing to your self-harm. Consider seeking support from a mental health professional who can help you develop a personalized plan to manage your emotions and work through challenging experiences. Remember, you are not alone, and there is help available.",questionID_51,Why does it feel as if self-harm is an addiction?,"I self-harm, and I stop for awhile. Then when I see something sad or depressing, I automatically want to self-harm.",depression,llama3,2579,0.20438478458097356,1
336,3,"This is because self-harm can activate the brain's reward system, releasing endorphins and creating a sense of temporary relief or escape from emotional pain.",271,429,0,0,0,5,"I'm so glad you reached out for support. It's understandable that you're struggling with self-harm, and it's great that you've been able to stop for periods of time. The feeling of self-harm being an addiction is a common experience for many people who struggle with it. This is because self-harm can activate the brain's reward system, releasing endorphins and creating a sense of temporary relief or escape from emotional pain. This can lead to a cycle of behavior where you may feel compelled to self-harm in response to emotional triggers, such as sadness or depression.

It's possible that you've developed a conditioned response to emotional distress, where self-harm has become a maladaptive coping mechanism. This means that your brain has learned to associate self-harm with relief, making it a go-to behavior when you're feeling overwhelmed. However, it's essential to remember that self-harm is not an effective or healthy way to manage emotions in the long run.

To break this cycle, it may be helpful to explore alternative coping mechanisms, such as talking to a trusted friend or family member, engaging in creative activities, or practicing mindfulness and self-care. It's also crucial to address the underlying emotional issues that may be contributing to your self-harm. Consider seeking support from a mental health professional who can help you develop a personalized plan to manage your emotions and work through challenging experiences. Remember, you are not alone, and there is help available.",questionID_51,Why does it feel as if self-harm is an addiction?,"I self-harm, and I stop for awhile. Then when I see something sad or depressing, I automatically want to self-harm.",depression,llama3,2580,0.2469705595654158,1
336,4,"This can lead to a cycle of behavior where you may feel compelled to self-harm in response to emotional triggers, such as sadness or depression.",430,574,0,0,0,5,"I'm so glad you reached out for support. It's understandable that you're struggling with self-harm, and it's great that you've been able to stop for periods of time. The feeling of self-harm being an addiction is a common experience for many people who struggle with it. This is because self-harm can activate the brain's reward system, releasing endorphins and creating a sense of temporary relief or escape from emotional pain. This can lead to a cycle of behavior where you may feel compelled to self-harm in response to emotional triggers, such as sadness or depression.

It's possible that you've developed a conditioned response to emotional distress, where self-harm has become a maladaptive coping mechanism. This means that your brain has learned to associate self-harm with relief, making it a go-to behavior when you're feeling overwhelmed. However, it's essential to remember that self-harm is not an effective or healthy way to manage emotions in the long run.

To break this cycle, it may be helpful to explore alternative coping mechanisms, such as talking to a trusted friend or family member, engaging in creative activities, or practicing mindfulness and self-care. It's also crucial to address the underlying emotional issues that may be contributing to your self-harm. Consider seeking support from a mental health professional who can help you develop a personalized plan to manage your emotions and work through challenging experiences. Remember, you are not alone, and there is help available.",questionID_51,Why does it feel as if self-harm is an addiction?,"I self-harm, and I stop for awhile. Then when I see something sad or depressing, I automatically want to self-harm.",depression,llama3,2581,0.18422276949267677,1
336,5,"It's possible that you've developed a conditioned response to emotional distress, where self-harm has become a maladaptive coping mechanism.",576,716,0,0,0,5,"I'm so glad you reached out for support. It's understandable that you're struggling with self-harm, and it's great that you've been able to stop for periods of time. The feeling of self-harm being an addiction is a common experience for many people who struggle with it. This is because self-harm can activate the brain's reward system, releasing endorphins and creating a sense of temporary relief or escape from emotional pain. This can lead to a cycle of behavior where you may feel compelled to self-harm in response to emotional triggers, such as sadness or depression.

It's possible that you've developed a conditioned response to emotional distress, where self-harm has become a maladaptive coping mechanism. This means that your brain has learned to associate self-harm with relief, making it a go-to behavior when you're feeling overwhelmed. However, it's essential to remember that self-harm is not an effective or healthy way to manage emotions in the long run.

To break this cycle, it may be helpful to explore alternative coping mechanisms, such as talking to a trusted friend or family member, engaging in creative activities, or practicing mindfulness and self-care. It's also crucial to address the underlying emotional issues that may be contributing to your self-harm. Consider seeking support from a mental health professional who can help you develop a personalized plan to manage your emotions and work through challenging experiences. Remember, you are not alone, and there is help available.",questionID_51,Why does it feel as if self-harm is an addiction?,"I self-harm, and I stop for awhile. Then when I see something sad or depressing, I automatically want to self-harm.",depression,llama3,2582,0.14117566762807307,0
336,6,"This means that your brain has learned to associate self-harm with relief, making it a go-to behavior when you're feeling overwhelmed.",717,851,0,0,0,5,"I'm so glad you reached out for support. It's understandable that you're struggling with self-harm, and it's great that you've been able to stop for periods of time. The feeling of self-harm being an addiction is a common experience for many people who struggle with it. This is because self-harm can activate the brain's reward system, releasing endorphins and creating a sense of temporary relief or escape from emotional pain. This can lead to a cycle of behavior where you may feel compelled to self-harm in response to emotional triggers, such as sadness or depression.

It's possible that you've developed a conditioned response to emotional distress, where self-harm has become a maladaptive coping mechanism. This means that your brain has learned to associate self-harm with relief, making it a go-to behavior when you're feeling overwhelmed. However, it's essential to remember that self-harm is not an effective or healthy way to manage emotions in the long run.

To break this cycle, it may be helpful to explore alternative coping mechanisms, such as talking to a trusted friend or family member, engaging in creative activities, or practicing mindfulness and self-care. It's also crucial to address the underlying emotional issues that may be contributing to your self-harm. Consider seeking support from a mental health professional who can help you develop a personalized plan to manage your emotions and work through challenging experiences. Remember, you are not alone, and there is help available.",questionID_51,Why does it feel as if self-harm is an addiction?,"I self-harm, and I stop for awhile. Then when I see something sad or depressing, I automatically want to self-harm.",depression,llama3,2583,0.20761249649253988,1
336,7,"However, it's essential to remember that self-harm is not an effective or healthy way to manage emotions in the long run.",852,973,0,0,0,5,"I'm so glad you reached out for support. It's understandable that you're struggling with self-harm, and it's great that you've been able to stop for periods of time. The feeling of self-harm being an addiction is a common experience for many people who struggle with it. This is because self-harm can activate the brain's reward system, releasing endorphins and creating a sense of temporary relief or escape from emotional pain. This can lead to a cycle of behavior where you may feel compelled to self-harm in response to emotional triggers, such as sadness or depression.

It's possible that you've developed a conditioned response to emotional distress, where self-harm has become a maladaptive coping mechanism. This means that your brain has learned to associate self-harm with relief, making it a go-to behavior when you're feeling overwhelmed. However, it's essential to remember that self-harm is not an effective or healthy way to manage emotions in the long run.

To break this cycle, it may be helpful to explore alternative coping mechanisms, such as talking to a trusted friend or family member, engaging in creative activities, or practicing mindfulness and self-care. It's also crucial to address the underlying emotional issues that may be contributing to your self-harm. Consider seeking support from a mental health professional who can help you develop a personalized plan to manage your emotions and work through challenging experiences. Remember, you are not alone, and there is help available.",questionID_51,Why does it feel as if self-harm is an addiction?,"I self-harm, and I stop for awhile. Then when I see something sad or depressing, I automatically want to self-harm.",depression,llama3,2584,0.15421341836966315,1
336,8,"To break this cycle, it may be helpful to explore alternative coping mechanisms, such as talking to a trusted friend or family member, engaging in creative activities, or practicing mindfulness and self-care.",975,1183,0,0,0,5,"I'm so glad you reached out for support. It's understandable that you're struggling with self-harm, and it's great that you've been able to stop for periods of time. The feeling of self-harm being an addiction is a common experience for many people who struggle with it. This is because self-harm can activate the brain's reward system, releasing endorphins and creating a sense of temporary relief or escape from emotional pain. This can lead to a cycle of behavior where you may feel compelled to self-harm in response to emotional triggers, such as sadness or depression.

It's possible that you've developed a conditioned response to emotional distress, where self-harm has become a maladaptive coping mechanism. This means that your brain has learned to associate self-harm with relief, making it a go-to behavior when you're feeling overwhelmed. However, it's essential to remember that self-harm is not an effective or healthy way to manage emotions in the long run.

To break this cycle, it may be helpful to explore alternative coping mechanisms, such as talking to a trusted friend or family member, engaging in creative activities, or practicing mindfulness and self-care. It's also crucial to address the underlying emotional issues that may be contributing to your self-harm. Consider seeking support from a mental health professional who can help you develop a personalized plan to manage your emotions and work through challenging experiences. Remember, you are not alone, and there is help available.",questionID_51,Why does it feel as if self-harm is an addiction?,"I self-harm, and I stop for awhile. Then when I see something sad or depressing, I automatically want to self-harm.",depression,llama3,2585,0.0669599760345021,0
336,9,It's also crucial to address the underlying emotional issues that may be contributing to your self-harm.,1184,1288,0,0,0,5,"I'm so glad you reached out for support. It's understandable that you're struggling with self-harm, and it's great that you've been able to stop for periods of time. The feeling of self-harm being an addiction is a common experience for many people who struggle with it. This is because self-harm can activate the brain's reward system, releasing endorphins and creating a sense of temporary relief or escape from emotional pain. This can lead to a cycle of behavior where you may feel compelled to self-harm in response to emotional triggers, such as sadness or depression.

It's possible that you've developed a conditioned response to emotional distress, where self-harm has become a maladaptive coping mechanism. This means that your brain has learned to associate self-harm with relief, making it a go-to behavior when you're feeling overwhelmed. However, it's essential to remember that self-harm is not an effective or healthy way to manage emotions in the long run.

To break this cycle, it may be helpful to explore alternative coping mechanisms, such as talking to a trusted friend or family member, engaging in creative activities, or practicing mindfulness and self-care. It's also crucial to address the underlying emotional issues that may be contributing to your self-harm. Consider seeking support from a mental health professional who can help you develop a personalized plan to manage your emotions and work through challenging experiences. Remember, you are not alone, and there is help available.",questionID_51,Why does it feel as if self-harm is an addiction?,"I self-harm, and I stop for awhile. Then when I see something sad or depressing, I automatically want to self-harm.",depression,llama3,2586,0.10929387219581811,0
336,10,Consider seeking support from a mental health professional who can help you develop a personalized plan to manage your emotions and work through challenging experiences.,1289,1458,0,0,0,5,"I'm so glad you reached out for support. It's understandable that you're struggling with self-harm, and it's great that you've been able to stop for periods of time. The feeling of self-harm being an addiction is a common experience for many people who struggle with it. This is because self-harm can activate the brain's reward system, releasing endorphins and creating a sense of temporary relief or escape from emotional pain. This can lead to a cycle of behavior where you may feel compelled to self-harm in response to emotional triggers, such as sadness or depression.

It's possible that you've developed a conditioned response to emotional distress, where self-harm has become a maladaptive coping mechanism. This means that your brain has learned to associate self-harm with relief, making it a go-to behavior when you're feeling overwhelmed. However, it's essential to remember that self-harm is not an effective or healthy way to manage emotions in the long run.

To break this cycle, it may be helpful to explore alternative coping mechanisms, such as talking to a trusted friend or family member, engaging in creative activities, or practicing mindfulness and self-care. It's also crucial to address the underlying emotional issues that may be contributing to your self-harm. Consider seeking support from a mental health professional who can help you develop a personalized plan to manage your emotions and work through challenging experiences. Remember, you are not alone, and there is help available.",questionID_51,Why does it feel as if self-harm is an addiction?,"I self-harm, and I stop for awhile. Then when I see something sad or depressing, I automatically want to self-harm.",depression,llama3,2587,0.023360737779904477,0
336,11,"Remember, you are not alone, and there is help available.",1459,1516,0,0,0,5,"I'm so glad you reached out for support. It's understandable that you're struggling with self-harm, and it's great that you've been able to stop for periods of time. The feeling of self-harm being an addiction is a common experience for many people who struggle with it. This is because self-harm can activate the brain's reward system, releasing endorphins and creating a sense of temporary relief or escape from emotional pain. This can lead to a cycle of behavior where you may feel compelled to self-harm in response to emotional triggers, such as sadness or depression.

It's possible that you've developed a conditioned response to emotional distress, where self-harm has become a maladaptive coping mechanism. This means that your brain has learned to associate self-harm with relief, making it a go-to behavior when you're feeling overwhelmed. However, it's essential to remember that self-harm is not an effective or healthy way to manage emotions in the long run.

To break this cycle, it may be helpful to explore alternative coping mechanisms, such as talking to a trusted friend or family member, engaging in creative activities, or practicing mindfulness and self-care. It's also crucial to address the underlying emotional issues that may be contributing to your self-harm. Consider seeking support from a mental health professional who can help you develop a personalized plan to manage your emotions and work through challenging experiences. Remember, you are not alone, and there is help available.",questionID_51,Why does it feel as if self-harm is an addiction?,"I self-harm, and I stop for awhile. Then when I see something sad or depressing, I automatically want to self-harm.",depression,llama3,2588,0.15504939171791396,1
342,0,It sounds like you have mixed feelings and motivations - which is understandable.,0,81,0,0,0,5,"It sounds like you have mixed feelings and motivations - which is understandable. On the one hand you want to get over him, on the other you are still holding out hope for something more. It will be really hard to let go of him and create friend boundaries so long as there is a part of you holding on to the idea of something more. If you are being really honest with yourself you might need to acknowledge that you are not really striving to get him out of your system - that you have not really given up hope of having a relationship with him. If you are whole-heartedly committed to moving past the sexual and romantic parts of your relationship and just having a friendship than refraining from all the touching would be a good place to start. It is hard to ""just be friends"" when all your sex and bonding hormones are coursing through your veins.",questionID_394,How do I get over a coworker?,"I've worked with this guy for about three years now, and I knew the first time I saw him that I was attracted. Over time, he became a very dear friend, and we talked about our relationship problems, family, dreams, and so on. There was always flirtation with us, and one day pretty recently, it progressed to making out. We agreed to keep it quiet, and we did, but in the back of my mind, I hoped it would become something more. It didn't, and three months later, I'm still not over it.<br> I'm trying so hard to maintain the friendship because that's what he wants. We're no longer in the same office, which I thought would help me get over these feelings, but we still talk about work, and he's constantly touching me, so I'm still very drawn to him. He's a hugger and such a sweet guy, so I find myself fantasizing all the time about what could have been and what could still be, but he's clearly not interested. He's younger than me and prefers model types, but I see him checking me out a lot, which gives me hope. How do I get him out of my system and still maintain the friendship?",workplace-relationships,human,2631,0.2601334892208433,1
342,1,"On the one hand you want to get over him, on the other you are still holding out hope for something more.",82,187,1,1,1,5,"It sounds like you have mixed feelings and motivations - which is understandable. On the one hand you want to get over him, on the other you are still holding out hope for something more. It will be really hard to let go of him and create friend boundaries so long as there is a part of you holding on to the idea of something more. If you are being really honest with yourself you might need to acknowledge that you are not really striving to get him out of your system - that you have not really given up hope of having a relationship with him. If you are whole-heartedly committed to moving past the sexual and romantic parts of your relationship and just having a friendship than refraining from all the touching would be a good place to start. It is hard to ""just be friends"" when all your sex and bonding hormones are coursing through your veins.",questionID_394,How do I get over a coworker?,"I've worked with this guy for about three years now, and I knew the first time I saw him that I was attracted. Over time, he became a very dear friend, and we talked about our relationship problems, family, dreams, and so on. There was always flirtation with us, and one day pretty recently, it progressed to making out. We agreed to keep it quiet, and we did, but in the back of my mind, I hoped it would become something more. It didn't, and three months later, I'm still not over it.<br> I'm trying so hard to maintain the friendship because that's what he wants. We're no longer in the same office, which I thought would help me get over these feelings, but we still talk about work, and he's constantly touching me, so I'm still very drawn to him. He's a hugger and such a sweet guy, so I find myself fantasizing all the time about what could have been and what could still be, but he's clearly not interested. He's younger than me and prefers model types, but I see him checking me out a lot, which gives me hope. How do I get him out of my system and still maintain the friendship?",workplace-relationships,human,2632,0.5405390193308893,1
342,2,It will be really hard to let go of him and create friend boundaries so long as there is a part of you holding on to the idea of something more.,188,332,1,2,2,5,"It sounds like you have mixed feelings and motivations - which is understandable. On the one hand you want to get over him, on the other you are still holding out hope for something more. It will be really hard to let go of him and create friend boundaries so long as there is a part of you holding on to the idea of something more. If you are being really honest with yourself you might need to acknowledge that you are not really striving to get him out of your system - that you have not really given up hope of having a relationship with him. If you are whole-heartedly committed to moving past the sexual and romantic parts of your relationship and just having a friendship than refraining from all the touching would be a good place to start. It is hard to ""just be friends"" when all your sex and bonding hormones are coursing through your veins.",questionID_394,How do I get over a coworker?,"I've worked with this guy for about three years now, and I knew the first time I saw him that I was attracted. Over time, he became a very dear friend, and we talked about our relationship problems, family, dreams, and so on. There was always flirtation with us, and one day pretty recently, it progressed to making out. We agreed to keep it quiet, and we did, but in the back of my mind, I hoped it would become something more. It didn't, and three months later, I'm still not over it.<br> I'm trying so hard to maintain the friendship because that's what he wants. We're no longer in the same office, which I thought would help me get over these feelings, but we still talk about work, and he's constantly touching me, so I'm still very drawn to him. He's a hugger and such a sweet guy, so I find myself fantasizing all the time about what could have been and what could still be, but he's clearly not interested. He's younger than me and prefers model types, but I see him checking me out a lot, which gives me hope. How do I get him out of my system and still maintain the friendship?",workplace-relationships,human,2633,0.47455187089247897,1
342,3,If you are being really honest with yourself you might need to acknowledge that you are not really striving to get him out of your system - that you have not really given up hope of having a relationship with him.,333,546,1,2,2,5,"It sounds like you have mixed feelings and motivations - which is understandable. On the one hand you want to get over him, on the other you are still holding out hope for something more. It will be really hard to let go of him and create friend boundaries so long as there is a part of you holding on to the idea of something more. If you are being really honest with yourself you might need to acknowledge that you are not really striving to get him out of your system - that you have not really given up hope of having a relationship with him. If you are whole-heartedly committed to moving past the sexual and romantic parts of your relationship and just having a friendship than refraining from all the touching would be a good place to start. It is hard to ""just be friends"" when all your sex and bonding hormones are coursing through your veins.",questionID_394,How do I get over a coworker?,"I've worked with this guy for about three years now, and I knew the first time I saw him that I was attracted. Over time, he became a very dear friend, and we talked about our relationship problems, family, dreams, and so on. There was always flirtation with us, and one day pretty recently, it progressed to making out. We agreed to keep it quiet, and we did, but in the back of my mind, I hoped it would become something more. It didn't, and three months later, I'm still not over it.<br> I'm trying so hard to maintain the friendship because that's what he wants. We're no longer in the same office, which I thought would help me get over these feelings, but we still talk about work, and he's constantly touching me, so I'm still very drawn to him. He's a hugger and such a sweet guy, so I find myself fantasizing all the time about what could have been and what could still be, but he's clearly not interested. He's younger than me and prefers model types, but I see him checking me out a lot, which gives me hope. How do I get him out of my system and still maintain the friendship?",workplace-relationships,human,2634,0.4796195653152404,1
342,4,If you are whole-heartedly committed to moving past the sexual and romantic parts of your relationship and just having a friendship than refraining from all the touching would be a good place to start.,547,748,1,2,2,5,"It sounds like you have mixed feelings and motivations - which is understandable. On the one hand you want to get over him, on the other you are still holding out hope for something more. It will be really hard to let go of him and create friend boundaries so long as there is a part of you holding on to the idea of something more. If you are being really honest with yourself you might need to acknowledge that you are not really striving to get him out of your system - that you have not really given up hope of having a relationship with him. If you are whole-heartedly committed to moving past the sexual and romantic parts of your relationship and just having a friendship than refraining from all the touching would be a good place to start. It is hard to ""just be friends"" when all your sex and bonding hormones are coursing through your veins.",questionID_394,How do I get over a coworker?,"I've worked with this guy for about three years now, and I knew the first time I saw him that I was attracted. Over time, he became a very dear friend, and we talked about our relationship problems, family, dreams, and so on. There was always flirtation with us, and one day pretty recently, it progressed to making out. We agreed to keep it quiet, and we did, but in the back of my mind, I hoped it would become something more. It didn't, and three months later, I'm still not over it.<br> I'm trying so hard to maintain the friendship because that's what he wants. We're no longer in the same office, which I thought would help me get over these feelings, but we still talk about work, and he's constantly touching me, so I'm still very drawn to him. He's a hugger and such a sweet guy, so I find myself fantasizing all the time about what could have been and what could still be, but he's clearly not interested. He's younger than me and prefers model types, but I see him checking me out a lot, which gives me hope. How do I get him out of my system and still maintain the friendship?",workplace-relationships,human,2635,0.45773911005640705,1
342,5,"It is hard to ""just be friends"" when all your sex and bonding hormones are coursing through your veins.",749,852,1,3,3,5,"It sounds like you have mixed feelings and motivations - which is understandable. On the one hand you want to get over him, on the other you are still holding out hope for something more. It will be really hard to let go of him and create friend boundaries so long as there is a part of you holding on to the idea of something more. If you are being really honest with yourself you might need to acknowledge that you are not really striving to get him out of your system - that you have not really given up hope of having a relationship with him. If you are whole-heartedly committed to moving past the sexual and romantic parts of your relationship and just having a friendship than refraining from all the touching would be a good place to start. It is hard to ""just be friends"" when all your sex and bonding hormones are coursing through your veins.",questionID_394,How do I get over a coworker?,"I've worked with this guy for about three years now, and I knew the first time I saw him that I was attracted. Over time, he became a very dear friend, and we talked about our relationship problems, family, dreams, and so on. There was always flirtation with us, and one day pretty recently, it progressed to making out. We agreed to keep it quiet, and we did, but in the back of my mind, I hoped it would become something more. It didn't, and three months later, I'm still not over it.<br> I'm trying so hard to maintain the friendship because that's what he wants. We're no longer in the same office, which I thought would help me get over these feelings, but we still talk about work, and he's constantly touching me, so I'm still very drawn to him. He's a hugger and such a sweet guy, so I find myself fantasizing all the time about what could have been and what could still be, but he's clearly not interested. He's younger than me and prefers model types, but I see him checking me out a lot, which gives me hope. How do I get him out of my system and still maintain the friendship?",workplace-relationships,human,2636,0.28430049222929543,1
352,0,Moving on is the right question.,0,32,1,2,2,5,"Moving on is the right question. Everyone's different in moving on. First, what can I learn about myself because of this painful time? Caring non-judgmental family and friends who listen with the head and heart help a iot. Other times I need a skillful, caring professional to help me move on. You will find a way because you've asked the right question.",questionID_355,How do I move on?,I'm obsessing about a terrible breakup. Everything is a constant reminder. How do I move on?,relationship-dissolution,human,2704,0.303912474898637,1
352,1,Everyone's different in moving on.,33,67,1,1,1,5,"Moving on is the right question. Everyone's different in moving on. First, what can I learn about myself because of this painful time? Caring non-judgmental family and friends who listen with the head and heart help a iot. Other times I need a skillful, caring professional to help me move on. You will find a way because you've asked the right question.",questionID_355,How do I move on?,I'm obsessing about a terrible breakup. Everything is a constant reminder. How do I move on?,relationship-dissolution,human,2705,0.20378237815842626,1
352,2,"First, what can I learn about myself because of this painful time?",68,134,0,0,0,5,"Moving on is the right question. Everyone's different in moving on. First, what can I learn about myself because of this painful time? Caring non-judgmental family and friends who listen with the head and heart help a iot. Other times I need a skillful, caring professional to help me move on. You will find a way because you've asked the right question.",questionID_355,How do I move on?,I'm obsessing about a terrible breakup. Everything is a constant reminder. How do I move on?,relationship-dissolution,human,2706,0.2431141042421606,1
352,3,Caring non-judgmental family and friends who listen with the head and heart help a iot.,135,222,1,2,2,5,"Moving on is the right question. Everyone's different in moving on. First, what can I learn about myself because of this painful time? Caring non-judgmental family and friends who listen with the head and heart help a iot. Other times I need a skillful, caring professional to help me move on. You will find a way because you've asked the right question.",questionID_355,How do I move on?,I'm obsessing about a terrible breakup. Everything is a constant reminder. How do I move on?,relationship-dissolution,human,2707,0.09838833109370015,0
352,4,"Other times I need a skillful, caring professional to help me move on.",223,293,1,2,2,5,"Moving on is the right question. Everyone's different in moving on. First, what can I learn about myself because of this painful time? Caring non-judgmental family and friends who listen with the head and heart help a iot. Other times I need a skillful, caring professional to help me move on. You will find a way because you've asked the right question.",questionID_355,How do I move on?,I'm obsessing about a terrible breakup. Everything is a constant reminder. How do I move on?,relationship-dissolution,human,2708,0.19605778078460623,1
352,5,You will find a way because you've asked the right question.,294,354,1,2,2,5,"Moving on is the right question. Everyone's different in moving on. First, what can I learn about myself because of this painful time? Caring non-judgmental family and friends who listen with the head and heart help a iot. Other times I need a skillful, caring professional to help me move on. You will find a way because you've asked the right question.",questionID_355,How do I move on?,I'm obsessing about a terrible breakup. Everything is a constant reminder. How do I move on?,relationship-dissolution,human,2709,0.4805023397400385,1
353,0,I'm sorry to hear about your distress.,0,38,0,0,0,5,"I'm sorry to hear about your distress. While I cannot speak directly to your situation, it's important to understand that ethical guidelines for social workers often include responding to clients' needs with professionalism. However, there can be a variety of reasons why your calls haven't been returned yet. It's possible that the social worker is away, overwhelmed with other clients, or has some other valid reasons. It could also be that the social worker feels it might be more beneficial for you to see a different therapist this time around. You might consider reaching out to other mental health professionals for help. Remember, your mental health is a priority and it's important to find a counselor who is responsive and supportive to your needs.",questionID_885,Is it ethical for a social worker to ignore a client’s phone calls?,"I terminated my counseling relationship with a social worker several years ago. I am now realizing that I would like to begin counseling again. The social worker’s voicemail message says that he returns calls in 24 hours, but he hasn't called me back. I called him on the weekend and made it clear that I want him to call me back. Can he just ignore me?",legal-regulatory,gpt4,2710,0.053320814319941796,0
353,1,"While I cannot speak directly to your situation, it's important to understand that ethical guidelines for social workers often include responding to clients' needs with professionalism.",39,224,0,0,0,5,"I'm sorry to hear about your distress. While I cannot speak directly to your situation, it's important to understand that ethical guidelines for social workers often include responding to clients' needs with professionalism. However, there can be a variety of reasons why your calls haven't been returned yet. It's possible that the social worker is away, overwhelmed with other clients, or has some other valid reasons. It could also be that the social worker feels it might be more beneficial for you to see a different therapist this time around. You might consider reaching out to other mental health professionals for help. Remember, your mental health is a priority and it's important to find a counselor who is responsive and supportive to your needs.",questionID_885,Is it ethical for a social worker to ignore a client’s phone calls?,"I terminated my counseling relationship with a social worker several years ago. I am now realizing that I would like to begin counseling again. The social worker’s voicemail message says that he returns calls in 24 hours, but he hasn't called me back. I called him on the weekend and made it clear that I want him to call me back. Can he just ignore me?",legal-regulatory,gpt4,2711,0.127354650284803,0
353,2,"However, there can be a variety of reasons why your calls haven't been returned yet.",225,309,0,0,0,5,"I'm sorry to hear about your distress. While I cannot speak directly to your situation, it's important to understand that ethical guidelines for social workers often include responding to clients' needs with professionalism. However, there can be a variety of reasons why your calls haven't been returned yet. It's possible that the social worker is away, overwhelmed with other clients, or has some other valid reasons. It could also be that the social worker feels it might be more beneficial for you to see a different therapist this time around. You might consider reaching out to other mental health professionals for help. Remember, your mental health is a priority and it's important to find a counselor who is responsive and supportive to your needs.",questionID_885,Is it ethical for a social worker to ignore a client’s phone calls?,"I terminated my counseling relationship with a social worker several years ago. I am now realizing that I would like to begin counseling again. The social worker’s voicemail message says that he returns calls in 24 hours, but he hasn't called me back. I called him on the weekend and made it clear that I want him to call me back. Can he just ignore me?",legal-regulatory,gpt4,2712,0.24579087355321727,1
353,3,"It's possible that the social worker is away, overwhelmed with other clients, or has some other valid reasons.",310,420,0,0,0,5,"I'm sorry to hear about your distress. While I cannot speak directly to your situation, it's important to understand that ethical guidelines for social workers often include responding to clients' needs with professionalism. However, there can be a variety of reasons why your calls haven't been returned yet. It's possible that the social worker is away, overwhelmed with other clients, or has some other valid reasons. It could also be that the social worker feels it might be more beneficial for you to see a different therapist this time around. You might consider reaching out to other mental health professionals for help. Remember, your mental health is a priority and it's important to find a counselor who is responsive and supportive to your needs.",questionID_885,Is it ethical for a social worker to ignore a client’s phone calls?,"I terminated my counseling relationship with a social worker several years ago. I am now realizing that I would like to begin counseling again. The social worker’s voicemail message says that he returns calls in 24 hours, but he hasn't called me back. I called him on the weekend and made it clear that I want him to call me back. Can he just ignore me?",legal-regulatory,gpt4,2713,0.22058971287920323,1
353,4,It could also be that the social worker feels it might be more beneficial for you to see a different therapist this time around.,421,549,0,0,0,5,"I'm sorry to hear about your distress. While I cannot speak directly to your situation, it's important to understand that ethical guidelines for social workers often include responding to clients' needs with professionalism. However, there can be a variety of reasons why your calls haven't been returned yet. It's possible that the social worker is away, overwhelmed with other clients, or has some other valid reasons. It could also be that the social worker feels it might be more beneficial for you to see a different therapist this time around. You might consider reaching out to other mental health professionals for help. Remember, your mental health is a priority and it's important to find a counselor who is responsive and supportive to your needs.",questionID_885,Is it ethical for a social worker to ignore a client’s phone calls?,"I terminated my counseling relationship with a social worker several years ago. I am now realizing that I would like to begin counseling again. The social worker’s voicemail message says that he returns calls in 24 hours, but he hasn't called me back. I called him on the weekend and made it clear that I want him to call me back. Can he just ignore me?",legal-regulatory,gpt4,2714,0.3175063820810106,1
353,5,You might consider reaching out to other mental health professionals for help.,550,628,0,0,0,5,"I'm sorry to hear about your distress. While I cannot speak directly to your situation, it's important to understand that ethical guidelines for social workers often include responding to clients' needs with professionalism. However, there can be a variety of reasons why your calls haven't been returned yet. It's possible that the social worker is away, overwhelmed with other clients, or has some other valid reasons. It could also be that the social worker feels it might be more beneficial for you to see a different therapist this time around. You might consider reaching out to other mental health professionals for help. Remember, your mental health is a priority and it's important to find a counselor who is responsive and supportive to your needs.",questionID_885,Is it ethical for a social worker to ignore a client’s phone calls?,"I terminated my counseling relationship with a social worker several years ago. I am now realizing that I would like to begin counseling again. The social worker’s voicemail message says that he returns calls in 24 hours, but he hasn't called me back. I called him on the weekend and made it clear that I want him to call me back. Can he just ignore me?",legal-regulatory,gpt4,2715,0.087196110767692,0
353,6,"Remember, your mental health is a priority and it's important to find a counselor who is responsive and supportive to your needs.",629,758,0,0,0,5,"I'm sorry to hear about your distress. While I cannot speak directly to your situation, it's important to understand that ethical guidelines for social workers often include responding to clients' needs with professionalism. However, there can be a variety of reasons why your calls haven't been returned yet. It's possible that the social worker is away, overwhelmed with other clients, or has some other valid reasons. It could also be that the social worker feels it might be more beneficial for you to see a different therapist this time around. You might consider reaching out to other mental health professionals for help. Remember, your mental health is a priority and it's important to find a counselor who is responsive and supportive to your needs.",questionID_885,Is it ethical for a social worker to ignore a client’s phone calls?,"I terminated my counseling relationship with a social worker several years ago. I am now realizing that I would like to begin counseling again. The social worker’s voicemail message says that he returns calls in 24 hours, but he hasn't called me back. I called him on the weekend and made it clear that I want him to call me back. Can he just ignore me?",legal-regulatory,gpt4,2716,0.06124492293543704,0
356,0,Mental health providers should promptly return calls from current clients as well as from potential clients.,0,108,0,0,0,5,"Mental health providers should promptly return calls from current clients as well as from potential clients.  This is even true if the social worker (or counselor) is unable to make an appointment with the caller.  In that case the social worker should call you back to let you know that he is unable to schedule an appointment with you.In addition, mental health providers have an obligation to follow through with their own communication standards.  For example, if the social worker in this case has an outgoing voicemail message that promises returned calls within 24 hours, he has an obligation to follow through on that promise.All that being said, it is also worth remembering that mental health professionals are just people too. It is possible that he had an unforeseen emergency that kept him from from returning your call promptly.In the end, I agree with Sherry's advice. If you feel this social worker is not a good fit for you, you probably should trust your gut and find someone else who is a better fit.",questionID_885,Is it ethical for a social worker to ignore a client’s phone calls?,"I terminated my counseling relationship with a social worker several years ago. I am now realizing that I would like to begin counseling again. The social worker’s voicemail message says that he returns calls in 24 hours, but he hasn't called me back. I called him on the weekend and made it clear that I want him to call me back. Can he just ignore me?",legal-regulatory,human,2729,0.12151105070805275,0
356,1,This is even true if the social worker (or counselor) is unable to make an appointment with the caller.,110,213,0,0,0,5,"Mental health providers should promptly return calls from current clients as well as from potential clients.  This is even true if the social worker (or counselor) is unable to make an appointment with the caller.  In that case the social worker should call you back to let you know that he is unable to schedule an appointment with you.In addition, mental health providers have an obligation to follow through with their own communication standards.  For example, if the social worker in this case has an outgoing voicemail message that promises returned calls within 24 hours, he has an obligation to follow through on that promise.All that being said, it is also worth remembering that mental health professionals are just people too. It is possible that he had an unforeseen emergency that kept him from from returning your call promptly.In the end, I agree with Sherry's advice. If you feel this social worker is not a good fit for you, you probably should trust your gut and find someone else who is a better fit.",questionID_885,Is it ethical for a social worker to ignore a client’s phone calls?,"I terminated my counseling relationship with a social worker several years ago. I am now realizing that I would like to begin counseling again. The social worker’s voicemail message says that he returns calls in 24 hours, but he hasn't called me back. I called him on the weekend and made it clear that I want him to call me back. Can he just ignore me?",legal-regulatory,human,2730,0.3408305571823962,1
356,2,In that case the social worker should call you back to let you know that he is unable to schedule an appointment with you.,215,337,0,0,0,5,"Mental health providers should promptly return calls from current clients as well as from potential clients.  This is even true if the social worker (or counselor) is unable to make an appointment with the caller.  In that case the social worker should call you back to let you know that he is unable to schedule an appointment with you.In addition, mental health providers have an obligation to follow through with their own communication standards.  For example, if the social worker in this case has an outgoing voicemail message that promises returned calls within 24 hours, he has an obligation to follow through on that promise.All that being said, it is also worth remembering that mental health professionals are just people too. It is possible that he had an unforeseen emergency that kept him from from returning your call promptly.In the end, I agree with Sherry's advice. If you feel this social worker is not a good fit for you, you probably should trust your gut and find someone else who is a better fit.",questionID_885,Is it ethical for a social worker to ignore a client’s phone calls?,"I terminated my counseling relationship with a social worker several years ago. I am now realizing that I would like to begin counseling again. The social worker’s voicemail message says that he returns calls in 24 hours, but he hasn't called me back. I called him on the weekend and made it clear that I want him to call me back. Can he just ignore me?",legal-regulatory,human,2731,0.43267132690620985,1
356,3,"In addition, mental health providers have an obligation to follow through with their own communication standards.",337,450,0,0,0,5,"Mental health providers should promptly return calls from current clients as well as from potential clients.  This is even true if the social worker (or counselor) is unable to make an appointment with the caller.  In that case the social worker should call you back to let you know that he is unable to schedule an appointment with you.In addition, mental health providers have an obligation to follow through with their own communication standards.  For example, if the social worker in this case has an outgoing voicemail message that promises returned calls within 24 hours, he has an obligation to follow through on that promise.All that being said, it is also worth remembering that mental health professionals are just people too. It is possible that he had an unforeseen emergency that kept him from from returning your call promptly.In the end, I agree with Sherry's advice. If you feel this social worker is not a good fit for you, you probably should trust your gut and find someone else who is a better fit.",questionID_885,Is it ethical for a social worker to ignore a client’s phone calls?,"I terminated my counseling relationship with a social worker several years ago. I am now realizing that I would like to begin counseling again. The social worker’s voicemail message says that he returns calls in 24 hours, but he hasn't called me back. I called him on the weekend and made it clear that I want him to call me back. Can he just ignore me?",legal-regulatory,human,2732,0.13229100785683948,0
356,4,"For example, if the social worker in this case has an outgoing voicemail message that promises returned calls within 24 hours, he has an obligation to follow through on that promise.",452,634,0,0,0,5,"Mental health providers should promptly return calls from current clients as well as from potential clients.  This is even true if the social worker (or counselor) is unable to make an appointment with the caller.  In that case the social worker should call you back to let you know that he is unable to schedule an appointment with you.In addition, mental health providers have an obligation to follow through with their own communication standards.  For example, if the social worker in this case has an outgoing voicemail message that promises returned calls within 24 hours, he has an obligation to follow through on that promise.All that being said, it is also worth remembering that mental health professionals are just people too. It is possible that he had an unforeseen emergency that kept him from from returning your call promptly.In the end, I agree with Sherry's advice. If you feel this social worker is not a good fit for you, you probably should trust your gut and find someone else who is a better fit.",questionID_885,Is it ethical for a social worker to ignore a client’s phone calls?,"I terminated my counseling relationship with a social worker several years ago. I am now realizing that I would like to begin counseling again. The social worker’s voicemail message says that he returns calls in 24 hours, but he hasn't called me back. I called him on the weekend and made it clear that I want him to call me back. Can he just ignore me?",legal-regulatory,human,2733,0.30107582920681825,1
356,5,"All that being said, it is also worth remembering that mental health professionals are just people too.",634,737,1,1,1,5,"Mental health providers should promptly return calls from current clients as well as from potential clients.  This is even true if the social worker (or counselor) is unable to make an appointment with the caller.  In that case the social worker should call you back to let you know that he is unable to schedule an appointment with you.In addition, mental health providers have an obligation to follow through with their own communication standards.  For example, if the social worker in this case has an outgoing voicemail message that promises returned calls within 24 hours, he has an obligation to follow through on that promise.All that being said, it is also worth remembering that mental health professionals are just people too. It is possible that he had an unforeseen emergency that kept him from from returning your call promptly.In the end, I agree with Sherry's advice. If you feel this social worker is not a good fit for you, you probably should trust your gut and find someone else who is a better fit.",questionID_885,Is it ethical for a social worker to ignore a client’s phone calls?,"I terminated my counseling relationship with a social worker several years ago. I am now realizing that I would like to begin counseling again. The social worker’s voicemail message says that he returns calls in 24 hours, but he hasn't called me back. I called him on the weekend and made it clear that I want him to call me back. Can he just ignore me?",legal-regulatory,human,2734,0.15770690017354508,1
356,6,It is possible that he had an unforeseen emergency that kept him from from returning your call promptly.,738,842,0,0,0,5,"Mental health providers should promptly return calls from current clients as well as from potential clients.  This is even true if the social worker (or counselor) is unable to make an appointment with the caller.  In that case the social worker should call you back to let you know that he is unable to schedule an appointment with you.In addition, mental health providers have an obligation to follow through with their own communication standards.  For example, if the social worker in this case has an outgoing voicemail message that promises returned calls within 24 hours, he has an obligation to follow through on that promise.All that being said, it is also worth remembering that mental health professionals are just people too. It is possible that he had an unforeseen emergency that kept him from from returning your call promptly.In the end, I agree with Sherry's advice. If you feel this social worker is not a good fit for you, you probably should trust your gut and find someone else who is a better fit.",questionID_885,Is it ethical for a social worker to ignore a client’s phone calls?,"I terminated my counseling relationship with a social worker several years ago. I am now realizing that I would like to begin counseling again. The social worker’s voicemail message says that he returns calls in 24 hours, but he hasn't called me back. I called him on the weekend and made it clear that I want him to call me back. Can he just ignore me?",legal-regulatory,human,2735,0.24169052735231464,1
356,7,"In the end, I agree with Sherry's advice.",842,883,0,0,0,5,"Mental health providers should promptly return calls from current clients as well as from potential clients.  This is even true if the social worker (or counselor) is unable to make an appointment with the caller.  In that case the social worker should call you back to let you know that he is unable to schedule an appointment with you.In addition, mental health providers have an obligation to follow through with their own communication standards.  For example, if the social worker in this case has an outgoing voicemail message that promises returned calls within 24 hours, he has an obligation to follow through on that promise.All that being said, it is also worth remembering that mental health professionals are just people too. It is possible that he had an unforeseen emergency that kept him from from returning your call promptly.In the end, I agree with Sherry's advice. If you feel this social worker is not a good fit for you, you probably should trust your gut and find someone else who is a better fit.",questionID_885,Is it ethical for a social worker to ignore a client’s phone calls?,"I terminated my counseling relationship with a social worker several years ago. I am now realizing that I would like to begin counseling again. The social worker’s voicemail message says that he returns calls in 24 hours, but he hasn't called me back. I called him on the weekend and made it clear that I want him to call me back. Can he just ignore me?",legal-regulatory,human,2736,0.2770827156525464,1
356,8,"If you feel this social worker is not a good fit for you, you probably should trust your gut and find someone else who is a better fit.",884,1019,1,1,1,5,"Mental health providers should promptly return calls from current clients as well as from potential clients.  This is even true if the social worker (or counselor) is unable to make an appointment with the caller.  In that case the social worker should call you back to let you know that he is unable to schedule an appointment with you.In addition, mental health providers have an obligation to follow through with their own communication standards.  For example, if the social worker in this case has an outgoing voicemail message that promises returned calls within 24 hours, he has an obligation to follow through on that promise.All that being said, it is also worth remembering that mental health professionals are just people too. It is possible that he had an unforeseen emergency that kept him from from returning your call promptly.In the end, I agree with Sherry's advice. If you feel this social worker is not a good fit for you, you probably should trust your gut and find someone else who is a better fit.",questionID_885,Is it ethical for a social worker to ignore a client’s phone calls?,"I terminated my counseling relationship with a social worker several years ago. I am now realizing that I would like to begin counseling again. The social worker’s voicemail message says that he returns calls in 24 hours, but he hasn't called me back. I called him on the weekend and made it clear that I want him to call me back. Can he just ignore me?",legal-regulatory,human,2737,0.6147599176324143,1
360,0,"I see a few issues here:First, the age of the child is important.",0,65,0,0,0,5,"I see a few issues here:First, the age of the child is important.  If the child is considered an
""adult"" by state law with regard to counseling (states differ on this
- the range is typically between age 13 and age 18), no one is allowed to
be in the session without the child's consent.Second, ethical and legal standards generally require that a
counselor be in the role of a therapist, or in the role of an evaluator, but
not both.  This means that a counselor
should not generally provide both counseling and offer an opinion regarding who should
have custody of a child.Third, knowing the details of any parenting plan or
separation agreement is important. 
Generally, either parent can consent to counseling for a minor child and
can be present during the child’s sessions. 
If a court order, parenting plan, or separation agreement specifies that
one of the parents has sole decision making authority, then only that parent can
consent to counseling for the minor child and only that parent can be present during the child’s
sessions.In a situation like this I would strongly recommend seeking
out legal advice specific to your state law.",questionID_261,"If parents are divorced, is it acceptable for a counselor to allow an ex-spouse to be present during a child’s session?","Can a counselor take sides with one parent and allow a parent to order the child to tell the counselor ""every detail"" about what happened during the other parent’s visitation in order to help build a case for child custody?",parenting,human,2755,0.2949139636452514,1
360,1,"If the child is considered an
""adult"" by state law with regard to counseling (states differ on this
- the range is typically between age 13 and age 18), no one is allowed to
be in the session without the child's consent.",67,287,0,0,0,5,"I see a few issues here:First, the age of the child is important.  If the child is considered an
""adult"" by state law with regard to counseling (states differ on this
- the range is typically between age 13 and age 18), no one is allowed to
be in the session without the child's consent.Second, ethical and legal standards generally require that a
counselor be in the role of a therapist, or in the role of an evaluator, but
not both.  This means that a counselor
should not generally provide both counseling and offer an opinion regarding who should
have custody of a child.Third, knowing the details of any parenting plan or
separation agreement is important. 
Generally, either parent can consent to counseling for a minor child and
can be present during the child’s sessions. 
If a court order, parenting plan, or separation agreement specifies that
one of the parents has sole decision making authority, then only that parent can
consent to counseling for the minor child and only that parent can be present during the child’s
sessions.In a situation like this I would strongly recommend seeking
out legal advice specific to your state law.",questionID_261,"If parents are divorced, is it acceptable for a counselor to allow an ex-spouse to be present during a child’s session?","Can a counselor take sides with one parent and allow a parent to order the child to tell the counselor ""every detail"" about what happened during the other parent’s visitation in order to help build a case for child custody?",parenting,human,2756,0.3623304141443536,1
360,2,"Second, ethical and legal standards generally require that a
counselor be in the role of a therapist, or in the role of an evaluator, but
not both.",287,434,0,0,0,5,"I see a few issues here:First, the age of the child is important.  If the child is considered an
""adult"" by state law with regard to counseling (states differ on this
- the range is typically between age 13 and age 18), no one is allowed to
be in the session without the child's consent.Second, ethical and legal standards generally require that a
counselor be in the role of a therapist, or in the role of an evaluator, but
not both.  This means that a counselor
should not generally provide both counseling and offer an opinion regarding who should
have custody of a child.Third, knowing the details of any parenting plan or
separation agreement is important. 
Generally, either parent can consent to counseling for a minor child and
can be present during the child’s sessions. 
If a court order, parenting plan, or separation agreement specifies that
one of the parents has sole decision making authority, then only that parent can
consent to counseling for the minor child and only that parent can be present during the child’s
sessions.In a situation like this I would strongly recommend seeking
out legal advice specific to your state law.",questionID_261,"If parents are divorced, is it acceptable for a counselor to allow an ex-spouse to be present during a child’s session?","Can a counselor take sides with one parent and allow a parent to order the child to tell the counselor ""every detail"" about what happened during the other parent’s visitation in order to help build a case for child custody?",parenting,human,2757,0.21793114129461214,1
360,3,"This means that a counselor
should not generally provide both counseling and offer an opinion regarding who should
have custody of a child.",436,575,0,0,0,5,"I see a few issues here:First, the age of the child is important.  If the child is considered an
""adult"" by state law with regard to counseling (states differ on this
- the range is typically between age 13 and age 18), no one is allowed to
be in the session without the child's consent.Second, ethical and legal standards generally require that a
counselor be in the role of a therapist, or in the role of an evaluator, but
not both.  This means that a counselor
should not generally provide both counseling and offer an opinion regarding who should
have custody of a child.Third, knowing the details of any parenting plan or
separation agreement is important. 
Generally, either parent can consent to counseling for a minor child and
can be present during the child’s sessions. 
If a court order, parenting plan, or separation agreement specifies that
one of the parents has sole decision making authority, then only that parent can
consent to counseling for the minor child and only that parent can be present during the child’s
sessions.In a situation like this I would strongly recommend seeking
out legal advice specific to your state law.",questionID_261,"If parents are divorced, is it acceptable for a counselor to allow an ex-spouse to be present during a child’s session?","Can a counselor take sides with one parent and allow a parent to order the child to tell the counselor ""every detail"" about what happened during the other parent’s visitation in order to help build a case for child custody?",parenting,human,2758,0.2634894088748492,1
360,4,"Third, knowing the details of any parenting plan or
separation agreement is important.",575,661,0,0,0,5,"I see a few issues here:First, the age of the child is important.  If the child is considered an
""adult"" by state law with regard to counseling (states differ on this
- the range is typically between age 13 and age 18), no one is allowed to
be in the session without the child's consent.Second, ethical and legal standards generally require that a
counselor be in the role of a therapist, or in the role of an evaluator, but
not both.  This means that a counselor
should not generally provide both counseling and offer an opinion regarding who should
have custody of a child.Third, knowing the details of any parenting plan or
separation agreement is important. 
Generally, either parent can consent to counseling for a minor child and
can be present during the child’s sessions. 
If a court order, parenting plan, or separation agreement specifies that
one of the parents has sole decision making authority, then only that parent can
consent to counseling for the minor child and only that parent can be present during the child’s
sessions.In a situation like this I would strongly recommend seeking
out legal advice specific to your state law.",questionID_261,"If parents are divorced, is it acceptable for a counselor to allow an ex-spouse to be present during a child’s session?","Can a counselor take sides with one parent and allow a parent to order the child to tell the counselor ""every detail"" about what happened during the other parent’s visitation in order to help build a case for child custody?",parenting,human,2759,0.20900641514189436,1
360,5,"Generally, either parent can consent to counseling for a minor child and
can be present during the child’s sessions.",663,779,0,0,0,5,"I see a few issues here:First, the age of the child is important.  If the child is considered an
""adult"" by state law with regard to counseling (states differ on this
- the range is typically between age 13 and age 18), no one is allowed to
be in the session without the child's consent.Second, ethical and legal standards generally require that a
counselor be in the role of a therapist, or in the role of an evaluator, but
not both.  This means that a counselor
should not generally provide both counseling and offer an opinion regarding who should
have custody of a child.Third, knowing the details of any parenting plan or
separation agreement is important. 
Generally, either parent can consent to counseling for a minor child and
can be present during the child’s sessions. 
If a court order, parenting plan, or separation agreement specifies that
one of the parents has sole decision making authority, then only that parent can
consent to counseling for the minor child and only that parent can be present during the child’s
sessions.In a situation like this I would strongly recommend seeking
out legal advice specific to your state law.",questionID_261,"If parents are divorced, is it acceptable for a counselor to allow an ex-spouse to be present during a child’s session?","Can a counselor take sides with one parent and allow a parent to order the child to tell the counselor ""every detail"" about what happened during the other parent’s visitation in order to help build a case for child custody?",parenting,human,2760,0.18888390666190533,1
360,6,"If a court order, parenting plan, or separation agreement specifies that
one of the parents has sole decision making authority, then only that parent can
consent to counseling for the minor child and only that parent can be present during the child’s
sessions.",781,1041,0,0,0,5,"I see a few issues here:First, the age of the child is important.  If the child is considered an
""adult"" by state law with regard to counseling (states differ on this
- the range is typically between age 13 and age 18), no one is allowed to
be in the session without the child's consent.Second, ethical and legal standards generally require that a
counselor be in the role of a therapist, or in the role of an evaluator, but
not both.  This means that a counselor
should not generally provide both counseling and offer an opinion regarding who should
have custody of a child.Third, knowing the details of any parenting plan or
separation agreement is important. 
Generally, either parent can consent to counseling for a minor child and
can be present during the child’s sessions. 
If a court order, parenting plan, or separation agreement specifies that
one of the parents has sole decision making authority, then only that parent can
consent to counseling for the minor child and only that parent can be present during the child’s
sessions.In a situation like this I would strongly recommend seeking
out legal advice specific to your state law.",questionID_261,"If parents are divorced, is it acceptable for a counselor to allow an ex-spouse to be present during a child’s session?","Can a counselor take sides with one parent and allow a parent to order the child to tell the counselor ""every detail"" about what happened during the other parent’s visitation in order to help build a case for child custody?",parenting,human,2761,0.25415048284723896,1
360,7,"In a situation like this I would strongly recommend seeking
out legal advice specific to your state law.",1041,1145,0,0,0,5,"I see a few issues here:First, the age of the child is important.  If the child is considered an
""adult"" by state law with regard to counseling (states differ on this
- the range is typically between age 13 and age 18), no one is allowed to
be in the session without the child's consent.Second, ethical and legal standards generally require that a
counselor be in the role of a therapist, or in the role of an evaluator, but
not both.  This means that a counselor
should not generally provide both counseling and offer an opinion regarding who should
have custody of a child.Third, knowing the details of any parenting plan or
separation agreement is important. 
Generally, either parent can consent to counseling for a minor child and
can be present during the child’s sessions. 
If a court order, parenting plan, or separation agreement specifies that
one of the parents has sole decision making authority, then only that parent can
consent to counseling for the minor child and only that parent can be present during the child’s
sessions.In a situation like this I would strongly recommend seeking
out legal advice specific to your state law.",questionID_261,"If parents are divorced, is it acceptable for a counselor to allow an ex-spouse to be present during a child’s session?","Can a counselor take sides with one parent and allow a parent to order the child to tell the counselor ""every detail"" about what happened during the other parent’s visitation in order to help build a case for child custody?",parenting,human,2762,0.1568241043759735,1
368,0,"Then one day when life between you and mom feels calm, tell your mom that you aren't able to listen to her complaints about your sister.",0,136,1,1,1,5,"Then one day when life between you and mom feels calm, tell your mom that you aren't able to listen to her complaints about your sister.The truth exists whether or not it is acknowledged.   Bu acknowledging what feels real and necessary in your life, you are helping your mom see what she may not like to see and what nevertheless is right in front of her.There is no good reason or good to come of hiding your own truth about not wishing to continue listening to your mom complain.",questionID_630,How can I avoid family members who stress me out?,"My mother takes care of niece whom my sister abandoned. She calls me every day complaining, but I don't want to hear it anymore.",family-conflict,human,2826,0.27189194095578123,1
368,1,The truth exists whether or not it is acknowledged.,136,187,1,1,1,5,"Then one day when life between you and mom feels calm, tell your mom that you aren't able to listen to her complaints about your sister.The truth exists whether or not it is acknowledged.   Bu acknowledging what feels real and necessary in your life, you are helping your mom see what she may not like to see and what nevertheless is right in front of her.There is no good reason or good to come of hiding your own truth about not wishing to continue listening to your mom complain.",questionID_630,How can I avoid family members who stress me out?,"My mother takes care of niece whom my sister abandoned. She calls me every day complaining, but I don't want to hear it anymore.",family-conflict,human,2827,0.39741915493006436,1
368,2,"Bu acknowledging what feels real and necessary in your life, you are helping your mom see what she may not like to see and what nevertheless is right in front of her.",190,356,1,1,1,5,"Then one day when life between you and mom feels calm, tell your mom that you aren't able to listen to her complaints about your sister.The truth exists whether or not it is acknowledged.   Bu acknowledging what feels real and necessary in your life, you are helping your mom see what she may not like to see and what nevertheless is right in front of her.There is no good reason or good to come of hiding your own truth about not wishing to continue listening to your mom complain.",questionID_630,How can I avoid family members who stress me out?,"My mother takes care of niece whom my sister abandoned. She calls me every day complaining, but I don't want to hear it anymore.",family-conflict,human,2828,0.29096778364821213,1
368,3,There is no good reason or good to come of hiding your own truth about not wishing to continue listening to your mom complain.,356,482,1,2,2,5,"Then one day when life between you and mom feels calm, tell your mom that you aren't able to listen to her complaints about your sister.The truth exists whether or not it is acknowledged.   Bu acknowledging what feels real and necessary in your life, you are helping your mom see what she may not like to see and what nevertheless is right in front of her.There is no good reason or good to come of hiding your own truth about not wishing to continue listening to your mom complain.",questionID_630,How can I avoid family members who stress me out?,"My mother takes care of niece whom my sister abandoned. She calls me every day complaining, but I don't want to hear it anymore.",family-conflict,human,2829,0.49791395678075245,1
370,0,It sounds like you're experiencing significant emotional distress and exhibiting some concerning behaviors.,0,107,0,0,0,5,It sounds like you're experiencing significant emotional distress and exhibiting some concerning behaviors. I strongly recommend seeking professional help from a therapist or counselor in your area who can provide a proper assessment and develop a personalized treatment plan. You can also contact a crisis hotline or mental health organization if you need immediate support.,questionID_872,I've been having breakdowns for no reason at all,"I start to think of an issue that doesn't even matter or something bad that happened years ago. Then, I cry, pull at my hair, plug my ears, hit myself, and throw things. In loud public places, I get on edge and start being sarcastic and moody. I have an awful fear of people leaving me (which normally ends up happening) and I feel like I'm too clingy.",behavioral-change,gemini,2840,0.10031610401367569,0
370,1,I strongly recommend seeking professional help from a therapist or counselor in your area who can provide a proper assessment and develop a personalized treatment plan.,108,276,0,0,0,5,It sounds like you're experiencing significant emotional distress and exhibiting some concerning behaviors. I strongly recommend seeking professional help from a therapist or counselor in your area who can provide a proper assessment and develop a personalized treatment plan. You can also contact a crisis hotline or mental health organization if you need immediate support.,questionID_872,I've been having breakdowns for no reason at all,"I start to think of an issue that doesn't even matter or something bad that happened years ago. Then, I cry, pull at my hair, plug my ears, hit myself, and throw things. In loud public places, I get on edge and start being sarcastic and moody. I have an awful fear of people leaving me (which normally ends up happening) and I feel like I'm too clingy.",behavioral-change,gemini,2841,0.06253015535794333,0
370,2,You can also contact a crisis hotline or mental health organization if you need immediate support.,277,375,0,0,0,5,It sounds like you're experiencing significant emotional distress and exhibiting some concerning behaviors. I strongly recommend seeking professional help from a therapist or counselor in your area who can provide a proper assessment and develop a personalized treatment plan. You can also contact a crisis hotline or mental health organization if you need immediate support.,questionID_872,I've been having breakdowns for no reason at all,"I start to think of an issue that doesn't even matter or something bad that happened years ago. Then, I cry, pull at my hair, plug my ears, hit myself, and throw things. In loud public places, I get on edge and start being sarcastic and moody. I have an awful fear of people leaving me (which normally ends up happening) and I feel like I'm too clingy.",behavioral-change,gemini,2842,0.09288886137114864,0
371,0,There is a reason you are having breakdowns.,0,44,1,4,4,5,"There is a reason you are having breakdowns. I can't agree that they happen for ""no reason at all"".   Finding out the reason is going to be your biggest challenge because that may require you to dig deep into your past, uncover hurtful experiences, or recognize something that would be extremely pain.  However, if you don't find professional help to carefully guide you through whatever you may confront, the symptoms mentioned will continue and may even get worse.  There is a light at the end of the road but you need some help to find the right road to get on so you can see it.",questionID_872,I've been having breakdowns for no reason at all,"I start to think of an issue that doesn't even matter or something bad that happened years ago. Then, I cry, pull at my hair, plug my ears, hit myself, and throw things. In loud public places, I get on edge and start being sarcastic and moody. I have an awful fear of people leaving me (which normally ends up happening) and I feel like I'm too clingy.",behavioral-change,human,2843,0.44377127523255466,1
371,1,"I can't agree that they happen for ""no reason at all"".",45,99,1,4,4,5,"There is a reason you are having breakdowns. I can't agree that they happen for ""no reason at all"".   Finding out the reason is going to be your biggest challenge because that may require you to dig deep into your past, uncover hurtful experiences, or recognize something that would be extremely pain.  However, if you don't find professional help to carefully guide you through whatever you may confront, the symptoms mentioned will continue and may even get worse.  There is a light at the end of the road but you need some help to find the right road to get on so you can see it.",questionID_872,I've been having breakdowns for no reason at all,"I start to think of an issue that doesn't even matter or something bad that happened years ago. Then, I cry, pull at my hair, plug my ears, hit myself, and throw things. In loud public places, I get on edge and start being sarcastic and moody. I have an awful fear of people leaving me (which normally ends up happening) and I feel like I'm too clingy.",behavioral-change,human,2844,0.3785206936937369,1
371,2,"Finding out the reason is going to be your biggest challenge because that may require you to dig deep into your past, uncover hurtful experiences, or recognize something that would be extremely pain.",102,301,1,4,4,5,"There is a reason you are having breakdowns. I can't agree that they happen for ""no reason at all"".   Finding out the reason is going to be your biggest challenge because that may require you to dig deep into your past, uncover hurtful experiences, or recognize something that would be extremely pain.  However, if you don't find professional help to carefully guide you through whatever you may confront, the symptoms mentioned will continue and may even get worse.  There is a light at the end of the road but you need some help to find the right road to get on so you can see it.",questionID_872,I've been having breakdowns for no reason at all,"I start to think of an issue that doesn't even matter or something bad that happened years ago. Then, I cry, pull at my hair, plug my ears, hit myself, and throw things. In loud public places, I get on edge and start being sarcastic and moody. I have an awful fear of people leaving me (which normally ends up happening) and I feel like I'm too clingy.",behavioral-change,human,2845,0.3466978401959224,1
371,3,"However, if you don't find professional help to carefully guide you through whatever you may confront, the symptoms mentioned will continue and may even get worse.",303,466,1,4,4,5,"There is a reason you are having breakdowns. I can't agree that they happen for ""no reason at all"".   Finding out the reason is going to be your biggest challenge because that may require you to dig deep into your past, uncover hurtful experiences, or recognize something that would be extremely pain.  However, if you don't find professional help to carefully guide you through whatever you may confront, the symptoms mentioned will continue and may even get worse.  There is a light at the end of the road but you need some help to find the right road to get on so you can see it.",questionID_872,I've been having breakdowns for no reason at all,"I start to think of an issue that doesn't even matter or something bad that happened years ago. Then, I cry, pull at my hair, plug my ears, hit myself, and throw things. In loud public places, I get on edge and start being sarcastic and moody. I have an awful fear of people leaving me (which normally ends up happening) and I feel like I'm too clingy.",behavioral-change,human,2846,0.30679507222071356,1
371,4,There is a light at the end of the road but you need some help to find the right road to get on so you can see it.,468,582,1,1,1,5,"There is a reason you are having breakdowns. I can't agree that they happen for ""no reason at all"".   Finding out the reason is going to be your biggest challenge because that may require you to dig deep into your past, uncover hurtful experiences, or recognize something that would be extremely pain.  However, if you don't find professional help to carefully guide you through whatever you may confront, the symptoms mentioned will continue and may even get worse.  There is a light at the end of the road but you need some help to find the right road to get on so you can see it.",questionID_872,I've been having breakdowns for no reason at all,"I start to think of an issue that doesn't even matter or something bad that happened years ago. Then, I cry, pull at my hair, plug my ears, hit myself, and throw things. In loud public places, I get on edge and start being sarcastic and moody. I have an awful fear of people leaving me (which normally ends up happening) and I feel like I'm too clingy.",behavioral-change,human,2847,0.4574902230853664,1
